charger_id,station_id,city_id,business_date,attempts_on_day,started_on_day,tech_fails_on_day,fail_flag,users_on_day
CH-BJ-01-1,ST-BJ-01,BJ,2025-12-01,6,6,0,0,6
CH-BJ-01-2,ST-BJ-01,BJ,2025-12-01,10,10,0,0,10
CH-BJ-01-3,ST-BJ-01,BJ,2025-12-01,4,4,0,0,4
CH-BJ-02-1,ST-BJ-02,BJ,2025-12-01,9,9,0,0,9
CH-BJ-02-2,ST-BJ-02,BJ,2025-12-01,14,14,0,0,14
CH-BJ-02-3,ST-BJ-02,BJ,2025-12-01,3,2,1,1,3
CH-BJ-03-1,ST-BJ-03,BJ,2025-12-01,7,5,2,1,7
CH-BJ-03-2,ST-BJ-03,BJ,2025-12-01,2,2,0,0,2
CH-BJ-03-3,ST-BJ-03,BJ,2025-12-01,3,3,0,0,3
CH-BJ-04-1,ST-BJ-04,BJ,2025-12-01,17,15,2,1,17
CH-BJ-04-2,ST-BJ-04,BJ,2025-12-01,24,23,1,1,24
CH-BJ-04-3,ST-BJ-04,BJ,2025-12-01,5,5,0,0,5
CH-BJ-05-1,ST-BJ-05,BJ,2025-12-01,5,5,0,0,5
CH-BJ-05-2,ST-BJ-05,BJ,2025-12-01,14,14,0,0,14
CH-BJ-05-3,ST-BJ-05,BJ,2025-12-01,3,3,0,0,3
CH-DL-01-1,ST-DL-01,DL,2025-12-01,5,5,0,0,5
CH-DL-01-2,ST-DL-01,DL,2025-12-01,9,9,0,0,9
CH-DL-01-3,ST-DL-01,DL,2025-12-01,5,5,0,0,5
CH-DL-02-1,ST-DL-02,DL,2025-12-01,8,8,0,0,8
CH-DL-02-2,ST-DL-02,DL,2025-12-01,11,11,0,0,11
CH-DL-02-3,ST-DL-02,DL,2025-12-01,4,4,0,0,4
CH-DL-03-1,ST-DL-03,DL,2025-12-01,5,5,0,0,5
CH-DL-03-2,ST-DL-03,DL,2025-12-01,1,1,0,0,1
CH-DL-03-3,ST-DL-03,DL,2025-12-01,2,2,0,0,2
CH-DL-04-1,ST-DL-04,DL,2025-12-01,15,14,1,1,15
CH-DL-04-2,ST-DL-04,DL,2025-12-01,18,18,0,0,18
CH-DL-04-3,ST-DL-04,DL,2025-12-01,5,5,0,0,5
CH-DL-05-1,ST-DL-05,DL,2025-12-01,6,6,0,0,6
CH-DL-05-2,ST-DL-05,DL,2025-12-01,8,7,1,1,8
CH-DL-05-3,ST-DL-05,DL,2025-12-01,5,5,0,0,5
CH-SH-01-1,ST-SH-01,SH,2025-12-01,8,8,0,0,8
CH-SH-01-2,ST-SH-01,SH,2025-12-01,15,15,0,0,15
CH-SH-01-3,ST-SH-01,SH,2025-12-01,3,3,0,0,3
CH-SH-02-1,ST-SH-02,SH,2025-12-01,12,12,0,0,12
CH-SH-02-2,ST-SH-02,SH,2025-12-01,15,15,0,0,15
CH-SH-02-3,ST-SH-02,SH,2025-12-01,5,5,0,0,5
CH-SH-03-1,ST-SH-03,SH,2025-12-01,6,5,1,1,6
CH-SH-03-2,ST-SH-03,SH,2025-12-01,4,4,0,0,4
CH-SH-03-3,ST-SH-03,SH,2025-12-01,4,4,0,0,4
CH-SH-04-1,ST-SH-04,SH,2025-12-01,14,14,0,0,14
CH-SH-04-2,ST-SH-04,SH,2025-12-01,23,23,0,0,21
CH-SH-04-3,ST-SH-04,SH,2025-12-01,7,6,1,1,7
CH-SH-05-1,ST-SH-05,SH,2025-12-01,6,6,0,0,6
CH-SH-05-2,ST-SH-05,SH,2025-12-01,11,11,0,0,11
CH-SH-05-3,ST-SH-05,SH,2025-12-01,3,3,0,0,3
CH-SY-01-1,ST-SY-01,SY,2025-12-01,7,7,0,0,7
CH-SY-01-2,ST-SY-01,SY,2025-12-01,6,6,0,0,6
CH-SY-01-3,ST-SY-01,SY,2025-12-01,5,5,0,0,5
CH-SY-02-1,ST-SY-02,SY,2025-12-01,8,8,0,0,8
CH-SY-02-2,ST-SY-02,SY,2025-12-01,16,15,1,1,16
CH-SY-02-3,ST-SY-02,SY,2025-12-01,5,5,0,0,5
CH-SY-03-1,ST-SY-03,SY,2025-12-01,2,2,0,0,2
CH-SY-03-2,ST-SY-03,SY,2025-12-01,1,1,0,0,1
CH-SY-03-3,ST-SY-03,SY,2025-12-01,1,1,0,0,1
CH-SY-04-1,ST-SY-04,SY,2025-12-01,21,19,2,1,21
CH-SY-04-2,ST-SY-04,SY,2025-12-01,20,19,1,1,20
CH-SY-04-3,ST-SY-04,SY,2025-12-01,6,6,0,0,5
CH-SY-05-1,ST-SY-05,SY,2025-12-01,7,7,0,0,7
CH-SY-05-2,ST-SY-05,SY,2025-12-01,12,12,0,0,12
CH-SY-05-3,ST-SY-05,SY,2025-12-01,3,3,0,0,3
CH-SZ-01-1,ST-SZ-01,SZ,2025-12-01,13,12,1,1,13
CH-SZ-01-2,ST-SZ-01,SZ,2025-12-01,12,12,0,0,12
CH-SZ-01-3,ST-SZ-01,SZ,2025-12-01,7,7,0,0,7
CH-SZ-02-1,ST-SZ-02,SZ,2025-12-01,8,8,0,0,8
CH-SZ-02-2,ST-SZ-02,SZ,2025-12-01,20,20,0,0,20
CH-SZ-02-3,ST-SZ-02,SZ,2025-12-01,4,4,0,0,4
CH-SZ-03-1,ST-SZ-03,SZ,2025-12-01,11,10,1,1,11
CH-SZ-03-2,ST-SZ-03,SZ,2025-12-01,3,2,1,1,3
CH-SZ-03-3,ST-SZ-03,SZ,2025-12-01,3,3,0,0,3
CH-SZ-04-1,ST-SZ-04,SZ,2025-12-01,12,12,0,0,12
CH-SZ-04-2,ST-SZ-04,SZ,2025-12-01,20,20,0,0,19
CH-SZ-04-3,ST-SZ-04,SZ,2025-12-01,6,5,1,1,6
CH-SZ-05-1,ST-SZ-05,SZ,2025-12-01,8,8,0,0,8
CH-SZ-05-2,ST-SZ-05,SZ,2025-12-01,9,9,0,0,9
CH-SZ-05-3,ST-SZ-05,SZ,2025-12-01,4,4,0,0,4
CH-BJ-01-1,ST-BJ-01,BJ,2025-12-02,7,7,0,0,7
CH-BJ-01-2,ST-BJ-01,BJ,2025-12-02,11,11,0,0,11
CH-BJ-01-3,ST-BJ-01,BJ,2025-12-02,4,4,0,0,4
CH-BJ-02-1,ST-BJ-02,BJ,2025-12-02,8,7,1,1,8
CH-BJ-02-2,ST-BJ-02,BJ,2025-12-02,6,6,0,0,6
CH-BJ-02-3,ST-BJ-02,BJ,2025-12-02,5,5,0,0,5
CH-BJ-03-1,ST-BJ-03,BJ,2025-12-02,10,10,0,0,10
CH-BJ-03-2,ST-BJ-03,BJ,2025-12-02,3,3,0,0,3
CH-BJ-03-3,ST-BJ-03,BJ,2025-12-02,2,2,0,0,2
CH-BJ-04-1,ST-BJ-04,BJ,2025-12-02,16,16,0,0,16
CH-BJ-04-2,ST-BJ-04,BJ,2025-12-02,19,19,0,0,19
CH-BJ-04-3,ST-BJ-04,BJ,2025-12-02,5,5,0,0,5
CH-BJ-05-1,ST-BJ-05,BJ,2025-12-02,6,6,0,0,6
CH-BJ-05-2,ST-BJ-05,BJ,2025-12-02,8,8,0,0,8
CH-BJ-05-3,ST-BJ-05,BJ,2025-12-02,2,2,0,0,2
CH-DL-01-1,ST-DL-01,DL,2025-12-02,10,10,0,0,10
CH-DL-01-2,ST-DL-01,DL,2025-12-02,9,9,0,0,9
CH-DL-01-3,ST-DL-01,DL,2025-12-02,4,4,0,0,4
CH-DL-02-1,ST-DL-02,DL,2025-12-02,8,6,2,1,8
CH-DL-02-2,ST-DL-02,DL,2025-12-02,15,15,0,0,15
CH-DL-02-3,ST-DL-02,DL,2025-12-02,5,5,0,0,5
CH-DL-03-1,ST-DL-03,DL,2025-12-02,7,7,0,0,7
CH-DL-03-2,ST-DL-03,DL,2025-12-02,2,2,0,0,2
CH-DL-03-3,ST-DL-03,DL,2025-12-02,1,1,0,0,1
CH-DL-04-1,ST-DL-04,DL,2025-12-02,13,13,0,0,12
CH-DL-04-2,ST-DL-04,DL,2025-12-02,14,13,1,1,14
CH-DL-04-3,ST-DL-04,DL,2025-12-02,4,4,0,0,4
CH-DL-05-1,ST-DL-05,DL,2025-12-02,10,8,2,1,10
CH-DL-05-2,ST-DL-05,DL,2025-12-02,6,6,0,0,6
CH-DL-05-3,ST-DL-05,DL,2025-12-02,3,3,0,0,3
CH-SH-01-1,ST-SH-01,SH,2025-12-02,10,10,0,0,10
CH-SH-01-2,ST-SH-01,SH,2025-12-02,12,11,1,1,12
CH-SH-01-3,ST-SH-01,SH,2025-12-02,5,5,0,0,5
CH-SH-02-1,ST-SH-02,SH,2025-12-02,10,10,0,0,10
CH-SH-02-2,ST-SH-02,SH,2025-12-02,16,15,1,1,16
CH-SH-02-3,ST-SH-02,SH,2025-12-02,6,5,1,1,6
CH-SH-03-1,ST-SH-03,SH,2025-12-02,10,7,3,1,10
CH-SH-03-2,ST-SH-03,SH,2025-12-02,2,2,0,0,2
CH-SH-03-3,ST-SH-03,SH,2025-12-02,2,2,0,0,2
CH-SH-04-1,ST-SH-04,SH,2025-12-02,20,17,3,1,19
CH-SH-04-2,ST-SH-04,SH,2025-12-02,20,20,0,0,20
CH-SH-04-3,ST-SH-04,SH,2025-12-02,5,5,0,0,5
CH-SH-05-1,ST-SH-05,SH,2025-12-02,12,11,1,1,12
CH-SH-05-2,ST-SH-05,SH,2025-12-02,12,12,0,0,12
CH-SH-05-3,ST-SH-05,SH,2025-12-02,3,3,0,0,3
CH-SY-01-1,ST-SY-01,SY,2025-12-02,7,6,1,1,7
CH-SY-01-2,ST-SY-01,SY,2025-12-02,10,10,0,0,10
CH-SY-01-3,ST-SY-01,SY,2025-12-02,4,4,0,0,4
CH-SY-02-1,ST-SY-02,SY,2025-12-02,7,7,0,0,7
CH-SY-02-2,ST-SY-02,SY,2025-12-02,10,9,1,1,10
CH-SY-02-3,ST-SY-02,SY,2025-12-02,4,4,0,0,4
CH-SY-03-1,ST-SY-03,SY,2025-12-02,5,5,0,0,5
CH-SY-03-2,ST-SY-03,SY,2025-12-02,2,2,0,0,2
CH-SY-03-3,ST-SY-03,SY,2025-12-02,3,3,0,0,3
CH-SY-04-1,ST-SY-04,SY,2025-12-02,11,10,1,1,11
CH-SY-04-2,ST-SY-04,SY,2025-12-02,17,17,0,0,17
CH-SY-04-3,ST-SY-04,SY,2025-12-02,5,4,1,1,5
CH-SY-05-1,ST-SY-05,SY,2025-12-02,6,6,0,0,6
CH-SY-05-2,ST-SY-05,SY,2025-12-02,10,10,0,0,10
CH-SY-05-3,ST-SY-05,SY,2025-12-02,4,4,0,0,4
CH-SZ-01-1,ST-SZ-01,SZ,2025-12-02,13,13,0,0,13
CH-SZ-01-2,ST-SZ-01,SZ,2025-12-02,13,13,0,0,13
CH-SZ-01-3,ST-SZ-01,SZ,2025-12-02,3,3,0,0,3
CH-SZ-02-1,ST-SZ-02,SZ,2025-12-02,6,6,0,0,6
CH-SZ-02-2,ST-SZ-02,SZ,2025-12-02,12,12,0,0,12
CH-SZ-02-3,ST-SZ-02,SZ,2025-12-02,4,4,0,0,4
CH-SZ-03-1,ST-SZ-03,SZ,2025-12-02,7,7,0,0,7
CH-SZ-03-2,ST-SZ-03,SZ,2025-12-02,3,3,0,0,3
CH-SZ-03-3,ST-SZ-03,SZ,2025-12-02,2,2,0,0,2
CH-SZ-04-1,ST-SZ-04,SZ,2025-12-02,15,15,0,0,15
CH-SZ-04-2,ST-SZ-04,SZ,2025-12-02,23,22,1,1,22
CH-SZ-04-3,ST-SZ-04,SZ,2025-12-02,5,5,0,0,5
CH-SZ-05-1,ST-SZ-05,SZ,2025-12-02,9,9,0,0,9
CH-SZ-05-2,ST-SZ-05,SZ,2025-12-02,11,11,0,0,11
CH-SZ-05-3,ST-SZ-05,SZ,2025-12-02,3,3,0,0,3
CH-BJ-01-1,ST-BJ-01,BJ,2025-12-03,6,6,0,0,6
CH-BJ-01-2,ST-BJ-01,BJ,2025-12-03,6,6,0,0,6
CH-BJ-01-3,ST-BJ-01,BJ,2025-12-03,3,3,0,0,3
CH-BJ-02-1,ST-BJ-02,BJ,2025-12-03,8,8,0,0,8
CH-BJ-02-2,ST-BJ-02,BJ,2025-12-03,9,9,0,0,9
CH-BJ-02-3,ST-BJ-02,BJ,2025-12-03,6,6,0,0,6
CH-BJ-03-1,ST-BJ-03,BJ,2025-12-03,4,4,0,0,4
CH-BJ-03-2,ST-BJ-03,BJ,2025-12-03,2,2,0,0,2
CH-BJ-03-3,ST-BJ-03,BJ,2025-12-03,2,2,0,0,2
CH-BJ-04-1,ST-BJ-04,BJ,2025-12-03,17,14,3,1,17
CH-BJ-04-2,ST-BJ-04,BJ,2025-12-03,17,16,1,1,17
CH-BJ-04-3,ST-BJ-04,BJ,2025-12-03,4,4,0,0,4
CH-BJ-05-1,ST-BJ-05,BJ,2025-12-03,3,3,0,0,3
CH-BJ-05-2,ST-BJ-05,BJ,2025-12-03,6,6,0,0,6
CH-BJ-05-3,ST-BJ-05,BJ,2025-12-03,3,3,0,0,3
CH-DL-01-1,ST-DL-01,DL,2025-12-03,10,10,0,0,10
CH-DL-01-2,ST-DL-01,DL,2025-12-03,9,9,0,0,9
CH-DL-01-3,ST-DL-01,DL,2025-12-03,3,3,0,0,3
CH-DL-02-1,ST-DL-02,DL,2025-12-03,12,12,0,0,12
CH-DL-02-2,ST-DL-02,DL,2025-12-03,11,10,1,1,11
CH-DL-02-3,ST-DL-02,DL,2025-12-03,4,4,0,0,4
CH-DL-03-1,ST-DL-03,DL,2025-12-03,8,7,1,1,8
CH-DL-03-2,ST-DL-03,DL,2025-12-03,2,2,0,0,2
CH-DL-03-3,ST-DL-03,DL,2025-12-03,2,2,0,0,2
CH-DL-04-1,ST-DL-04,DL,2025-12-03,15,14,1,1,15
CH-DL-04-2,ST-DL-04,DL,2025-12-03,16,15,1,1,15
CH-DL-04-3,ST-DL-04,DL,2025-12-03,4,3,1,1,4
CH-DL-05-1,ST-DL-05,DL,2025-12-03,9,7,2,1,9
CH-DL-05-2,ST-DL-05,DL,2025-12-03,9,9,0,0,9
CH-DL-05-3,ST-DL-05,DL,2025-12-03,3,3,0,0,3
CH-SH-01-1,ST-SH-01,SH,2025-12-03,9,8,1,1,9
CH-SH-01-2,ST-SH-01,SH,2025-12-03,14,14,0,0,14
CH-SH-01-3,ST-SH-01,SH,2025-12-03,5,5,0,0,5
CH-SH-02-1,ST-SH-02,SH,2025-12-03,9,8,1,1,9
CH-SH-02-2,ST-SH-02,SH,2025-12-03,14,14,0,0,14
CH-SH-02-3,ST-SH-02,SH,2025-12-03,5,5,0,0,5
CH-SH-03-1,ST-SH-03,SH,2025-12-03,9,9,0,0,9
CH-SH-03-2,ST-SH-03,SH,2025-12-03,3,3,0,0,3
CH-SH-03-3,ST-SH-03,SH,2025-12-03,3,3,0,0,3
CH-SH-04-1,ST-SH-04,SH,2025-12-03,17,17,0,0,17
CH-SH-04-2,ST-SH-04,SH,2025-12-03,24,24,0,0,24
CH-SH-04-3,ST-SH-04,SH,2025-12-03,6,6,0,0,6
CH-SH-05-1,ST-SH-05,SH,2025-12-03,8,8,0,0,8
CH-SH-05-2,ST-SH-05,SH,2025-12-03,8,8,0,0,8
CH-SH-05-3,ST-SH-05,SH,2025-12-03,5,4,1,1,5
CH-SY-01-1,ST-SY-01,SY,2025-12-03,11,10,1,1,11
CH-SY-01-2,ST-SY-01,SY,2025-12-03,14,14,0,0,14
CH-SY-01-3,ST-SY-01,SY,2025-12-03,4,4,0,0,4
CH-SY-02-1,ST-SY-02,SY,2025-12-03,13,13,0,0,13
CH-SY-02-2,ST-SY-02,SY,2025-12-03,12,12,0,0,12
CH-SY-02-3,ST-SY-02,SY,2025-12-03,4,4,0,0,4
CH-SY-03-1,ST-SY-03,SY,2025-12-03,9,9,0,0,9
CH-SY-03-2,ST-SY-03,SY,2025-12-03,2,2,0,0,2
CH-SY-03-3,ST-SY-03,SY,2025-12-03,3,3,0,0,3
CH-SY-04-1,ST-SY-04,SY,2025-12-03,19,18,1,1,18
CH-SY-04-2,ST-SY-04,SY,2025-12-03,19,19,0,0,19
CH-SY-04-3,ST-SY-04,SY,2025-12-03,5,5,0,0,5
CH-SY-05-1,ST-SY-05,SY,2025-12-03,7,6,1,1,7
CH-SY-05-2,ST-SY-05,SY,2025-12-03,9,9,0,0,9
CH-SY-05-3,ST-SY-05,SY,2025-12-03,6,6,0,0,6
CH-SZ-01-1,ST-SZ-01,SZ,2025-12-03,9,7,2,1,9
CH-SZ-01-2,ST-SZ-01,SZ,2025-12-03,10,9,1,1,10
CH-SZ-01-3,ST-SZ-01,SZ,2025-12-03,6,6,0,0,6
CH-SZ-02-1,ST-SZ-02,SZ,2025-12-03,10,10,0,0,10
CH-SZ-02-2,ST-SZ-02,SZ,2025-12-03,14,14,0,0,14
CH-SZ-02-3,ST-SZ-02,SZ,2025-12-03,3,3,0,0,3
CH-SZ-03-1,ST-SZ-03,SZ,2025-12-03,5,5,0,0,5
CH-SZ-03-2,ST-SZ-03,SZ,2025-12-03,2,2,0,0,2
CH-SZ-03-3,ST-SZ-03,SZ,2025-12-03,2,2,0,0,2
CH-SZ-04-1,ST-SZ-04,SZ,2025-12-03,12,11,1,1,12
CH-SZ-04-2,ST-SZ-04,SZ,2025-12-03,20,20,0,0,19
CH-SZ-04-3,ST-SZ-04,SZ,2025-12-03,4,3,1,1,4
CH-SZ-05-1,ST-SZ-05,SZ,2025-12-03,6,6,0,0,6
CH-SZ-05-2,ST-SZ-05,SZ,2025-12-03,9,9,0,0,9
CH-SZ-05-3,ST-SZ-05,SZ,2025-12-03,2,2,0,0,2
CH-BJ-01-1,ST-BJ-01,BJ,2025-12-04,9,8,1,1,9
CH-BJ-01-2,ST-BJ-01,BJ,2025-12-04,7,6,1,1,7
CH-BJ-01-3,ST-BJ-01,BJ,2025-12-04,5,5,0,0,5
CH-BJ-02-1,ST-BJ-02,BJ,2025-12-04,7,6,1,1,7
CH-BJ-02-2,ST-BJ-02,BJ,2025-12-04,9,9,0,0,9
CH-BJ-02-3,ST-BJ-02,BJ,2025-12-04,2,2,0,0,2
CH-BJ-03-1,ST-BJ-03,BJ,2025-12-04,5,5,0,0,5
CH-BJ-03-2,ST-BJ-03,BJ,2025-12-04,1,1,0,0,1
CH-BJ-03-3,ST-BJ-03,BJ,2025-12-04,1,1,0,0,1
CH-BJ-04-1,ST-BJ-04,BJ,2025-12-04,14,13,1,1,14
CH-BJ-04-2,ST-BJ-04,BJ,2025-12-04,14,14,0,0,14
CH-BJ-04-3,ST-BJ-04,BJ,2025-12-04,5,5,0,0,5
CH-BJ-05-1,ST-BJ-05,BJ,2025-12-04,4,4,0,0,4
CH-BJ-05-2,ST-BJ-05,BJ,2025-12-04,6,6,0,0,6
CH-BJ-05-3,ST-BJ-05,BJ,2025-12-04,3,3,0,0,3
CH-DL-01-1,ST-DL-01,DL,2025-12-04,9,9,0,0,9
CH-DL-01-2,ST-DL-01,DL,2025-12-04,10,9,1,1,10
CH-DL-01-3,ST-DL-01,DL,2025-12-04,6,6,0,0,6
CH-DL-02-1,ST-DL-02,DL,2025-12-04,14,13,1,1,14
CH-DL-02-2,ST-DL-02,DL,2025-12-04,13,13,0,0,13
CH-DL-02-3,ST-DL-02,DL,2025-12-04,3,3,0,0,3
CH-DL-03-1,ST-DL-03,DL,2025-12-04,8,8,0,0,8
CH-DL-03-2,ST-DL-03,DL,2025-12-04,2,2,0,0,2
CH-DL-03-3,ST-DL-03,DL,2025-12-04,3,3,0,0,3
CH-DL-04-1,ST-DL-04,DL,2025-12-04,11,11,0,0,11
CH-DL-04-2,ST-DL-04,DL,2025-12-04,18,18,0,0,18
CH-DL-04-3,ST-DL-04,DL,2025-12-04,3,3,0,0,3
CH-DL-05-1,ST-DL-05,DL,2025-12-04,7,7,0,0,7
CH-DL-05-2,ST-DL-05,DL,2025-12-04,8,8,0,0,8
CH-DL-05-3,ST-DL-05,DL,2025-12-04,4,4,0,0,4
CH-SH-01-1,ST-SH-01,SH,2025-12-04,6,5,1,1,6
CH-SH-01-2,ST-SH-01,SH,2025-12-04,8,8,0,0,8
CH-SH-01-3,ST-SH-01,SH,2025-12-04,3,3,0,0,3
CH-SH-02-1,ST-SH-02,SH,2025-12-04,10,10,0,0,10
CH-SH-02-2,ST-SH-02,SH,2025-12-04,16,16,0,0,16
CH-SH-02-3,ST-SH-02,SH,2025-12-04,6,6,0,0,6
CH-SH-03-1,ST-SH-03,SH,2025-12-04,9,9,0,0,9
CH-SH-03-2,ST-SH-03,SH,2025-12-04,3,3,0,0,3
CH-SH-03-3,ST-SH-03,SH,2025-12-04,3,3,0,0,3
CH-SH-04-1,ST-SH-04,SH,2025-12-04,13,12,1,1,13
CH-SH-04-2,ST-SH-04,SH,2025-12-04,13,13,0,0,13
CH-SH-04-3,ST-SH-04,SH,2025-12-04,3,3,0,0,3
CH-SH-05-1,ST-SH-05,SH,2025-12-04,11,11,0,0,11
CH-SH-05-2,ST-SH-05,SH,2025-12-04,8,8,0,0,8
CH-SH-05-3,ST-SH-05,SH,2025-12-04,3,3,0,0,3
CH-SY-01-1,ST-SY-01,SY,2025-12-04,7,6,1,1,7
CH-SY-01-2,ST-SY-01,SY,2025-12-04,7,7,0,0,7
CH-SY-01-3,ST-SY-01,SY,2025-12-04,4,4,0,0,4
CH-SY-02-1,ST-SY-02,SY,2025-12-04,17,17,0,0,17
CH-SY-02-2,ST-SY-02,SY,2025-12-04,16,16,0,0,16
CH-SY-02-3,ST-SY-02,SY,2025-12-04,4,4,0,0,4
CH-SY-03-1,ST-SY-03,SY,2025-12-04,6,6,0,0,6
CH-SY-03-2,ST-SY-03,SY,2025-12-04,4,4,0,0,4
CH-SY-03-3,ST-SY-03,SY,2025-12-04,4,4,0,0,4
CH-SY-04-1,ST-SY-04,SY,2025-12-04,19,19,0,0,19
CH-SY-04-2,ST-SY-04,SY,2025-12-04,19,18,1,1,19
CH-SY-04-3,ST-SY-04,SY,2025-12-04,4,4,0,0,4
CH-SY-05-1,ST-SY-05,SY,2025-12-04,5,5,0,0,5
CH-SY-05-2,ST-SY-05,SY,2025-12-04,7,7,0,0,7
CH-SY-05-3,ST-SY-05,SY,2025-12-04,3,3,0,0,3
CH-SZ-01-1,ST-SZ-01,SZ,2025-12-04,8,8,0,0,8
CH-SZ-01-2,ST-SZ-01,SZ,2025-12-04,12,11,1,1,12
CH-SZ-01-3,ST-SZ-01,SZ,2025-12-04,3,3,0,0,3
CH-SZ-02-1,ST-SZ-02,SZ,2025-12-04,8,8,0,0,8
CH-SZ-02-2,ST-SZ-02,SZ,2025-12-04,16,15,1,1,16
CH-SZ-02-3,ST-SZ-02,SZ,2025-12-04,4,4,0,0,4
CH-SZ-03-1,ST-SZ-03,SZ,2025-12-04,7,6,1,1,7
CH-SZ-03-2,ST-SZ-03,SZ,2025-12-04,1,1,0,0,1
CH-SZ-03-3,ST-SZ-03,SZ,2025-12-04,2,2,0,0,2
CH-SZ-04-1,ST-SZ-04,SZ,2025-12-04,17,17,0,0,16
CH-SZ-04-2,ST-SZ-04,SZ,2025-12-04,15,15,0,0,15
CH-SZ-04-3,ST-SZ-04,SZ,2025-12-04,4,4,0,0,4
CH-SZ-05-1,ST-SZ-05,SZ,2025-12-04,8,7,1,1,8
CH-SZ-05-2,ST-SZ-05,SZ,2025-12-04,8,8,0,0,8
CH-SZ-05-3,ST-SZ-05,SZ,2025-12-04,4,4,0,0,4
CH-BJ-01-1,ST-BJ-01,BJ,2025-12-05,5,5,0,0,5
CH-BJ-01-2,ST-BJ-01,BJ,2025-12-05,9,9,0,0,9
CH-BJ-01-3,ST-BJ-01,BJ,2025-12-05,4,4,0,0,4
CH-BJ-02-1,ST-BJ-02,BJ,2025-12-05,10,9,1,1,10
CH-BJ-02-2,ST-BJ-02,BJ,2025-12-05,10,10,0,0,10
CH-BJ-02-3,ST-BJ-02,BJ,2025-12-05,5,5,0,0,5
CH-BJ-03-1,ST-BJ-03,BJ,2025-12-05,5,3,2,1,5
CH-BJ-03-2,ST-BJ-03,BJ,2025-12-05,3,3,0,0,3
CH-BJ-03-3,ST-BJ-03,BJ,2025-12-05,2,2,0,0,2
CH-BJ-04-1,ST-BJ-04,BJ,2025-12-05,14,13,1,1,14
CH-BJ-04-2,ST-BJ-04,BJ,2025-12-05,15,14,1,1,15
CH-BJ-04-3,ST-BJ-04,BJ,2025-12-05,3,3,0,0,3
CH-BJ-05-1,ST-BJ-05,BJ,2025-12-05,2,2,0,0,2
CH-BJ-05-2,ST-BJ-05,BJ,2025-12-05,8,8,0,0,8
CH-BJ-05-3,ST-BJ-05,BJ,2025-12-05,3,3,0,0,3
CH-DL-01-1,ST-DL-01,DL,2025-12-05,8,8,0,0,8
CH-DL-01-2,ST-DL-01,DL,2025-12-05,9,9,0,0,9
CH-DL-01-3,ST-DL-01,DL,2025-12-05,4,4,0,0,4
CH-DL-02-1,ST-DL-02,DL,2025-12-05,11,10,1,1,11
CH-DL-02-2,ST-DL-02,DL,2025-12-05,11,11,0,0,11
CH-DL-02-3,ST-DL-02,DL,2025-12-05,4,4,0,0,4
CH-DL-03-1,ST-DL-03,DL,2025-12-05,7,5,2,1,7
CH-DL-03-2,ST-DL-03,DL,2025-12-05,2,2,0,0,2
CH-DL-03-3,ST-DL-03,DL,2025-12-05,2,2,0,0,2
CH-DL-04-1,ST-DL-04,DL,2025-12-05,15,13,2,1,15
CH-DL-04-2,ST-DL-04,DL,2025-12-05,18,18,0,0,18
CH-DL-04-3,ST-DL-04,DL,2025-12-05,7,6,1,1,7
CH-DL-05-1,ST-DL-05,DL,2025-12-05,8,6,2,1,8
CH-DL-05-2,ST-DL-05,DL,2025-12-05,7,7,0,0,7
CH-DL-05-3,ST-DL-05,DL,2025-12-05,3,3,0,0,3
CH-SH-01-1,ST-SH-01,SH,2025-12-05,9,9,0,0,9
CH-SH-01-2,ST-SH-01,SH,2025-12-05,9,9,0,0,9
CH-SH-01-3,ST-SH-01,SH,2025-12-05,6,6,0,0,6
CH-SH-02-1,ST-SH-02,SH,2025-12-05,10,10,0,0,10
CH-SH-02-2,ST-SH-02,SH,2025-12-05,18,18,0,0,18
CH-SH-02-3,ST-SH-02,SH,2025-12-05,4,4,0,0,4
CH-SH-03-1,ST-SH-03,SH,2025-12-05,10,10,0,0,10
CH-SH-03-2,ST-SH-03,SH,2025-12-05,1,1,0,0,1
CH-SH-03-3,ST-SH-03,SH,2025-12-05,2,2,0,0,2
CH-SH-04-1,ST-SH-04,SH,2025-12-05,15,15,0,0,15
CH-SH-04-2,ST-SH-04,SH,2025-12-05,16,16,0,0,16
CH-SH-04-3,ST-SH-04,SH,2025-12-05,4,4,0,0,4
CH-SH-05-1,ST-SH-05,SH,2025-12-05,8,8,0,0,8
CH-SH-05-2,ST-SH-05,SH,2025-12-05,13,13,0,0,13
CH-SH-05-3,ST-SH-05,SH,2025-12-05,3,3,0,0,3
CH-SY-01-1,ST-SY-01,SY,2025-12-05,10,9,1,1,10
CH-SY-01-2,ST-SY-01,SY,2025-12-05,9,9,0,0,9
CH-SY-01-3,ST-SY-01,SY,2025-12-05,5,5,0,0,5
CH-SY-02-1,ST-SY-02,SY,2025-12-05,13,12,1,1,13
CH-SY-02-2,ST-SY-02,SY,2025-12-05,19,18,1,1,19
CH-SY-02-3,ST-SY-02,SY,2025-12-05,5,5,0,0,5
CH-SY-03-1,ST-SY-03,SY,2025-12-05,7,7,0,0,7
CH-SY-03-2,ST-SY-03,SY,2025-12-05,3,3,0,0,3
CH-SY-03-3,ST-SY-03,SY,2025-12-05,3,3,0,0,3
CH-SY-04-1,ST-SY-04,SY,2025-12-05,16,16,0,0,15
CH-SY-04-2,ST-SY-04,SY,2025-12-05,17,17,0,0,15
CH-SY-04-3,ST-SY-04,SY,2025-12-05,4,4,0,0,4
CH-SY-05-1,ST-SY-05,SY,2025-12-05,8,7,1,1,8
CH-SY-05-2,ST-SY-05,SY,2025-12-05,8,8,0,0,8
CH-SY-05-3,ST-SY-05,SY,2025-12-05,2,2,0,0,2
CH-SZ-01-1,ST-SZ-01,SZ,2025-12-05,9,9,0,0,9
CH-SZ-01-2,ST-SZ-01,SZ,2025-12-05,11,11,0,0,11
CH-SZ-01-3,ST-SZ-01,SZ,2025-12-05,5,5,0,0,5
CH-SZ-02-1,ST-SZ-02,SZ,2025-12-05,9,9,0,0,9
CH-SZ-02-2,ST-SZ-02,SZ,2025-12-05,10,10,0,0,10
CH-SZ-02-3,ST-SZ-02,SZ,2025-12-05,5,5,0,0,5
CH-SZ-03-1,ST-SZ-03,SZ,2025-12-05,4,3,1,1,4
CH-SZ-03-2,ST-SZ-03,SZ,2025-12-05,2,2,0,0,2
CH-SZ-03-3,ST-SZ-03,SZ,2025-12-05,2,2,0,0,2
CH-SZ-04-1,ST-SZ-04,SZ,2025-12-05,13,13,0,0,13
CH-SZ-04-2,ST-SZ-04,SZ,2025-12-05,16,16,0,0,16
CH-SZ-04-3,ST-SZ-04,SZ,2025-12-05,3,3,0,0,3
CH-SZ-05-1,ST-SZ-05,SZ,2025-12-05,14,13,1,1,14
CH-SZ-05-2,ST-SZ-05,SZ,2025-12-05,10,10,0,0,10
CH-SZ-05-3,ST-SZ-05,SZ,2025-12-05,4,4,0,0,4
CH-BJ-01-1,ST-BJ-01,BJ,2025-12-06,2,2,0,0,2
CH-BJ-01-2,ST-BJ-01,BJ,2025-12-06,2,2,0,0,2
CH-BJ-01-3,ST-BJ-01,BJ,2025-12-06,2,2,0,0,2
CH-BJ-02-1,ST-BJ-02,BJ,2025-12-06,10,10,0,0,10
CH-BJ-02-2,ST-BJ-02,BJ,2025-12-06,14,11,3,1,14
CH-BJ-02-3,ST-BJ-02,BJ,2025-12-06,4,4,0,0,4
CH-BJ-03-1,ST-BJ-03,BJ,2025-12-06,9,6,3,1,9
CH-BJ-03-2,ST-BJ-03,BJ,2025-12-06,2,2,0,0,2
CH-BJ-03-3,ST-BJ-03,BJ,2025-12-06,2,2,0,0,2
CH-BJ-04-1,ST-BJ-04,BJ,2025-12-06,16,14,2,1,16
CH-BJ-04-2,ST-BJ-04,BJ,2025-12-06,18,18,0,0,18
CH-BJ-04-3,ST-BJ-04,BJ,2025-12-06,6,6,0,0,6
CH-BJ-05-1,ST-BJ-05,BJ,2025-12-06,3,2,1,1,3
CH-BJ-05-2,ST-BJ-05,BJ,2025-12-06,4,4,0,0,4
CH-BJ-05-3,ST-BJ-05,BJ,2025-12-06,3,3,0,0,3
CH-DL-01-1,ST-DL-01,DL,2025-12-06,6,6,0,0,6
CH-DL-01-2,ST-DL-01,DL,2025-12-06,4,4,0,0,4
CH-DL-01-3,ST-DL-01,DL,2025-12-06,2,2,0,0,2
CH-DL-02-1,ST-DL-02,DL,2025-12-06,14,14,0,0,14
CH-DL-02-2,ST-DL-02,DL,2025-12-06,13,13,0,0,13
CH-DL-02-3,ST-DL-02,DL,2025-12-06,4,4,0,0,4
CH-DL-03-1,ST-DL-03,DL,2025-12-06,8,7,1,1,8
CH-DL-03-2,ST-DL-03,DL,2025-12-06,3,3,0,0,3
CH-DL-03-3,ST-DL-03,DL,2025-12-06,3,3,0,0,3
CH-DL-04-1,ST-DL-04,DL,2025-12-06,12,12,0,0,11
CH-DL-04-2,ST-DL-04,DL,2025-12-06,11,10,1,1,11
CH-DL-04-3,ST-DL-04,DL,2025-12-06,4,4,0,0,4
CH-DL-05-1,ST-DL-05,DL,2025-12-06,3,3,0,0,3
CH-DL-05-2,ST-DL-05,DL,2025-12-06,0,0,0,0,0
CH-DL-05-3,ST-DL-05,DL,2025-12-06,4,4,0,0,4
CH-SH-01-1,ST-SH-01,SH,2025-12-06,4,3,1,1,4
CH-SH-01-2,ST-SH-01,SH,2025-12-06,3,3,0,0,3
CH-SH-01-3,ST-SH-01,SH,2025-12-06,4,4,0,0,4
CH-SH-02-1,ST-SH-02,SH,2025-12-06,7,7,0,0,7
CH-SH-02-2,ST-SH-02,SH,2025-12-06,12,12,0,0,12
CH-SH-02-3,ST-SH-02,SH,2025-12-06,4,4,0,0,4
CH-SH-03-1,ST-SH-03,SH,2025-12-06,6,6,0,0,6
CH-SH-03-2,ST-SH-03,SH,2025-12-06,3,3,0,0,3
CH-SH-03-3,ST-SH-03,SH,2025-12-06,4,4,0,0,4
CH-SH-04-1,ST-SH-04,SH,2025-12-06,16,15,1,1,16
CH-SH-04-2,ST-SH-04,SH,2025-12-06,19,19,0,0,19
CH-SH-04-3,ST-SH-04,SH,2025-12-06,5,5,0,0,5
CH-SH-05-1,ST-SH-05,SH,2025-12-06,2,2,0,0,2
CH-SH-05-2,ST-SH-05,SH,2025-12-06,2,2,0,0,2
CH-SH-05-3,ST-SH-05,SH,2025-12-06,3,3,0,0,3
CH-SY-01-1,ST-SY-01,SY,2025-12-06,5,5,0,0,5
CH-SY-01-2,ST-SY-01,SY,2025-12-06,4,4,0,0,4
CH-SY-01-3,ST-SY-01,SY,2025-12-06,5,5,0,0,5
CH-SY-02-1,ST-SY-02,SY,2025-12-06,12,12,0,0,12
CH-SY-02-2,ST-SY-02,SY,2025-12-06,11,10,1,1,11
CH-SY-02-3,ST-SY-02,SY,2025-12-06,5,5,0,0,5
CH-SY-03-1,ST-SY-03,SY,2025-12-06,7,7,0,0,7
CH-SY-03-2,ST-SY-03,SY,2025-12-06,4,4,0,0,4
CH-SY-03-3,ST-SY-03,SY,2025-12-06,2,2,0,0,2
CH-SY-04-1,ST-SY-04,SY,2025-12-06,15,14,1,1,15
CH-SY-04-2,ST-SY-04,SY,2025-12-06,20,20,0,0,20
CH-SY-04-3,ST-SY-04,SY,2025-12-06,7,7,0,0,7
CH-SY-05-1,ST-SY-05,SY,2025-12-06,6,5,1,1,6
CH-SY-05-2,ST-SY-05,SY,2025-12-06,4,4,0,0,4
CH-SY-05-3,ST-SY-05,SY,2025-12-06,3,3,0,0,3
CH-SZ-01-1,ST-SZ-01,SZ,2025-12-06,2,1,1,1,2
CH-SZ-01-2,ST-SZ-01,SZ,2025-12-06,3,3,0,0,3
CH-SZ-01-3,ST-SZ-01,SZ,2025-12-06,3,3,0,0,3
CH-SZ-02-1,ST-SZ-02,SZ,2025-12-06,10,9,1,1,10
CH-SZ-02-2,ST-SZ-02,SZ,2025-12-06,11,11,0,0,11
CH-SZ-02-3,ST-SZ-02,SZ,2025-12-06,5,5,0,0,5
CH-SZ-03-1,ST-SZ-03,SZ,2025-12-06,7,7,0,0,7
CH-SZ-03-2,ST-SZ-03,SZ,2025-12-06,2,2,0,0,2
CH-SZ-03-3,ST-SZ-03,SZ,2025-12-06,2,2,0,0,2
CH-SZ-04-1,ST-SZ-04,SZ,2025-12-06,12,12,0,0,12
CH-SZ-04-2,ST-SZ-04,SZ,2025-12-06,22,20,2,1,22
CH-SZ-04-3,ST-SZ-04,SZ,2025-12-06,5,5,0,0,5
CH-SZ-05-1,ST-SZ-05,SZ,2025-12-06,7,6,1,1,7
CH-SZ-05-2,ST-SZ-05,SZ,2025-12-06,13,13,0,0,13
CH-SZ-05-3,ST-SZ-05,SZ,2025-12-06,3,3,0,0,3
CH-BJ-01-1,ST-BJ-01,BJ,2025-12-07,5,5,0,0,5
CH-BJ-01-2,ST-BJ-01,BJ,2025-12-07,6,6,0,0,6
CH-BJ-01-3,ST-BJ-01,BJ,2025-12-07,3,3,0,0,3
CH-BJ-02-1,ST-BJ-02,BJ,2025-12-07,15,13,2,1,15
CH-BJ-02-2,ST-BJ-02,BJ,2025-12-07,17,16,1,1,17
CH-BJ-02-3,ST-BJ-02,BJ,2025-12-07,5,5,0,0,5
CH-BJ-03-1,ST-BJ-03,BJ,2025-12-07,6,6,0,0,6
CH-BJ-03-2,ST-BJ-03,BJ,2025-12-07,2,2,0,0,2
CH-BJ-03-3,ST-BJ-03,BJ,2025-12-07,2,2,0,0,2
CH-BJ-04-1,ST-BJ-04,BJ,2025-12-07,18,15,3,1,18
CH-BJ-04-2,ST-BJ-04,BJ,2025-12-07,16,16,0,0,16
CH-BJ-04-3,ST-BJ-04,BJ,2025-12-07,4,4,0,0,3
CH-BJ-05-1,ST-BJ-05,BJ,2025-12-07,7,6,1,1,7
CH-BJ-05-2,ST-BJ-05,BJ,2025-12-07,7,7,0,0,7
CH-BJ-05-3,ST-BJ-05,BJ,2025-12-07,4,4,0,0,4
CH-DL-01-1,ST-DL-01,DL,2025-12-07,6,6,0,0,6
CH-DL-01-2,ST-DL-01,DL,2025-12-07,5,5,0,0,5
CH-DL-01-3,ST-DL-01,DL,2025-12-07,3,3,0,0,3
CH-DL-02-1,ST-DL-02,DL,2025-12-07,15,14,1,1,15
CH-DL-02-2,ST-DL-02,DL,2025-12-07,14,14,0,0,14
CH-DL-02-3,ST-DL-02,DL,2025-12-07,4,4,0,0,4
CH-DL-03-1,ST-DL-03,DL,2025-12-07,5,5,0,0,5
CH-DL-03-2,ST-DL-03,DL,2025-12-07,2,2,0,0,2
CH-DL-03-3,ST-DL-03,DL,2025-12-07,2,2,0,0,2
CH-DL-04-1,ST-DL-04,DL,2025-12-07,17,15,2,1,17
CH-DL-04-2,ST-DL-04,DL,2025-12-07,21,21,0,0,21
CH-DL-04-3,ST-DL-04,DL,2025-12-07,5,5,0,0,5
CH-DL-05-1,ST-DL-05,DL,2025-12-07,4,3,1,1,4
CH-DL-05-2,ST-DL-05,DL,2025-12-07,2,2,0,0,2
CH-DL-05-3,ST-DL-05,DL,2025-12-07,3,3,0,0,3
CH-SH-01-1,ST-SH-01,SH,2025-12-07,3,3,0,0,3
CH-SH-01-2,ST-SH-01,SH,2025-12-07,4,3,1,1,4
CH-SH-01-3,ST-SH-01,SH,2025-12-07,3,3,0,0,3
CH-SH-02-1,ST-SH-02,SH,2025-12-07,12,12,0,0,12
CH-SH-02-2,ST-SH-02,SH,2025-12-07,16,15,1,1,16
CH-SH-02-3,ST-SH-02,SH,2025-12-07,5,5,0,0,5
CH-SH-03-1,ST-SH-03,SH,2025-12-07,7,6,1,1,7
CH-SH-03-2,ST-SH-03,SH,2025-12-07,2,2,0,0,2
CH-SH-03-3,ST-SH-03,SH,2025-12-07,5,4,1,1,5
CH-SH-04-1,ST-SH-04,SH,2025-12-07,15,14,1,1,15
CH-SH-04-2,ST-SH-04,SH,2025-12-07,20,20,0,0,20
CH-SH-04-3,ST-SH-04,SH,2025-12-07,4,4,0,0,4
CH-SH-05-1,ST-SH-05,SH,2025-12-07,4,4,0,0,4
CH-SH-05-2,ST-SH-05,SH,2025-12-07,6,6,0,0,6
CH-SH-05-3,ST-SH-05,SH,2025-12-07,4,4,0,0,4
CH-SY-01-1,ST-SY-01,SY,2025-12-07,5,5,0,0,5
CH-SY-01-2,ST-SY-01,SY,2025-12-07,4,4,0,0,4
CH-SY-01-3,ST-SY-01,SY,2025-12-07,4,4,0,0,4
CH-SY-02-1,ST-SY-02,SY,2025-12-07,10,8,2,1,10
CH-SY-02-2,ST-SY-02,SY,2025-12-07,11,11,0,0,11
CH-SY-02-3,ST-SY-02,SY,2025-12-07,4,4,0,0,4
CH-SY-03-1,ST-SY-03,SY,2025-12-07,9,7,2,1,9
CH-SY-03-2,ST-SY-03,SY,2025-12-07,4,4,0,0,4
CH-SY-03-3,ST-SY-03,SY,2025-12-07,3,3,0,0,3
CH-SY-04-1,ST-SY-04,SY,2025-12-07,13,13,0,0,13
CH-SY-04-2,ST-SY-04,SY,2025-12-07,18,17,1,1,18
CH-SY-04-3,ST-SY-04,SY,2025-12-07,5,4,1,1,5
CH-SY-05-1,ST-SY-05,SY,2025-12-07,6,6,0,0,6
CH-SY-05-2,ST-SY-05,SY,2025-12-07,5,5,0,0,5
CH-SY-05-3,ST-SY-05,SY,2025-12-07,3,3,0,0,3
CH-SZ-01-1,ST-SZ-01,SZ,2025-12-07,3,3,0,0,3
CH-SZ-01-2,ST-SZ-01,SZ,2025-12-07,4,4,0,0,4
CH-SZ-01-3,ST-SZ-01,SZ,2025-12-07,1,1,0,0,1
CH-SZ-02-1,ST-SZ-02,SZ,2025-12-07,13,12,1,1,13
CH-SZ-02-2,ST-SZ-02,SZ,2025-12-07,17,17,0,0,17
CH-SZ-02-3,ST-SZ-02,SZ,2025-12-07,6,6,0,0,6
CH-SZ-03-1,ST-SZ-03,SZ,2025-12-07,7,7,0,0,7
CH-SZ-03-2,ST-SZ-03,SZ,2025-12-07,1,1,0,0,1
CH-SZ-03-3,ST-SZ-03,SZ,2025-12-07,1,1,0,0,1
CH-SZ-04-1,ST-SZ-04,SZ,2025-12-07,18,17,1,1,18
CH-SZ-04-2,ST-SZ-04,SZ,2025-12-07,23,23,0,0,23
CH-SZ-04-3,ST-SZ-04,SZ,2025-12-07,5,5,0,0,5
CH-SZ-05-1,ST-SZ-05,SZ,2025-12-07,9,8,1,1,9
CH-SZ-05-2,ST-SZ-05,SZ,2025-12-07,7,7,0,0,7
CH-SZ-05-3,ST-SZ-05,SZ,2025-12-07,3,3,0,0,3
CH-BJ-01-1,ST-BJ-01,BJ,2025-12-08,10,10,0,0,10
CH-BJ-01-2,ST-BJ-01,BJ,2025-12-08,9,9,0,0,9
CH-BJ-01-3,ST-BJ-01,BJ,2025-12-08,5,5,0,0,5
CH-BJ-02-1,ST-BJ-02,BJ,2025-12-08,7,7,0,0,7
CH-BJ-02-2,ST-BJ-02,BJ,2025-12-08,13,12,1,1,13
CH-BJ-02-3,ST-BJ-02,BJ,2025-12-08,5,5,0,0,5
CH-BJ-03-1,ST-BJ-03,BJ,2025-12-08,6,6,0,0,6
CH-BJ-03-2,ST-BJ-03,BJ,2025-12-08,3,3,0,0,3
CH-BJ-03-3,ST-BJ-03,BJ,2025-12-08,3,3,0,0,3
CH-BJ-04-1,ST-BJ-04,BJ,2025-12-08,10,10,0,0,10
CH-BJ-04-2,ST-BJ-04,BJ,2025-12-08,15,15,0,0,15
CH-BJ-04-3,ST-BJ-04,BJ,2025-12-08,4,4,0,0,4
CH-BJ-05-1,ST-BJ-05,BJ,2025-12-08,11,11,0,0,11
CH-BJ-05-2,ST-BJ-05,BJ,2025-12-08,12,12,0,0,12
CH-BJ-05-3,ST-BJ-05,BJ,2025-12-08,5,5,0,0,5
CH-DL-01-1,ST-DL-01,DL,2025-12-08,11,11,0,0,11
CH-DL-01-2,ST-DL-01,DL,2025-12-08,11,11,0,0,11
CH-DL-01-3,ST-DL-01,DL,2025-12-08,2,2,0,0,2
CH-DL-02-1,ST-DL-02,DL,2025-12-08,11,11,0,0,11
CH-DL-02-2,ST-DL-02,DL,2025-12-08,13,12,1,1,13
CH-DL-02-3,ST-DL-02,DL,2025-12-08,6,6,0,0,6
CH-DL-03-1,ST-DL-03,DL,2025-12-08,7,7,0,0,7
CH-DL-03-2,ST-DL-03,DL,2025-12-08,3,3,0,0,3
CH-DL-03-3,ST-DL-03,DL,2025-12-08,4,4,0,0,4
CH-DL-04-1,ST-DL-04,DL,2025-12-08,18,18,0,0,17
CH-DL-04-2,ST-DL-04,DL,2025-12-08,18,17,1,1,17
CH-DL-04-3,ST-DL-04,DL,2025-12-08,5,5,0,0,5
CH-DL-05-1,ST-DL-05,DL,2025-12-08,5,4,1,1,5
CH-DL-05-2,ST-DL-05,DL,2025-12-08,7,7,0,0,7
CH-DL-05-3,ST-DL-05,DL,2025-12-08,4,4,0,0,4
CH-SH-01-1,ST-SH-01,SH,2025-12-08,7,7,0,0,7
CH-SH-01-2,ST-SH-01,SH,2025-12-08,16,16,0,0,16
CH-SH-01-3,ST-SH-01,SH,2025-12-08,3,3,0,0,3
CH-SH-02-1,ST-SH-02,SH,2025-12-08,11,10,1,1,11
CH-SH-02-2,ST-SH-02,SH,2025-12-08,11,11,0,0,11
CH-SH-02-3,ST-SH-02,SH,2025-12-08,6,6,0,0,6
CH-SH-03-1,ST-SH-03,SH,2025-12-08,8,8,0,0,8
CH-SH-03-2,ST-SH-03,SH,2025-12-08,2,2,0,0,2
CH-SH-03-3,ST-SH-03,SH,2025-12-08,2,2,0,0,2
CH-SH-04-1,ST-SH-04,SH,2025-12-08,13,12,1,1,13
CH-SH-04-2,ST-SH-04,SH,2025-12-08,15,15,0,0,15
CH-SH-04-3,ST-SH-04,SH,2025-12-08,4,4,0,0,4
CH-SH-05-1,ST-SH-05,SH,2025-12-08,6,6,0,0,6
CH-SH-05-2,ST-SH-05,SH,2025-12-08,7,7,0,0,7
CH-SH-05-3,ST-SH-05,SH,2025-12-08,3,3,0,0,3
CH-SY-01-1,ST-SY-01,SY,2025-12-08,11,11,0,0,11
CH-SY-01-2,ST-SY-01,SY,2025-12-08,10,10,0,0,10
CH-SY-01-3,ST-SY-01,SY,2025-12-08,4,3,1,1,4
CH-SY-02-1,ST-SY-02,SY,2025-12-08,10,9,1,1,10
CH-SY-02-2,ST-SY-02,SY,2025-12-08,13,13,0,0,13
CH-SY-02-3,ST-SY-02,SY,2025-12-08,5,5,0,0,5
CH-SY-03-1,ST-SY-03,SY,2025-12-08,8,8,0,0,8
CH-SY-03-2,ST-SY-03,SY,2025-12-08,3,3,0,0,3
CH-SY-03-3,ST-SY-03,SY,2025-12-08,3,3,0,0,3
CH-SY-04-1,ST-SY-04,SY,2025-12-08,17,14,3,1,17
CH-SY-04-2,ST-SY-04,SY,2025-12-08,16,15,1,1,16
CH-SY-04-3,ST-SY-04,SY,2025-12-08,4,4,0,0,4
CH-SY-05-1,ST-SY-05,SY,2025-12-08,8,6,2,1,8
CH-SY-05-2,ST-SY-05,SY,2025-12-08,6,6,0,0,6
CH-SY-05-3,ST-SY-05,SY,2025-12-08,3,3,0,0,3
CH-SZ-01-1,ST-SZ-01,SZ,2025-12-08,13,11,2,1,13
CH-SZ-01-2,ST-SZ-01,SZ,2025-12-08,13,12,1,1,13
CH-SZ-01-3,ST-SZ-01,SZ,2025-12-08,4,4,0,0,4
CH-SZ-02-1,ST-SZ-02,SZ,2025-12-08,7,7,0,0,7
CH-SZ-02-2,ST-SZ-02,SZ,2025-12-08,6,6,0,0,6
CH-SZ-02-3,ST-SZ-02,SZ,2025-12-08,2,2,0,0,2
CH-SZ-03-1,ST-SZ-03,SZ,2025-12-08,9,8,1,1,9
CH-SZ-03-2,ST-SZ-03,SZ,2025-12-08,2,2,0,0,2
CH-SZ-03-3,ST-SZ-03,SZ,2025-12-08,1,1,0,0,1
CH-SZ-04-1,ST-SZ-04,SZ,2025-12-08,16,14,2,1,15
CH-SZ-04-2,ST-SZ-04,SZ,2025-12-08,17,17,0,0,17
CH-SZ-04-3,ST-SZ-04,SZ,2025-12-08,5,5,0,0,5
CH-SZ-05-1,ST-SZ-05,SZ,2025-12-08,11,11,0,0,11
CH-SZ-05-2,ST-SZ-05,SZ,2025-12-08,9,8,1,1,9
CH-SZ-05-3,ST-SZ-05,SZ,2025-12-08,2,2,0,0,2
CH-BJ-01-1,ST-BJ-01,BJ,2025-12-09,9,9,0,0,9
CH-BJ-01-2,ST-BJ-01,BJ,2025-12-09,10,9,1,1,10
CH-BJ-01-3,ST-BJ-01,BJ,2025-12-09,2,2,0,0,2
CH-BJ-02-1,ST-BJ-02,BJ,2025-12-09,11,10,1,1,11
CH-BJ-02-2,ST-BJ-02,BJ,2025-12-09,22,20,2,1,22
CH-BJ-02-3,ST-BJ-02,BJ,2025-12-09,6,6,0,0,6
CH-BJ-03-1,ST-BJ-03,BJ,2025-12-09,8,8,0,0,8
CH-BJ-03-2,ST-BJ-03,BJ,2025-12-09,2,2,0,0,2
CH-BJ-03-3,ST-BJ-03,BJ,2025-12-09,3,3,0,0,3
CH-BJ-04-1,ST-BJ-04,BJ,2025-12-09,11,11,0,0,11
CH-BJ-04-2,ST-BJ-04,BJ,2025-12-09,20,20,0,0,20
CH-BJ-04-3,ST-BJ-04,BJ,2025-12-09,6,6,0,0,6
CH-BJ-05-1,ST-BJ-05,BJ,2025-12-09,10,9,1,1,10
CH-BJ-05-2,ST-BJ-05,BJ,2025-12-09,9,9,0,0,9
CH-BJ-05-3,ST-BJ-05,BJ,2025-12-09,5,5,0,0,5
CH-DL-01-1,ST-DL-01,DL,2025-12-09,12,10,2,1,12
CH-DL-01-2,ST-DL-01,DL,2025-12-09,9,8,1,1,9
CH-DL-01-3,ST-DL-01,DL,2025-12-09,6,6,0,0,6
CH-DL-02-1,ST-DL-02,DL,2025-12-09,9,8,1,1,9
CH-DL-02-2,ST-DL-02,DL,2025-12-09,15,15,0,0,15
CH-DL-02-3,ST-DL-02,DL,2025-12-09,3,3,0,0,3
CH-DL-03-1,ST-DL-03,DL,2025-12-09,6,5,1,1,6
CH-DL-03-2,ST-DL-03,DL,2025-12-09,2,2,0,0,2
CH-DL-03-3,ST-DL-03,DL,2025-12-09,2,2,0,0,2
CH-DL-04-1,ST-DL-04,DL,2025-12-09,18,18,0,0,18
CH-DL-04-2,ST-DL-04,DL,2025-12-09,20,20,0,0,19
CH-DL-04-3,ST-DL-04,DL,2025-12-09,8,7,1,1,8
CH-DL-05-1,ST-DL-05,DL,2025-12-09,7,7,0,0,7
CH-DL-05-2,ST-DL-05,DL,2025-12-09,9,9,0,0,9
CH-DL-05-3,ST-DL-05,DL,2025-12-09,5,5,0,0,5
CH-SH-01-1,ST-SH-01,SH,2025-12-09,10,9,1,1,10
CH-SH-01-2,ST-SH-01,SH,2025-12-09,9,9,0,0,9
CH-SH-01-3,ST-SH-01,SH,2025-12-09,4,4,0,0,4
CH-SH-02-1,ST-SH-02,SH,2025-12-09,11,10,1,1,11
CH-SH-02-2,ST-SH-02,SH,2025-12-09,11,11,0,0,11
CH-SH-02-3,ST-SH-02,SH,2025-12-09,5,5,0,0,5
CH-SH-03-1,ST-SH-03,SH,2025-12-09,7,7,0,0,7
CH-SH-03-2,ST-SH-03,SH,2025-12-09,2,2,0,0,2
CH-SH-03-3,ST-SH-03,SH,2025-12-09,3,3,0,0,3
CH-SH-04-1,ST-SH-04,SH,2025-12-09,14,14,0,0,14
CH-SH-04-2,ST-SH-04,SH,2025-12-09,18,15,3,1,17
CH-SH-04-3,ST-SH-04,SH,2025-12-09,5,5,0,0,5
CH-SH-05-1,ST-SH-05,SH,2025-12-09,6,4,2,1,6
CH-SH-05-2,ST-SH-05,SH,2025-12-09,9,9,0,0,9
CH-SH-05-3,ST-SH-05,SH,2025-12-09,3,3,0,0,3
CH-SY-01-1,ST-SY-01,SY,2025-12-09,9,9,0,0,9
CH-SY-01-2,ST-SY-01,SY,2025-12-09,11,11,0,0,11
CH-SY-01-3,ST-SY-01,SY,2025-12-09,3,3,0,0,3
CH-SY-02-1,ST-SY-02,SY,2025-12-09,11,11,0,0,11
CH-SY-02-2,ST-SY-02,SY,2025-12-09,10,10,0,0,10
CH-SY-02-3,ST-SY-02,SY,2025-12-09,3,3,0,0,3
CH-SY-03-1,ST-SY-03,SY,2025-12-09,6,6,0,0,6
CH-SY-03-2,ST-SY-03,SY,2025-12-09,3,3,0,0,3
CH-SY-03-3,ST-SY-03,SY,2025-12-09,3,3,0,0,3
CH-SY-04-1,ST-SY-04,SY,2025-12-09,13,13,0,0,13
CH-SY-04-2,ST-SY-04,SY,2025-12-09,13,13,0,0,12
CH-SY-04-3,ST-SY-04,SY,2025-12-09,5,5,0,0,5
CH-SY-05-1,ST-SY-05,SY,2025-12-09,6,6,0,0,6
CH-SY-05-2,ST-SY-05,SY,2025-12-09,11,11,0,0,11
CH-SY-05-3,ST-SY-05,SY,2025-12-09,5,5,0,0,5
CH-SZ-01-1,ST-SZ-01,SZ,2025-12-09,5,5,0,0,5
CH-SZ-01-2,ST-SZ-01,SZ,2025-12-09,10,10,0,0,10
CH-SZ-01-3,ST-SZ-01,SZ,2025-12-09,4,4,0,0,4
CH-SZ-02-1,ST-SZ-02,SZ,2025-12-09,9,9,0,0,9
CH-SZ-02-2,ST-SZ-02,SZ,2025-12-09,14,14,0,0,14
CH-SZ-02-3,ST-SZ-02,SZ,2025-12-09,2,2,0,0,2
CH-SZ-03-1,ST-SZ-03,SZ,2025-12-09,5,5,0,0,5
CH-SZ-03-2,ST-SZ-03,SZ,2025-12-09,1,1,0,0,1
CH-SZ-03-3,ST-SZ-03,SZ,2025-12-09,1,1,0,0,1
CH-SZ-04-1,ST-SZ-04,SZ,2025-12-09,15,15,0,0,14
CH-SZ-04-2,ST-SZ-04,SZ,2025-12-09,20,20,0,0,20
CH-SZ-04-3,ST-SZ-04,SZ,2025-12-09,4,4,0,0,4
CH-SZ-05-1,ST-SZ-05,SZ,2025-12-09,9,7,2,1,9
CH-SZ-05-2,ST-SZ-05,SZ,2025-12-09,8,8,0,0,8
CH-SZ-05-3,ST-SZ-05,SZ,2025-12-09,5,5,0,0,5
CH-BJ-01-1,ST-BJ-01,BJ,2025-12-10,10,10,0,0,10
CH-BJ-01-2,ST-BJ-01,BJ,2025-12-10,12,12,0,0,12
CH-BJ-01-3,ST-BJ-01,BJ,2025-12-10,4,4,0,0,4
CH-BJ-02-1,ST-BJ-02,BJ,2025-12-10,12,10,2,1,12
CH-BJ-02-2,ST-BJ-02,BJ,2025-12-10,11,10,1,1,11
CH-BJ-02-3,ST-BJ-02,BJ,2025-12-10,5,5,0,0,5
CH-BJ-03-1,ST-BJ-03,BJ,2025-12-10,7,7,0,0,7
CH-BJ-03-2,ST-BJ-03,BJ,2025-12-10,2,2,0,0,2
CH-BJ-03-3,ST-BJ-03,BJ,2025-12-10,1,1,0,0,1
CH-BJ-04-1,ST-BJ-04,BJ,2025-12-10,13,12,1,1,13
CH-BJ-04-2,ST-BJ-04,BJ,2025-12-10,17,16,1,1,17
CH-BJ-04-3,ST-BJ-04,BJ,2025-12-10,6,6,0,0,6
CH-BJ-05-1,ST-BJ-05,BJ,2025-12-10,5,5,0,0,5
CH-BJ-05-2,ST-BJ-05,BJ,2025-12-10,9,9,0,0,9
CH-BJ-05-3,ST-BJ-05,BJ,2025-12-10,4,4,0,0,4
CH-DL-01-1,ST-DL-01,DL,2025-12-10,14,13,1,1,14
CH-DL-01-2,ST-DL-01,DL,2025-12-10,16,16,0,0,16
CH-DL-01-3,ST-DL-01,DL,2025-12-10,6,6,0,0,6
CH-DL-02-1,ST-DL-02,DL,2025-12-10,8,7,1,1,8
CH-DL-02-2,ST-DL-02,DL,2025-12-10,14,14,0,0,14
CH-DL-02-3,ST-DL-02,DL,2025-12-10,4,4,0,0,4
CH-DL-03-1,ST-DL-03,DL,2025-12-10,11,11,0,0,11
CH-DL-03-2,ST-DL-03,DL,2025-12-10,3,3,0,0,3
CH-DL-03-3,ST-DL-03,DL,2025-12-10,2,2,0,0,2
CH-DL-04-1,ST-DL-04,DL,2025-12-10,19,19,0,0,19
CH-DL-04-2,ST-DL-04,DL,2025-12-10,23,23,0,0,22
CH-DL-04-3,ST-DL-04,DL,2025-12-10,5,5,0,0,5
CH-DL-05-1,ST-DL-05,DL,2025-12-10,7,7,0,0,7
CH-DL-05-2,ST-DL-05,DL,2025-12-10,9,9,0,0,9
CH-DL-05-3,ST-DL-05,DL,2025-12-10,3,3,0,0,3
CH-SH-01-1,ST-SH-01,SH,2025-12-10,9,8,1,1,9
CH-SH-01-2,ST-SH-01,SH,2025-12-10,14,14,0,0,14
CH-SH-01-3,ST-SH-01,SH,2025-12-10,4,4,0,0,4
CH-SH-02-1,ST-SH-02,SH,2025-12-10,14,14,0,0,14
CH-SH-02-2,ST-SH-02,SH,2025-12-10,17,17,0,0,17
CH-SH-02-3,ST-SH-02,SH,2025-12-10,4,4,0,0,4
CH-SH-03-1,ST-SH-03,SH,2025-12-10,8,8,0,0,8
CH-SH-03-2,ST-SH-03,SH,2025-12-10,3,3,0,0,3
CH-SH-03-3,ST-SH-03,SH,2025-12-10,3,3,0,0,3
CH-SH-04-1,ST-SH-04,SH,2025-12-10,15,15,0,0,15
CH-SH-04-2,ST-SH-04,SH,2025-12-10,17,17,0,0,17
CH-SH-04-3,ST-SH-04,SH,2025-12-10,6,6,0,0,6
CH-SH-05-1,ST-SH-05,SH,2025-12-10,9,8,1,1,9
CH-SH-05-2,ST-SH-05,SH,2025-12-10,9,8,1,1,9
CH-SH-05-3,ST-SH-05,SH,2025-12-10,4,4,0,0,4
CH-SY-01-1,ST-SY-01,SY,2025-12-10,13,12,1,1,13
CH-SY-01-2,ST-SY-01,SY,2025-12-10,11,11,0,0,11
CH-SY-01-3,ST-SY-01,SY,2025-12-10,5,5,0,0,5
CH-SY-02-1,ST-SY-02,SY,2025-12-10,10,10,0,0,10
CH-SY-02-2,ST-SY-02,SY,2025-12-10,8,8,0,0,8
CH-SY-02-3,ST-SY-02,SY,2025-12-10,4,4,0,0,4
CH-SY-03-1,ST-SY-03,SY,2025-12-10,7,7,0,0,7
CH-SY-03-2,ST-SY-03,SY,2025-12-10,3,3,0,0,3
CH-SY-03-3,ST-SY-03,SY,2025-12-10,3,3,0,0,3
CH-SY-04-1,ST-SY-04,SY,2025-12-10,16,16,0,0,15
CH-SY-04-2,ST-SY-04,SY,2025-12-10,10,10,0,0,10
CH-SY-04-3,ST-SY-04,SY,2025-12-10,5,5,0,0,5
CH-SY-05-1,ST-SY-05,SY,2025-12-10,10,9,1,1,10
CH-SY-05-2,ST-SY-05,SY,2025-12-10,12,12,0,0,12
CH-SY-05-3,ST-SY-05,SY,2025-12-10,3,3,0,0,3
CH-SZ-01-1,ST-SZ-01,SZ,2025-12-10,10,9,1,1,10
CH-SZ-01-2,ST-SZ-01,SZ,2025-12-10,11,11,0,0,11
CH-SZ-01-3,ST-SZ-01,SZ,2025-12-10,4,4,0,0,4
CH-SZ-02-1,ST-SZ-02,SZ,2025-12-10,10,9,1,1,10
CH-SZ-02-2,ST-SZ-02,SZ,2025-12-10,9,9,0,0,9
CH-SZ-02-3,ST-SZ-02,SZ,2025-12-10,4,4,0,0,4
CH-SZ-03-1,ST-SZ-03,SZ,2025-12-10,6,6,0,0,6
CH-SZ-03-2,ST-SZ-03,SZ,2025-12-10,1,1,0,0,1
CH-SZ-03-3,ST-SZ-03,SZ,2025-12-10,2,2,0,0,2
CH-SZ-04-1,ST-SZ-04,SZ,2025-12-10,18,18,0,0,18
CH-SZ-04-2,ST-SZ-04,SZ,2025-12-10,16,14,2,1,15
CH-SZ-04-3,ST-SZ-04,SZ,2025-12-10,5,5,0,0,4
CH-SZ-05-1,ST-SZ-05,SZ,2025-12-10,9,9,0,0,9
CH-SZ-05-2,ST-SZ-05,SZ,2025-12-10,11,11,0,0,11
CH-SZ-05-3,ST-SZ-05,SZ,2025-12-10,6,6,0,0,6
CH-BJ-01-1,ST-BJ-01,BJ,2025-12-11,6,6,0,0,6
CH-BJ-01-2,ST-BJ-01,BJ,2025-12-11,7,7,0,0,7
CH-BJ-01-3,ST-BJ-01,BJ,2025-12-11,4,4,0,0,4
CH-BJ-02-1,ST-BJ-02,BJ,2025-12-11,10,9,1,1,10
CH-BJ-02-2,ST-BJ-02,BJ,2025-12-11,14,14,0,0,14
CH-BJ-02-3,ST-BJ-02,BJ,2025-12-11,6,5,1,1,6
CH-BJ-03-1,ST-BJ-03,BJ,2025-12-11,5,5,0,0,5
CH-BJ-03-2,ST-BJ-03,BJ,2025-12-11,1,1,0,0,1
CH-BJ-03-3,ST-BJ-03,BJ,2025-12-11,2,2,0,0,2
CH-BJ-04-1,ST-BJ-04,BJ,2025-12-11,15,15,0,0,15
CH-BJ-04-2,ST-BJ-04,BJ,2025-12-11,19,19,0,0,18
CH-BJ-04-3,ST-BJ-04,BJ,2025-12-11,4,4,0,0,4
CH-BJ-05-1,ST-BJ-05,BJ,2025-12-11,10,9,1,1,10
CH-BJ-05-2,ST-BJ-05,BJ,2025-12-11,9,9,0,0,9
CH-BJ-05-3,ST-BJ-05,BJ,2025-12-11,3,3,0,0,3
CH-DL-01-1,ST-DL-01,DL,2025-12-11,6,6,0,0,6
CH-DL-01-2,ST-DL-01,DL,2025-12-11,9,9,0,0,9
CH-DL-01-3,ST-DL-01,DL,2025-12-11,3,3,0,0,3
CH-DL-02-1,ST-DL-02,DL,2025-12-11,14,12,2,1,14
CH-DL-02-2,ST-DL-02,DL,2025-12-11,12,12,0,0,12
CH-DL-02-3,ST-DL-02,DL,2025-12-11,6,6,0,0,6
CH-DL-03-1,ST-DL-03,DL,2025-12-11,6,5,1,1,6
CH-DL-03-2,ST-DL-03,DL,2025-12-11,3,3,0,0,3
CH-DL-03-3,ST-DL-03,DL,2025-12-11,1,1,0,0,1
CH-DL-04-1,ST-DL-04,DL,2025-12-11,15,15,0,0,15
CH-DL-04-2,ST-DL-04,DL,2025-12-11,23,21,2,1,23
CH-DL-04-3,ST-DL-04,DL,2025-12-11,8,8,0,0,8
CH-DL-05-1,ST-DL-05,DL,2025-12-11,8,5,3,1,8
CH-DL-05-2,ST-DL-05,DL,2025-12-11,7,7,0,0,7
CH-DL-05-3,ST-DL-05,DL,2025-12-11,5,5,0,0,5
CH-SH-01-1,ST-SH-01,SH,2025-12-11,10,10,0,0,10
CH-SH-01-2,ST-SH-01,SH,2025-12-11,12,12,0,0,12
CH-SH-01-3,ST-SH-01,SH,2025-12-11,5,5,0,0,5
CH-SH-02-1,ST-SH-02,SH,2025-12-11,12,12,0,0,12
CH-SH-02-2,ST-SH-02,SH,2025-12-11,13,13,0,0,13
CH-SH-02-3,ST-SH-02,SH,2025-12-11,5,5,0,0,5
CH-SH-03-1,ST-SH-03,SH,2025-12-11,9,9,0,0,9
CH-SH-03-2,ST-SH-03,SH,2025-12-11,2,2,0,0,2
CH-SH-03-3,ST-SH-03,SH,2025-12-11,2,2,0,0,2
CH-SH-04-1,ST-SH-04,SH,2025-12-11,16,16,0,0,15
CH-SH-04-2,ST-SH-04,SH,2025-12-11,20,20,0,0,20
CH-SH-04-3,ST-SH-04,SH,2025-12-11,5,5,0,0,5
CH-SH-05-1,ST-SH-05,SH,2025-12-11,5,4,1,1,5
CH-SH-05-2,ST-SH-05,SH,2025-12-11,6,6,0,0,6
CH-SH-05-3,ST-SH-05,SH,2025-12-11,5,5,0,0,5
CH-SY-01-1,ST-SY-01,SY,2025-12-11,6,6,0,0,6
CH-SY-01-2,ST-SY-01,SY,2025-12-11,9,9,0,0,9
CH-SY-01-3,ST-SY-01,SY,2025-12-11,3,3,0,0,3
CH-SY-02-1,ST-SY-02,SY,2025-12-11,11,10,1,1,11
CH-SY-02-2,ST-SY-02,SY,2025-12-11,11,11,0,0,11
CH-SY-02-3,ST-SY-02,SY,2025-12-11,4,4,0,0,4
CH-SY-03-1,ST-SY-03,SY,2025-12-11,9,9,0,0,9
CH-SY-03-2,ST-SY-03,SY,2025-12-11,3,3,0,0,3
CH-SY-03-3,ST-SY-03,SY,2025-12-11,3,3,0,0,3
CH-SY-04-1,ST-SY-04,SY,2025-12-11,13,13,0,0,13
CH-SY-04-2,ST-SY-04,SY,2025-12-11,18,18,0,0,18
CH-SY-04-3,ST-SY-04,SY,2025-12-11,5,5,0,0,5
CH-SY-05-1,ST-SY-05,SY,2025-12-11,6,6,0,0,6
CH-SY-05-2,ST-SY-05,SY,2025-12-11,12,12,0,0,12
CH-SY-05-3,ST-SY-05,SY,2025-12-11,3,3,0,0,3
CH-SZ-01-1,ST-SZ-01,SZ,2025-12-11,10,8,2,1,10
CH-SZ-01-2,ST-SZ-01,SZ,2025-12-11,14,14,0,0,14
CH-SZ-01-3,ST-SZ-01,SZ,2025-12-11,5,5,0,0,5
CH-SZ-02-1,ST-SZ-02,SZ,2025-12-11,10,10,0,0,10
CH-SZ-02-2,ST-SZ-02,SZ,2025-12-11,13,13,0,0,13
CH-SZ-02-3,ST-SZ-02,SZ,2025-12-11,2,2,0,0,2
CH-SZ-03-1,ST-SZ-03,SZ,2025-12-11,7,7,0,0,7
CH-SZ-03-2,ST-SZ-03,SZ,2025-12-11,3,3,0,0,3
CH-SZ-03-3,ST-SZ-03,SZ,2025-12-11,1,1,0,0,1
CH-SZ-04-1,ST-SZ-04,SZ,2025-12-11,15,15,0,0,15
CH-SZ-04-2,ST-SZ-04,SZ,2025-12-11,16,15,1,1,16
CH-SZ-04-3,ST-SZ-04,SZ,2025-12-11,6,6,0,0,6
CH-SZ-05-1,ST-SZ-05,SZ,2025-12-11,10,10,0,0,10
CH-SZ-05-2,ST-SZ-05,SZ,2025-12-11,7,7,0,0,7
CH-SZ-05-3,ST-SZ-05,SZ,2025-12-11,5,5,0,0,5
CH-BJ-01-1,ST-BJ-01,BJ,2025-12-12,9,9,0,0,9
CH-BJ-01-2,ST-BJ-01,BJ,2025-12-12,10,10,0,0,10
CH-BJ-01-3,ST-BJ-01,BJ,2025-12-12,4,4,0,0,4
CH-BJ-02-1,ST-BJ-02,BJ,2025-12-12,9,9,0,0,9
CH-BJ-02-2,ST-BJ-02,BJ,2025-12-12,12,12,0,0,12
CH-BJ-02-3,ST-BJ-02,BJ,2025-12-12,4,4,0,0,4
CH-BJ-03-1,ST-BJ-03,BJ,2025-12-12,7,6,1,1,7
CH-BJ-03-2,ST-BJ-03,BJ,2025-12-12,2,2,0,0,2
CH-BJ-03-3,ST-BJ-03,BJ,2025-12-12,1,1,0,0,1
CH-BJ-04-1,ST-BJ-04,BJ,2025-12-12,11,10,1,1,11
CH-BJ-04-2,ST-BJ-04,BJ,2025-12-12,18,18,0,0,18
CH-BJ-04-3,ST-BJ-04,BJ,2025-12-12,5,5,0,0,5
CH-BJ-05-1,ST-BJ-05,BJ,2025-12-12,7,6,1,1,7
CH-BJ-05-2,ST-BJ-05,BJ,2025-12-12,11,11,0,0,11
CH-BJ-05-3,ST-BJ-05,BJ,2025-12-12,6,6,0,0,6
CH-DL-01-1,ST-DL-01,DL,2025-12-12,8,8,0,0,8
CH-DL-01-2,ST-DL-01,DL,2025-12-12,9,9,0,0,9
CH-DL-01-3,ST-DL-01,DL,2025-12-12,3,3,0,0,3
CH-DL-02-1,ST-DL-02,DL,2025-12-12,12,10,2,1,12
CH-DL-02-2,ST-DL-02,DL,2025-12-12,15,15,0,0,15
CH-DL-02-3,ST-DL-02,DL,2025-12-12,4,4,0,0,4
CH-DL-03-1,ST-DL-03,DL,2025-12-12,8,8,0,0,8
CH-DL-03-2,ST-DL-03,DL,2025-12-12,4,4,0,0,4
CH-DL-03-3,ST-DL-03,DL,2025-12-12,3,3,0,0,3
CH-DL-04-1,ST-DL-04,DL,2025-12-12,10,10,0,0,10
CH-DL-04-2,ST-DL-04,DL,2025-12-12,16,16,0,0,15
CH-DL-04-3,ST-DL-04,DL,2025-12-12,4,4,0,0,4
CH-DL-05-1,ST-DL-05,DL,2025-12-12,7,7,0,0,7
CH-DL-05-2,ST-DL-05,DL,2025-12-12,5,5,0,0,5
CH-DL-05-3,ST-DL-05,DL,2025-12-12,5,5,0,0,5
CH-SH-01-1,ST-SH-01,SH,2025-12-12,8,8,0,0,8
CH-SH-01-2,ST-SH-01,SH,2025-12-12,13,13,0,0,13
CH-SH-01-3,ST-SH-01,SH,2025-12-12,5,5,0,0,5
CH-SH-02-1,ST-SH-02,SH,2025-12-12,10,10,0,0,10
CH-SH-02-2,ST-SH-02,SH,2025-12-12,10,10,0,0,10
CH-SH-02-3,ST-SH-02,SH,2025-12-12,4,4,0,0,4
CH-SH-03-1,ST-SH-03,SH,2025-12-12,5,5,0,0,5
CH-SH-03-2,ST-SH-03,SH,2025-12-12,2,2,0,0,2
CH-SH-03-3,ST-SH-03,SH,2025-12-12,4,4,0,0,4
CH-SH-04-1,ST-SH-04,SH,2025-12-12,15,15,0,0,15
CH-SH-04-2,ST-SH-04,SH,2025-12-12,15,15,0,0,15
CH-SH-04-3,ST-SH-04,SH,2025-12-12,4,4,0,0,4
CH-SH-05-1,ST-SH-05,SH,2025-12-12,9,7,2,1,9
CH-SH-05-2,ST-SH-05,SH,2025-12-12,15,15,0,0,15
CH-SH-05-3,ST-SH-05,SH,2025-12-12,4,4,0,0,4
CH-SY-01-1,ST-SY-01,SY,2025-12-12,10,9,1,1,10
CH-SY-01-2,ST-SY-01,SY,2025-12-12,11,11,0,0,11
CH-SY-01-3,ST-SY-01,SY,2025-12-12,5,5,0,0,5
CH-SY-02-1,ST-SY-02,SY,2025-12-12,10,9,1,1,10
CH-SY-02-2,ST-SY-02,SY,2025-12-12,14,14,0,0,14
CH-SY-02-3,ST-SY-02,SY,2025-12-12,5,5,0,0,5
CH-SY-03-1,ST-SY-03,SY,2025-12-12,7,7,0,0,7
CH-SY-03-2,ST-SY-03,SY,2025-12-12,1,1,0,0,1
CH-SY-03-3,ST-SY-03,SY,2025-12-12,2,2,0,0,2
CH-SY-04-1,ST-SY-04,SY,2025-12-12,14,13,1,1,13
CH-SY-04-2,ST-SY-04,SY,2025-12-12,21,21,0,0,20
CH-SY-04-3,ST-SY-04,SY,2025-12-12,6,6,0,0,6
CH-SY-05-1,ST-SY-05,SY,2025-12-12,6,6,0,0,6
CH-SY-05-2,ST-SY-05,SY,2025-12-12,4,4,0,0,4
CH-SY-05-3,ST-SY-05,SY,2025-12-12,4,4,0,0,4
CH-SZ-01-1,ST-SZ-01,SZ,2025-12-12,10,10,0,0,10
CH-SZ-01-2,ST-SZ-01,SZ,2025-12-12,16,15,1,1,16
CH-SZ-01-3,ST-SZ-01,SZ,2025-12-12,3,3,0,0,3
CH-SZ-02-1,ST-SZ-02,SZ,2025-12-12,8,8,0,0,8
CH-SZ-02-2,ST-SZ-02,SZ,2025-12-12,12,12,0,0,12
CH-SZ-02-3,ST-SZ-02,SZ,2025-12-12,3,3,0,0,3
CH-SZ-03-1,ST-SZ-03,SZ,2025-12-12,9,8,1,1,9
CH-SZ-03-2,ST-SZ-03,SZ,2025-12-12,3,3,0,0,3
CH-SZ-03-3,ST-SZ-03,SZ,2025-12-12,2,2,0,0,2
CH-SZ-04-1,ST-SZ-04,SZ,2025-12-12,17,15,2,1,17
CH-SZ-04-2,ST-SZ-04,SZ,2025-12-12,14,14,0,0,12
CH-SZ-04-3,ST-SZ-04,SZ,2025-12-12,2,2,0,0,2
CH-SZ-05-1,ST-SZ-05,SZ,2025-12-12,6,6,0,0,6
CH-SZ-05-2,ST-SZ-05,SZ,2025-12-12,8,8,0,0,8
CH-SZ-05-3,ST-SZ-05,SZ,2025-12-12,3,3,0,0,3
CH-BJ-01-1,ST-BJ-01,BJ,2025-12-13,5,5,0,0,5
CH-BJ-01-2,ST-BJ-01,BJ,2025-12-13,5,5,0,0,5
CH-BJ-01-3,ST-BJ-01,BJ,2025-12-13,2,2,0,0,2
CH-BJ-02-1,ST-BJ-02,BJ,2025-12-13,12,10,2,1,12
CH-BJ-02-2,ST-BJ-02,BJ,2025-12-13,11,11,0,0,11
CH-BJ-02-3,ST-BJ-02,BJ,2025-12-13,6,4,2,1,6
CH-BJ-03-1,ST-BJ-03,BJ,2025-12-13,6,6,0,0,6
CH-BJ-03-2,ST-BJ-03,BJ,2025-12-13,3,3,0,0,3
CH-BJ-03-3,ST-BJ-03,BJ,2025-12-13,3,3,0,0,3
CH-BJ-04-1,ST-BJ-04,BJ,2025-12-13,15,15,0,0,15
CH-BJ-04-2,ST-BJ-04,BJ,2025-12-13,18,18,0,0,18
CH-BJ-04-3,ST-BJ-04,BJ,2025-12-13,6,6,0,0,6
CH-BJ-05-1,ST-BJ-05,BJ,2025-12-13,5,5,0,0,5
CH-BJ-05-2,ST-BJ-05,BJ,2025-12-13,2,2,0,0,2
CH-BJ-05-3,ST-BJ-05,BJ,2025-12-13,3,3,0,0,3
CH-DL-01-1,ST-DL-01,DL,2025-12-13,5,5,0,0,5
CH-DL-01-2,ST-DL-01,DL,2025-12-13,6,6,0,0,6
CH-DL-01-3,ST-DL-01,DL,2025-12-13,3,3,0,0,3
CH-DL-02-1,ST-DL-02,DL,2025-12-13,9,8,1,1,9
CH-DL-02-2,ST-DL-02,DL,2025-12-13,13,13,0,0,13
CH-DL-02-3,ST-DL-02,DL,2025-12-13,3,3,0,0,3
CH-DL-03-1,ST-DL-03,DL,2025-12-13,9,9,0,0,9
CH-DL-03-2,ST-DL-03,DL,2025-12-13,1,1,0,0,1
CH-DL-03-3,ST-DL-03,DL,2025-12-13,2,2,0,0,2
CH-DL-04-1,ST-DL-04,DL,2025-12-13,15,15,0,0,15
CH-DL-04-2,ST-DL-04,DL,2025-12-13,16,15,1,1,15
CH-DL-04-3,ST-DL-04,DL,2025-12-13,5,5,0,0,5
CH-DL-05-1,ST-DL-05,DL,2025-12-13,5,5,0,0,5
CH-DL-05-2,ST-DL-05,DL,2025-12-13,4,4,0,0,4
CH-DL-05-3,ST-DL-05,DL,2025-12-13,6,6,0,0,6
CH-SH-01-1,ST-SH-01,SH,2025-12-13,5,5,0,0,5
CH-SH-01-2,ST-SH-01,SH,2025-12-13,4,4,0,0,4
CH-SH-01-3,ST-SH-01,SH,2025-12-13,3,3,0,0,3
CH-SH-02-1,ST-SH-02,SH,2025-12-13,9,9,0,0,9
CH-SH-02-2,ST-SH-02,SH,2025-12-13,17,17,0,0,17
CH-SH-02-3,ST-SH-02,SH,2025-12-13,5,5,0,0,5
CH-SH-03-1,ST-SH-03,SH,2025-12-13,2,2,0,0,2
CH-SH-03-2,ST-SH-03,SH,2025-12-13,2,2,0,0,2
CH-SH-03-3,ST-SH-03,SH,2025-12-13,2,2,0,0,2
CH-SH-04-1,ST-SH-04,SH,2025-12-13,14,14,0,0,13
CH-SH-04-2,ST-SH-04,SH,2025-12-13,17,16,1,1,17
CH-SH-04-3,ST-SH-04,SH,2025-12-13,5,4,1,1,5
CH-SH-05-1,ST-SH-05,SH,2025-12-13,4,3,1,1,4
CH-SH-05-2,ST-SH-05,SH,2025-12-13,5,5,0,0,5
CH-SH-05-3,ST-SH-05,SH,2025-12-13,4,4,0,0,4
CH-SY-01-1,ST-SY-01,SY,2025-12-13,2,2,0,0,2
CH-SY-01-2,ST-SY-01,SY,2025-12-13,5,5,0,0,5
CH-SY-01-3,ST-SY-01,SY,2025-12-13,4,4,0,0,4
CH-SY-02-1,ST-SY-02,SY,2025-12-13,12,11,1,1,12
CH-SY-02-2,ST-SY-02,SY,2025-12-13,13,13,0,0,13
CH-SY-02-3,ST-SY-02,SY,2025-12-13,5,5,0,0,5
CH-SY-03-1,ST-SY-03,SY,2025-12-13,6,6,0,0,6
CH-SY-03-2,ST-SY-03,SY,2025-12-13,3,3,0,0,3
CH-SY-03-3,ST-SY-03,SY,2025-12-13,3,3,0,0,3
CH-SY-04-1,ST-SY-04,SY,2025-12-13,14,13,1,1,14
CH-SY-04-2,ST-SY-04,SY,2025-12-13,21,20,1,1,20
CH-SY-04-3,ST-SY-04,SY,2025-12-13,6,6,0,0,6
CH-SY-05-1,ST-SY-05,SY,2025-12-13,5,5,0,0,5
CH-SY-05-2,ST-SY-05,SY,2025-12-13,4,4,0,0,4
CH-SY-05-3,ST-SY-05,SY,2025-12-13,5,5,0,0,5
CH-SZ-01-1,ST-SZ-01,SZ,2025-12-13,5,5,0,0,5
CH-SZ-01-2,ST-SZ-01,SZ,2025-12-13,3,3,0,0,3
CH-SZ-01-3,ST-SZ-01,SZ,2025-12-13,3,3,0,0,3
CH-SZ-02-1,ST-SZ-02,SZ,2025-12-13,11,11,0,0,11
CH-SZ-02-2,ST-SZ-02,SZ,2025-12-13,10,10,0,0,10
CH-SZ-02-3,ST-SZ-02,SZ,2025-12-13,3,3,0,0,3
CH-SZ-03-1,ST-SZ-03,SZ,2025-12-13,7,5,2,1,7
CH-SZ-03-2,ST-SZ-03,SZ,2025-12-13,2,2,0,0,2
CH-SZ-03-3,ST-SZ-03,SZ,2025-12-13,1,1,0,0,1
CH-SZ-04-1,ST-SZ-04,SZ,2025-12-13,16,16,0,0,16
CH-SZ-04-2,ST-SZ-04,SZ,2025-12-13,15,14,1,1,15
CH-SZ-04-3,ST-SZ-04,SZ,2025-12-13,4,4,0,0,4
CH-SZ-05-1,ST-SZ-05,SZ,2025-12-13,4,4,0,0,4
CH-SZ-05-2,ST-SZ-05,SZ,2025-12-13,5,5,0,0,5
CH-SZ-05-3,ST-SZ-05,SZ,2025-12-13,4,4,0,0,4
CH-BJ-01-1,ST-BJ-01,BJ,2025-12-14,2,2,0,0,2
CH-BJ-01-2,ST-BJ-01,BJ,2025-12-14,2,2,0,0,2
CH-BJ-01-3,ST-BJ-01,BJ,2025-12-14,4,4,0,0,4
CH-BJ-02-1,ST-BJ-02,BJ,2025-12-14,14,14,0,0,14
CH-BJ-02-2,ST-BJ-02,BJ,2025-12-14,15,15,0,0,15
CH-BJ-02-3,ST-BJ-02,BJ,2025-12-14,4,4,0,0,4
CH-BJ-03-1,ST-BJ-03,BJ,2025-12-14,10,9,1,1,10
CH-BJ-03-2,ST-BJ-03,BJ,2025-12-14,3,3,0,0,3
CH-BJ-03-3,ST-BJ-03,BJ,2025-12-14,3,3,0,0,3
CH-BJ-04-1,ST-BJ-04,BJ,2025-12-14,14,14,0,0,14
CH-BJ-04-2,ST-BJ-04,BJ,2025-12-14,22,20,2,1,22
CH-BJ-04-3,ST-BJ-04,BJ,2025-12-14,4,4,0,0,4
CH-BJ-05-1,ST-BJ-05,BJ,2025-12-14,7,7,0,0,7
CH-BJ-05-2,ST-BJ-05,BJ,2025-12-14,9,9,0,0,9
CH-BJ-05-3,ST-BJ-05,BJ,2025-12-14,4,4,0,0,4
CH-DL-01-1,ST-DL-01,DL,2025-12-14,5,5,0,0,5
CH-DL-01-2,ST-DL-01,DL,2025-12-14,8,8,0,0,8
CH-DL-01-3,ST-DL-01,DL,2025-12-14,5,5,0,0,5
CH-DL-02-1,ST-DL-02,DL,2025-12-14,10,10,0,0,10
CH-DL-02-2,ST-DL-02,DL,2025-12-14,14,14,0,0,14
CH-DL-02-3,ST-DL-02,DL,2025-12-14,4,4,0,0,4
CH-DL-03-1,ST-DL-03,DL,2025-12-14,4,4,0,0,4
CH-DL-03-2,ST-DL-03,DL,2025-12-14,3,3,0,0,3
CH-DL-03-3,ST-DL-03,DL,2025-12-14,2,2,0,0,2
CH-DL-04-1,ST-DL-04,DL,2025-12-14,18,18,0,0,18
CH-DL-04-2,ST-DL-04,DL,2025-12-14,17,15,2,1,17
CH-DL-04-3,ST-DL-04,DL,2025-12-14,5,5,0,0,5
CH-DL-05-1,ST-DL-05,DL,2025-12-14,6,6,0,0,6
CH-DL-05-2,ST-DL-05,DL,2025-12-14,2,2,0,0,2
CH-DL-05-3,ST-DL-05,DL,2025-12-14,3,3,0,0,3
CH-SH-01-1,ST-SH-01,SH,2025-12-14,4,4,0,0,4
CH-SH-01-2,ST-SH-01,SH,2025-12-14,4,4,0,0,4
CH-SH-01-3,ST-SH-01,SH,2025-12-14,3,3,0,0,3
CH-SH-02-1,ST-SH-02,SH,2025-12-14,12,10,2,1,12
CH-SH-02-2,ST-SH-02,SH,2025-12-14,14,14,0,0,14
CH-SH-02-3,ST-SH-02,SH,2025-12-14,4,4,0,0,4
CH-SH-03-1,ST-SH-03,SH,2025-12-14,6,6,0,0,6
CH-SH-03-2,ST-SH-03,SH,2025-12-14,2,2,0,0,2
CH-SH-03-3,ST-SH-03,SH,2025-12-14,3,3,0,0,3
CH-SH-04-1,ST-SH-04,SH,2025-12-14,10,7,3,1,9
CH-SH-04-2,ST-SH-04,SH,2025-12-14,18,17,1,1,18
CH-SH-04-3,ST-SH-04,SH,2025-12-14,6,6,0,0,6
CH-SH-05-1,ST-SH-05,SH,2025-12-14,4,3,1,1,4
CH-SH-05-2,ST-SH-05,SH,2025-12-14,6,6,0,0,6
CH-SH-05-3,ST-SH-05,SH,2025-12-14,3,3,0,0,3
CH-SY-01-1,ST-SY-01,SY,2025-12-14,7,6,1,1,7
CH-SY-01-2,ST-SY-01,SY,2025-12-14,7,7,0,0,7
CH-SY-01-3,ST-SY-01,SY,2025-12-14,3,3,0,0,3
CH-SY-02-1,ST-SY-02,SY,2025-12-14,11,11,0,0,11
CH-SY-02-2,ST-SY-02,SY,2025-12-14,12,12,0,0,12
CH-SY-02-3,ST-SY-02,SY,2025-12-14,6,5,1,1,6
CH-SY-03-1,ST-SY-03,SY,2025-12-14,4,4,0,0,4
CH-SY-03-2,ST-SY-03,SY,2025-12-14,2,2,0,0,2
CH-SY-03-3,ST-SY-03,SY,2025-12-14,3,3,0,0,3
CH-SY-04-1,ST-SY-04,SY,2025-12-14,18,17,1,1,17
CH-SY-04-2,ST-SY-04,SY,2025-12-14,19,19,0,0,18
CH-SY-04-3,ST-SY-04,SY,2025-12-14,5,4,1,1,5
CH-SY-05-1,ST-SY-05,SY,2025-12-14,8,8,0,0,8
CH-SY-05-2,ST-SY-05,SY,2025-12-14,6,6,0,0,6
CH-SY-05-3,ST-SY-05,SY,2025-12-14,4,4,0,0,4
CH-SZ-01-1,ST-SZ-01,SZ,2025-12-14,5,4,1,1,5
CH-SZ-01-2,ST-SZ-01,SZ,2025-12-14,3,3,0,0,3
CH-SZ-01-3,ST-SZ-01,SZ,2025-12-14,2,2,0,0,2
CH-SZ-02-1,ST-SZ-02,SZ,2025-12-14,11,11,0,0,11
CH-SZ-02-2,ST-SZ-02,SZ,2025-12-14,10,10,0,0,10
CH-SZ-02-3,ST-SZ-02,SZ,2025-12-14,6,6,0,0,6
CH-SZ-03-1,ST-SZ-03,SZ,2025-12-14,8,8,0,0,8
CH-SZ-03-2,ST-SZ-03,SZ,2025-12-14,2,2,0,0,2
CH-SZ-03-3,ST-SZ-03,SZ,2025-12-14,2,2,0,0,2
CH-SZ-04-1,ST-SZ-04,SZ,2025-12-14,14,14,0,0,13
CH-SZ-04-2,ST-SZ-04,SZ,2025-12-14,20,20,0,0,20
CH-SZ-04-3,ST-SZ-04,SZ,2025-12-14,4,3,1,1,4
CH-SZ-05-1,ST-SZ-05,SZ,2025-12-14,6,6,0,0,6
CH-SZ-05-2,ST-SZ-05,SZ,2025-12-14,8,8,0,0,8
CH-SZ-05-3,ST-SZ-05,SZ,2025-12-14,3,3,0,0,3
CH-BJ-01-1,ST-BJ-01,BJ,2025-12-15,8,8,0,0,8
CH-BJ-01-2,ST-BJ-01,BJ,2025-12-15,8,8,0,0,8
CH-BJ-01-3,ST-BJ-01,BJ,2025-12-15,4,4,0,0,4
CH-BJ-02-1,ST-BJ-02,BJ,2025-12-15,9,9,0,0,9
CH-BJ-02-2,ST-BJ-02,BJ,2025-12-15,8,8,0,0,8
CH-BJ-02-3,ST-BJ-02,BJ,2025-12-15,5,5,0,0,5
CH-BJ-03-1,ST-BJ-03,BJ,2025-12-15,7,7,0,0,7
CH-BJ-03-2,ST-BJ-03,BJ,2025-12-15,1,1,0,0,1
CH-BJ-03-3,ST-BJ-03,BJ,2025-12-15,3,3,0,0,3
CH-BJ-04-1,ST-BJ-04,BJ,2025-12-15,8,8,0,0,8
CH-BJ-04-2,ST-BJ-04,BJ,2025-12-15,16,16,0,0,16
CH-BJ-04-3,ST-BJ-04,BJ,2025-12-15,4,4,0,0,4
CH-BJ-05-1,ST-BJ-05,BJ,2025-12-15,7,6,1,1,7
CH-BJ-05-2,ST-BJ-05,BJ,2025-12-15,12,12,0,0,12
CH-BJ-05-3,ST-BJ-05,BJ,2025-12-15,5,5,0,0,5
CH-DL-01-1,ST-DL-01,DL,2025-12-15,6,6,0,0,6
CH-DL-01-2,ST-DL-01,DL,2025-12-15,12,12,0,0,12
CH-DL-01-3,ST-DL-01,DL,2025-12-15,4,4,0,0,4
CH-DL-02-1,ST-DL-02,DL,2025-12-15,7,7,0,0,7
CH-DL-02-2,ST-DL-02,DL,2025-12-15,10,10,0,0,10
CH-DL-02-3,ST-DL-02,DL,2025-12-15,3,2,1,1,3
CH-DL-03-1,ST-DL-03,DL,2025-12-15,9,9,0,0,9
CH-DL-03-2,ST-DL-03,DL,2025-12-15,3,3,0,0,3
CH-DL-03-3,ST-DL-03,DL,2025-12-15,2,2,0,0,2
CH-DL-04-1,ST-DL-04,DL,2025-12-15,18,16,2,1,18
CH-DL-04-2,ST-DL-04,DL,2025-12-15,19,19,0,0,19
CH-DL-04-3,ST-DL-04,DL,2025-12-15,3,3,0,0,3
CH-DL-05-1,ST-DL-05,DL,2025-12-15,9,9,0,0,9
CH-DL-05-2,ST-DL-05,DL,2025-12-15,6,6,0,0,6
CH-DL-05-3,ST-DL-05,DL,2025-12-15,5,5,0,0,5
CH-SH-01-1,ST-SH-01,SH,2025-12-15,9,7,2,1,8
CH-SH-01-2,ST-SH-01,SH,2025-12-15,14,14,0,0,14
CH-SH-01-3,ST-SH-01,SH,2025-12-15,3,3,0,0,3
CH-SH-02-1,ST-SH-02,SH,2025-12-15,10,10,0,0,10
CH-SH-02-2,ST-SH-02,SH,2025-12-15,13,13,0,0,13
CH-SH-02-3,ST-SH-02,SH,2025-12-15,3,3,0,0,3
CH-SH-03-1,ST-SH-03,SH,2025-12-15,6,6,0,0,6
CH-SH-03-2,ST-SH-03,SH,2025-12-15,3,3,0,0,3
CH-SH-03-3,ST-SH-03,SH,2025-12-15,3,3,0,0,3
CH-SH-04-1,ST-SH-04,SH,2025-12-15,14,14,0,0,13
CH-SH-04-2,ST-SH-04,SH,2025-12-15,14,14,0,0,14
CH-SH-04-3,ST-SH-04,SH,2025-12-15,4,4,0,0,4
CH-SH-05-1,ST-SH-05,SH,2025-12-15,7,6,1,1,7
CH-SH-05-2,ST-SH-05,SH,2025-12-15,8,8,0,0,8
CH-SH-05-3,ST-SH-05,SH,2025-12-15,2,2,0,0,2
CH-SY-01-1,ST-SY-01,SY,2025-12-15,6,6,0,0,6
CH-SY-01-2,ST-SY-01,SY,2025-12-15,9,9,0,0,9
CH-SY-01-3,ST-SY-01,SY,2025-12-15,4,4,0,0,4
CH-SY-02-1,ST-SY-02,SY,2025-12-15,11,11,0,0,11
CH-SY-02-2,ST-SY-02,SY,2025-12-15,17,17,0,0,17
CH-SY-02-3,ST-SY-02,SY,2025-12-15,4,4,0,0,4
CH-SY-03-1,ST-SY-03,SY,2025-12-15,8,5,3,1,8
CH-SY-03-2,ST-SY-03,SY,2025-12-15,3,3,0,0,3
CH-SY-03-3,ST-SY-03,SY,2025-12-15,2,2,0,0,2
CH-SY-04-1,ST-SY-04,SY,2025-12-15,11,11,0,0,11
CH-SY-04-2,ST-SY-04,SY,2025-12-15,18,17,1,1,18
CH-SY-04-3,ST-SY-04,SY,2025-12-15,3,3,0,0,3
CH-SY-05-1,ST-SY-05,SY,2025-12-15,7,7,0,0,7
CH-SY-05-2,ST-SY-05,SY,2025-12-15,10,9,1,1,10
CH-SY-05-3,ST-SY-05,SY,2025-12-15,3,3,0,0,3
CH-SZ-01-1,ST-SZ-01,SZ,2025-12-15,13,12,1,1,13
CH-SZ-01-2,ST-SZ-01,SZ,2025-12-15,13,12,1,1,13
CH-SZ-01-3,ST-SZ-01,SZ,2025-12-15,4,4,0,0,4
CH-SZ-02-1,ST-SZ-02,SZ,2025-12-15,6,6,0,0,6
CH-SZ-02-2,ST-SZ-02,SZ,2025-12-15,11,11,0,0,11
CH-SZ-02-3,ST-SZ-02,SZ,2025-12-15,4,4,0,0,4
CH-SZ-03-1,ST-SZ-03,SZ,2025-12-15,6,6,0,0,6
CH-SZ-03-2,ST-SZ-03,SZ,2025-12-15,2,2,0,0,2
CH-SZ-03-3,ST-SZ-03,SZ,2025-12-15,1,1,0,0,1
CH-SZ-04-1,ST-SZ-04,SZ,2025-12-15,16,16,0,0,16
CH-SZ-04-2,ST-SZ-04,SZ,2025-12-15,19,19,0,0,18
CH-SZ-04-3,ST-SZ-04,SZ,2025-12-15,2,2,0,0,2
CH-SZ-05-1,ST-SZ-05,SZ,2025-12-15,9,8,1,1,9
CH-SZ-05-2,ST-SZ-05,SZ,2025-12-15,12,11,1,1,12
CH-SZ-05-3,ST-SZ-05,SZ,2025-12-15,4,4,0,0,4
CH-BJ-01-1,ST-BJ-01,BJ,2025-12-16,9,9,0,0,9
CH-BJ-01-2,ST-BJ-01,BJ,2025-12-16,11,11,0,0,11
CH-BJ-01-3,ST-BJ-01,BJ,2025-12-16,1,1,0,0,1
CH-BJ-02-1,ST-BJ-02,BJ,2025-12-16,9,8,1,1,9
CH-BJ-02-2,ST-BJ-02,BJ,2025-12-16,14,13,1,1,14
CH-BJ-02-3,ST-BJ-02,BJ,2025-12-16,5,4,1,1,5
CH-BJ-03-1,ST-BJ-03,BJ,2025-12-16,9,8,1,1,9
CH-BJ-03-2,ST-BJ-03,BJ,2025-12-16,3,3,0,0,3
CH-BJ-03-3,ST-BJ-03,BJ,2025-12-16,1,1,0,0,1
CH-BJ-04-1,ST-BJ-04,BJ,2025-12-16,13,12,1,1,13
CH-BJ-04-2,ST-BJ-04,BJ,2025-12-16,16,16,0,0,16
CH-BJ-04-3,ST-BJ-04,BJ,2025-12-16,4,4,0,0,4
CH-BJ-05-1,ST-BJ-05,BJ,2025-12-16,7,7,0,0,7
CH-BJ-05-2,ST-BJ-05,BJ,2025-12-16,11,11,0,0,11
CH-BJ-05-3,ST-BJ-05,BJ,2025-12-16,3,3,0,0,3
CH-DL-01-1,ST-DL-01,DL,2025-12-16,13,12,1,1,13
CH-DL-01-2,ST-DL-01,DL,2025-12-16,13,13,0,0,13
CH-DL-01-3,ST-DL-01,DL,2025-12-16,3,3,0,0,3
CH-DL-02-1,ST-DL-02,DL,2025-12-16,12,11,1,1,12
CH-DL-02-2,ST-DL-02,DL,2025-12-16,14,14,0,0,14
CH-DL-02-3,ST-DL-02,DL,2025-12-16,3,3,0,0,3
CH-DL-03-1,ST-DL-03,DL,2025-12-16,10,9,1,1,10
CH-DL-03-2,ST-DL-03,DL,2025-12-16,2,2,0,0,2
CH-DL-03-3,ST-DL-03,DL,2025-12-16,2,2,0,0,2
CH-DL-04-1,ST-DL-04,DL,2025-12-16,16,16,0,0,16
CH-DL-04-2,ST-DL-04,DL,2025-12-16,12,12,0,0,12
CH-DL-04-3,ST-DL-04,DL,2025-12-16,6,6,0,0,6
CH-DL-05-1,ST-DL-05,DL,2025-12-16,7,7,0,0,7
CH-DL-05-2,ST-DL-05,DL,2025-12-16,9,8,1,1,9
CH-DL-05-3,ST-DL-05,DL,2025-12-16,2,2,0,0,2
CH-SH-01-1,ST-SH-01,SH,2025-12-16,10,10,0,0,10
CH-SH-01-2,ST-SH-01,SH,2025-12-16,11,11,0,0,11
CH-SH-01-3,ST-SH-01,SH,2025-12-16,6,6,0,0,6
CH-SH-02-1,ST-SH-02,SH,2025-12-16,13,10,3,1,13
CH-SH-02-2,ST-SH-02,SH,2025-12-16,17,17,0,0,17
CH-SH-02-3,ST-SH-02,SH,2025-12-16,5,5,0,0,5
CH-SH-03-1,ST-SH-03,SH,2025-12-16,9,8,1,1,9
CH-SH-03-2,ST-SH-03,SH,2025-12-16,2,2,0,0,2
CH-SH-03-3,ST-SH-03,SH,2025-12-16,3,3,0,0,3
CH-SH-04-1,ST-SH-04,SH,2025-12-16,15,13,2,1,15
CH-SH-04-2,ST-SH-04,SH,2025-12-16,13,13,0,0,13
CH-SH-04-3,ST-SH-04,SH,2025-12-16,6,6,0,0,6
CH-SH-05-1,ST-SH-05,SH,2025-12-16,8,7,1,1,8
CH-SH-05-2,ST-SH-05,SH,2025-12-16,8,7,1,1,8
CH-SH-05-3,ST-SH-05,SH,2025-12-16,3,3,0,0,3
CH-SY-01-1,ST-SY-01,SY,2025-12-16,12,12,0,0,12
CH-SY-01-2,ST-SY-01,SY,2025-12-16,14,14,0,0,14
CH-SY-01-3,ST-SY-01,SY,2025-12-16,6,6,0,0,6
CH-SY-02-1,ST-SY-02,SY,2025-12-16,15,14,1,1,15
CH-SY-02-2,ST-SY-02,SY,2025-12-16,18,18,0,0,18
CH-SY-02-3,ST-SY-02,SY,2025-12-16,5,5,0,0,5
CH-SY-03-1,ST-SY-03,SY,2025-12-16,8,8,0,0,8
CH-SY-03-2,ST-SY-03,SY,2025-12-16,1,1,0,0,1
CH-SY-03-3,ST-SY-03,SY,2025-12-16,3,3,0,0,3
CH-SY-04-1,ST-SY-04,SY,2025-12-16,17,16,1,1,17
CH-SY-04-2,ST-SY-04,SY,2025-12-16,12,12,0,0,12
CH-SY-04-3,ST-SY-04,SY,2025-12-16,3,3,0,0,3
CH-SY-05-1,ST-SY-05,SY,2025-12-16,11,10,1,1,11
CH-SY-05-2,ST-SY-05,SY,2025-12-16,13,12,1,1,13
CH-SY-05-3,ST-SY-05,SY,2025-12-16,3,3,0,0,3
CH-SZ-01-1,ST-SZ-01,SZ,2025-12-16,10,10,0,0,10
CH-SZ-01-2,ST-SZ-01,SZ,2025-12-16,10,10,0,0,10
CH-SZ-01-3,ST-SZ-01,SZ,2025-12-16,5,5,0,0,5
CH-SZ-02-1,ST-SZ-02,SZ,2025-12-16,3,3,0,0,3
CH-SZ-02-2,ST-SZ-02,SZ,2025-12-16,6,6,0,0,6
CH-SZ-02-3,ST-SZ-02,SZ,2025-12-16,4,4,0,0,4
CH-SZ-03-1,ST-SZ-03,SZ,2025-12-16,6,5,1,1,6
CH-SZ-03-2,ST-SZ-03,SZ,2025-12-16,1,1,0,0,1
CH-SZ-03-3,ST-SZ-03,SZ,2025-12-16,2,2,0,0,2
CH-SZ-04-1,ST-SZ-04,SZ,2025-12-16,12,12,0,0,12
CH-SZ-04-2,ST-SZ-04,SZ,2025-12-16,20,20,0,0,20
CH-SZ-04-3,ST-SZ-04,SZ,2025-12-16,6,6,0,0,6
CH-SZ-05-1,ST-SZ-05,SZ,2025-12-16,10,8,2,1,10
CH-SZ-05-2,ST-SZ-05,SZ,2025-12-16,9,9,0,0,9
CH-SZ-05-3,ST-SZ-05,SZ,2025-12-16,6,6,0,0,6
CH-BJ-01-1,ST-BJ-01,BJ,2025-12-17,8,7,1,1,8
CH-BJ-01-2,ST-BJ-01,BJ,2025-12-17,9,9,0,0,9
CH-BJ-01-3,ST-BJ-01,BJ,2025-12-17,5,5,0,0,5
CH-BJ-02-1,ST-BJ-02,BJ,2025-12-17,11,11,0,0,11
CH-BJ-02-2,ST-BJ-02,BJ,2025-12-17,13,13,0,0,13
CH-BJ-02-3,ST-BJ-02,BJ,2025-12-17,6,4,2,1,6
CH-BJ-03-1,ST-BJ-03,BJ,2025-12-17,3,3,0,0,3
CH-BJ-03-2,ST-BJ-03,BJ,2025-12-17,2,2,0,0,2
CH-BJ-03-3,ST-BJ-03,BJ,2025-12-17,1,1,0,0,1
CH-BJ-04-1,ST-BJ-04,BJ,2025-12-17,16,16,0,0,15
CH-BJ-04-2,ST-BJ-04,BJ,2025-12-17,20,19,1,1,19
CH-BJ-04-3,ST-BJ-04,BJ,2025-12-17,7,6,1,1,7
CH-BJ-05-1,ST-BJ-05,BJ,2025-12-17,9,9,0,0,9
CH-BJ-05-2,ST-BJ-05,BJ,2025-12-17,12,12,0,0,12
CH-BJ-05-3,ST-BJ-05,BJ,2025-12-17,5,5,0,0,5
CH-DL-01-1,ST-DL-01,DL,2025-12-17,12,9,3,1,12
CH-DL-01-2,ST-DL-01,DL,2025-12-17,13,13,0,0,13
CH-DL-01-3,ST-DL-01,DL,2025-12-17,3,3,0,0,3
CH-DL-02-1,ST-DL-02,DL,2025-12-17,6,6,0,0,6
CH-DL-02-2,ST-DL-02,DL,2025-12-17,13,13,0,0,13
CH-DL-02-3,ST-DL-02,DL,2025-12-17,6,6,0,0,6
CH-DL-03-1,ST-DL-03,DL,2025-12-17,4,4,0,0,4
CH-DL-03-2,ST-DL-03,DL,2025-12-17,3,3,0,0,3
CH-DL-03-3,ST-DL-03,DL,2025-12-17,2,2,0,0,2
CH-DL-04-1,ST-DL-04,DL,2025-12-17,14,13,1,1,14
CH-DL-04-2,ST-DL-04,DL,2025-12-17,15,15,0,0,15
CH-DL-04-3,ST-DL-04,DL,2025-12-17,4,4,0,0,4
CH-DL-05-1,ST-DL-05,DL,2025-12-17,7,7,0,0,7
CH-DL-05-2,ST-DL-05,DL,2025-12-17,11,11,0,0,11
CH-DL-05-3,ST-DL-05,DL,2025-12-17,6,5,1,1,6
CH-SH-01-1,ST-SH-01,SH,2025-12-17,7,7,0,0,7
CH-SH-01-2,ST-SH-01,SH,2025-12-17,10,10,0,0,10
CH-SH-01-3,ST-SH-01,SH,2025-12-17,4,4,0,0,4
CH-SH-02-1,ST-SH-02,SH,2025-12-17,14,14,0,0,14
CH-SH-02-2,ST-SH-02,SH,2025-12-17,11,10,1,1,11
CH-SH-02-3,ST-SH-02,SH,2025-12-17,3,3,0,0,3
CH-SH-03-1,ST-SH-03,SH,2025-12-17,11,11,0,0,11
CH-SH-03-2,ST-SH-03,SH,2025-12-17,4,4,0,0,4
CH-SH-03-3,ST-SH-03,SH,2025-12-17,3,3,0,0,3
CH-SH-04-1,ST-SH-04,SH,2025-12-17,14,12,2,1,13
CH-SH-04-2,ST-SH-04,SH,2025-12-17,21,21,0,0,20
CH-SH-04-3,ST-SH-04,SH,2025-12-17,7,7,0,0,7
CH-SH-05-1,ST-SH-05,SH,2025-12-17,7,6,1,1,7
CH-SH-05-2,ST-SH-05,SH,2025-12-17,8,8,0,0,8
CH-SH-05-3,ST-SH-05,SH,2025-12-17,4,4,0,0,4
CH-SY-01-1,ST-SY-01,SY,2025-12-17,11,10,1,1,11
CH-SY-01-2,ST-SY-01,SY,2025-12-17,12,12,0,0,12
CH-SY-01-3,ST-SY-01,SY,2025-12-17,5,5,0,0,5
CH-SY-02-1,ST-SY-02,SY,2025-12-17,11,11,0,0,11
CH-SY-02-2,ST-SY-02,SY,2025-12-17,12,10,2,1,12
CH-SY-02-3,ST-SY-02,SY,2025-12-17,4,4,0,0,4
CH-SY-03-1,ST-SY-03,SY,2025-12-17,4,4,0,0,4
CH-SY-03-2,ST-SY-03,SY,2025-12-17,2,2,0,0,2
CH-SY-03-3,ST-SY-03,SY,2025-12-17,3,3,0,0,3
CH-SY-04-1,ST-SY-04,SY,2025-12-17,14,14,0,0,13
CH-SY-04-2,ST-SY-04,SY,2025-12-17,17,17,0,0,17
CH-SY-04-3,ST-SY-04,SY,2025-12-17,4,4,0,0,4
CH-SY-05-1,ST-SY-05,SY,2025-12-17,6,6,0,0,6
CH-SY-05-2,ST-SY-05,SY,2025-12-17,9,9,0,0,9
CH-SY-05-3,ST-SY-05,SY,2025-12-17,6,6,0,0,6
CH-SZ-01-1,ST-SZ-01,SZ,2025-12-17,9,7,2,1,9
CH-SZ-01-2,ST-SZ-01,SZ,2025-12-17,6,6,0,0,6
CH-SZ-01-3,ST-SZ-01,SZ,2025-12-17,4,4,0,0,4
CH-SZ-02-1,ST-SZ-02,SZ,2025-12-17,6,5,1,1,6
CH-SZ-02-2,ST-SZ-02,SZ,2025-12-17,11,11,0,0,11
CH-SZ-02-3,ST-SZ-02,SZ,2025-12-17,4,4,0,0,4
CH-SZ-03-1,ST-SZ-03,SZ,2025-12-17,7,7,0,0,7
CH-SZ-03-2,ST-SZ-03,SZ,2025-12-17,3,3,0,0,3
CH-SZ-03-3,ST-SZ-03,SZ,2025-12-17,3,3,0,0,3
CH-SZ-04-1,ST-SZ-04,SZ,2025-12-17,8,8,0,0,8
CH-SZ-04-2,ST-SZ-04,SZ,2025-12-17,16,16,0,0,16
CH-SZ-04-3,ST-SZ-04,SZ,2025-12-17,5,5,0,0,5
CH-SZ-05-1,ST-SZ-05,SZ,2025-12-17,7,7,0,0,7
CH-SZ-05-2,ST-SZ-05,SZ,2025-12-17,8,7,1,1,8
CH-SZ-05-3,ST-SZ-05,SZ,2025-12-17,3,3,0,0,3
CH-BJ-01-1,ST-BJ-01,BJ,2025-12-18,8,8,0,0,8
CH-BJ-01-2,ST-BJ-01,BJ,2025-12-18,9,9,0,0,9
CH-BJ-01-3,ST-BJ-01,BJ,2025-12-18,4,4,0,0,4
CH-BJ-02-1,ST-BJ-02,BJ,2025-12-18,9,9,0,0,9
CH-BJ-02-2,ST-BJ-02,BJ,2025-12-18,11,11,0,0,11
CH-BJ-02-3,ST-BJ-02,BJ,2025-12-18,5,5,0,0,5
CH-BJ-03-1,ST-BJ-03,BJ,2025-12-18,10,10,0,0,10
CH-BJ-03-2,ST-BJ-03,BJ,2025-12-18,2,2,0,0,2
CH-BJ-03-3,ST-BJ-03,BJ,2025-12-18,1,1,0,0,1
CH-BJ-04-1,ST-BJ-04,BJ,2025-12-18,11,11,0,0,11
CH-BJ-04-2,ST-BJ-04,BJ,2025-12-18,15,15,0,0,15
CH-BJ-04-3,ST-BJ-04,BJ,2025-12-18,4,4,0,0,4
CH-BJ-05-1,ST-BJ-05,BJ,2025-12-18,9,9,0,0,9
CH-BJ-05-2,ST-BJ-05,BJ,2025-12-18,9,9,0,0,9
CH-BJ-05-3,ST-BJ-05,BJ,2025-12-18,4,4,0,0,4
CH-DL-01-1,ST-DL-01,DL,2025-12-18,7,7,0,0,7
CH-DL-01-2,ST-DL-01,DL,2025-12-18,5,5,0,0,5
CH-DL-01-3,ST-DL-01,DL,2025-12-18,5,5,0,0,5
CH-DL-02-1,ST-DL-02,DL,2025-12-18,12,12,0,0,12
CH-DL-02-2,ST-DL-02,DL,2025-12-18,13,13,0,0,13
CH-DL-02-3,ST-DL-02,DL,2025-12-18,7,6,1,1,7
CH-DL-03-1,ST-DL-03,DL,2025-12-18,6,5,1,1,6
CH-DL-03-2,ST-DL-03,DL,2025-12-18,2,2,0,0,2
CH-DL-03-3,ST-DL-03,DL,2025-12-18,3,3,0,0,3
CH-DL-04-1,ST-DL-04,DL,2025-12-18,20,20,0,0,20
CH-DL-04-2,ST-DL-04,DL,2025-12-18,24,23,1,1,23
CH-DL-04-3,ST-DL-04,DL,2025-12-18,6,6,0,0,6
CH-DL-05-1,ST-DL-05,DL,2025-12-18,10,10,0,0,10
CH-DL-05-2,ST-DL-05,DL,2025-12-18,11,10,1,1,11
CH-DL-05-3,ST-DL-05,DL,2025-12-18,4,4,0,0,4
CH-SH-01-1,ST-SH-01,SH,2025-12-18,10,9,1,1,10
CH-SH-01-2,ST-SH-01,SH,2025-12-18,10,10,0,0,10
CH-SH-01-3,ST-SH-01,SH,2025-12-18,3,3,0,0,3
CH-SH-02-1,ST-SH-02,SH,2025-12-18,13,10,3,1,13
CH-SH-02-2,ST-SH-02,SH,2025-12-18,14,14,0,0,14
CH-SH-02-3,ST-SH-02,SH,2025-12-18,4,4,0,0,4
CH-SH-03-1,ST-SH-03,SH,2025-12-18,13,12,1,1,13
CH-SH-03-2,ST-SH-03,SH,2025-12-18,1,1,0,0,1
CH-SH-03-3,ST-SH-03,SH,2025-12-18,2,2,0,0,2
CH-SH-04-1,ST-SH-04,SH,2025-12-18,15,13,2,1,14
CH-SH-04-2,ST-SH-04,SH,2025-12-18,18,18,0,0,17
CH-SH-04-3,ST-SH-04,SH,2025-12-18,3,3,0,0,3
CH-SH-05-1,ST-SH-05,SH,2025-12-18,10,10,0,0,10
CH-SH-05-2,ST-SH-05,SH,2025-12-18,10,10,0,0,10
CH-SH-05-3,ST-SH-05,SH,2025-12-18,4,4,0,0,4
CH-SY-01-1,ST-SY-01,SY,2025-12-18,9,8,1,1,9
CH-SY-01-2,ST-SY-01,SY,2025-12-18,9,9,0,0,9
CH-SY-01-3,ST-SY-01,SY,2025-12-18,3,3,0,0,3
CH-SY-02-1,ST-SY-02,SY,2025-12-18,10,9,1,1,10
CH-SY-02-2,ST-SY-02,SY,2025-12-18,17,17,0,0,17
CH-SY-02-3,ST-SY-02,SY,2025-12-18,3,3,0,0,3
CH-SY-03-1,ST-SY-03,SY,2025-12-18,7,7,0,0,7
CH-SY-03-2,ST-SY-03,SY,2025-12-18,3,3,0,0,3
CH-SY-03-3,ST-SY-03,SY,2025-12-18,4,4,0,0,4
CH-SY-04-1,ST-SY-04,SY,2025-12-18,15,15,0,0,15
CH-SY-04-2,ST-SY-04,SY,2025-12-18,20,20,0,0,20
CH-SY-04-3,ST-SY-04,SY,2025-12-18,4,4,0,0,4
CH-SY-05-1,ST-SY-05,SY,2025-12-18,8,8,0,0,8
CH-SY-05-2,ST-SY-05,SY,2025-12-18,13,13,0,0,13
CH-SY-05-3,ST-SY-05,SY,2025-12-18,3,3,0,0,3
CH-SZ-01-1,ST-SZ-01,SZ,2025-12-18,8,7,1,1,8
CH-SZ-01-2,ST-SZ-01,SZ,2025-12-18,7,7,0,0,7
CH-SZ-01-3,ST-SZ-01,SZ,2025-12-18,4,4,0,0,4
CH-SZ-02-1,ST-SZ-02,SZ,2025-12-18,5,5,0,0,5
CH-SZ-02-2,ST-SZ-02,SZ,2025-12-18,8,8,0,0,8
CH-SZ-02-3,ST-SZ-02,SZ,2025-12-18,3,3,0,0,3
CH-SZ-03-1,ST-SZ-03,SZ,2025-12-18,7,7,0,0,7
CH-SZ-03-2,ST-SZ-03,SZ,2025-12-18,2,2,0,0,2
CH-SZ-03-3,ST-SZ-03,SZ,2025-12-18,3,3,0,0,3
CH-SZ-04-1,ST-SZ-04,SZ,2025-12-18,12,11,1,1,12
CH-SZ-04-2,ST-SZ-04,SZ,2025-12-18,20,18,2,1,18
CH-SZ-04-3,ST-SZ-04,SZ,2025-12-18,3,3,0,0,3
CH-SZ-05-1,ST-SZ-05,SZ,2025-12-18,10,10,0,0,10
CH-SZ-05-2,ST-SZ-05,SZ,2025-12-18,6,6,0,0,6
CH-SZ-05-3,ST-SZ-05,SZ,2025-12-18,4,4,0,0,4
CH-BJ-01-1,ST-BJ-01,BJ,2025-12-19,10,10,0,0,10
CH-BJ-01-2,ST-BJ-01,BJ,2025-12-19,10,10,0,0,10
CH-BJ-01-3,ST-BJ-01,BJ,2025-12-19,2,2,0,0,2
CH-BJ-02-1,ST-BJ-02,BJ,2025-12-19,7,6,1,1,7
CH-BJ-02-2,ST-BJ-02,BJ,2025-12-19,9,9,0,0,9
CH-BJ-02-3,ST-BJ-02,BJ,2025-12-19,2,2,0,0,2
CH-BJ-03-1,ST-BJ-03,BJ,2025-12-19,3,3,0,0,3
CH-BJ-03-2,ST-BJ-03,BJ,2025-12-19,2,2,0,0,2
CH-BJ-03-3,ST-BJ-03,BJ,2025-12-19,2,2,0,0,2
CH-BJ-04-1,ST-BJ-04,BJ,2025-12-19,15,14,1,1,15
CH-BJ-04-2,ST-BJ-04,BJ,2025-12-19,17,17,0,0,17
CH-BJ-04-3,ST-BJ-04,BJ,2025-12-19,4,4,0,0,4
CH-BJ-05-1,ST-BJ-05,BJ,2025-12-19,10,9,1,1,10
CH-BJ-05-2,ST-BJ-05,BJ,2025-12-19,12,11,1,1,12
CH-BJ-05-3,ST-BJ-05,BJ,2025-12-19,3,3,0,0,3
CH-DL-01-1,ST-DL-01,DL,2025-12-19,8,8,0,0,8
CH-DL-01-2,ST-DL-01,DL,2025-12-19,9,9,0,0,9
CH-DL-01-3,ST-DL-01,DL,2025-12-19,4,4,0,0,4
CH-DL-02-1,ST-DL-02,DL,2025-12-19,10,9,1,1,10
CH-DL-02-2,ST-DL-02,DL,2025-12-19,13,13,0,0,13
CH-DL-02-3,ST-DL-02,DL,2025-12-19,5,5,0,0,5
CH-DL-03-1,ST-DL-03,DL,2025-12-19,11,10,1,1,11
CH-DL-03-2,ST-DL-03,DL,2025-12-19,1,1,0,0,1
CH-DL-03-3,ST-DL-03,DL,2025-12-19,1,1,0,0,1
CH-DL-04-1,ST-DL-04,DL,2025-12-19,16,16,0,0,16
CH-DL-04-2,ST-DL-04,DL,2025-12-19,25,22,3,1,23
CH-DL-04-3,ST-DL-04,DL,2025-12-19,6,6,0,0,6
CH-DL-05-1,ST-DL-05,DL,2025-12-19,11,11,0,0,11
CH-DL-05-2,ST-DL-05,DL,2025-12-19,9,9,0,0,9
CH-DL-05-3,ST-DL-05,DL,2025-12-19,5,5,0,0,5
CH-SH-01-1,ST-SH-01,SH,2025-12-19,9,9,0,0,9
CH-SH-01-2,ST-SH-01,SH,2025-12-19,13,13,0,0,13
CH-SH-01-3,ST-SH-01,SH,2025-12-19,4,4,0,0,4
CH-SH-02-1,ST-SH-02,SH,2025-12-19,10,9,1,1,10
CH-SH-02-2,ST-SH-02,SH,2025-12-19,16,16,0,0,16
CH-SH-02-3,ST-SH-02,SH,2025-12-19,5,5,0,0,5
CH-SH-03-1,ST-SH-03,SH,2025-12-19,5,5,0,0,5
CH-SH-03-2,ST-SH-03,SH,2025-12-19,3,3,0,0,3
CH-SH-03-3,ST-SH-03,SH,2025-12-19,3,3,0,0,3
CH-SH-04-1,ST-SH-04,SH,2025-12-19,14,13,1,1,14
CH-SH-04-2,ST-SH-04,SH,2025-12-19,15,15,0,0,15
CH-SH-04-3,ST-SH-04,SH,2025-12-19,4,4,0,0,4
CH-SH-05-1,ST-SH-05,SH,2025-12-19,7,7,0,0,7
CH-SH-05-2,ST-SH-05,SH,2025-12-19,9,8,1,1,9
CH-SH-05-3,ST-SH-05,SH,2025-12-19,4,4,0,0,4
CH-SY-01-1,ST-SY-01,SY,2025-12-19,12,11,1,1,12
CH-SY-01-2,ST-SY-01,SY,2025-12-19,12,12,0,0,12
CH-SY-01-3,ST-SY-01,SY,2025-12-19,5,5,0,0,5
CH-SY-02-1,ST-SY-02,SY,2025-12-19,10,8,2,1,10
CH-SY-02-2,ST-SY-02,SY,2025-12-19,11,11,0,0,11
CH-SY-02-3,ST-SY-02,SY,2025-12-19,6,6,0,0,6
CH-SY-03-1,ST-SY-03,SY,2025-12-19,8,8,0,0,8
CH-SY-03-2,ST-SY-03,SY,2025-12-19,3,3,0,0,3
CH-SY-03-3,ST-SY-03,SY,2025-12-19,2,2,0,0,2
CH-SY-04-1,ST-SY-04,SY,2025-12-19,14,14,0,0,13
CH-SY-04-2,ST-SY-04,SY,2025-12-19,18,18,0,0,18
CH-SY-04-3,ST-SY-04,SY,2025-12-19,5,5,0,0,5
CH-SY-05-1,ST-SY-05,SY,2025-12-19,7,6,1,1,7
CH-SY-05-2,ST-SY-05,SY,2025-12-19,9,9,0,0,9
CH-SY-05-3,ST-SY-05,SY,2025-12-19,4,4,0,0,4
CH-SZ-01-1,ST-SZ-01,SZ,2025-12-19,7,7,0,0,7
CH-SZ-01-2,ST-SZ-01,SZ,2025-12-19,11,10,1,1,11
CH-SZ-01-3,ST-SZ-01,SZ,2025-12-19,5,5,0,0,5
CH-SZ-02-1,ST-SZ-02,SZ,2025-12-19,9,9,0,0,9
CH-SZ-02-2,ST-SZ-02,SZ,2025-12-19,14,14,0,0,14
CH-SZ-02-3,ST-SZ-02,SZ,2025-12-19,6,6,0,0,6
CH-SZ-03-1,ST-SZ-03,SZ,2025-12-19,7,7,0,0,7
CH-SZ-03-2,ST-SZ-03,SZ,2025-12-19,2,2,0,0,2
CH-SZ-03-3,ST-SZ-03,SZ,2025-12-19,1,1,0,0,1
CH-SZ-04-1,ST-SZ-04,SZ,2025-12-19,14,11,3,1,13
CH-SZ-04-2,ST-SZ-04,SZ,2025-12-19,17,17,0,0,17
CH-SZ-04-3,ST-SZ-04,SZ,2025-12-19,6,6,0,0,6
CH-SZ-05-1,ST-SZ-05,SZ,2025-12-19,8,8,0,0,8
CH-SZ-05-2,ST-SZ-05,SZ,2025-12-19,12,12,0,0,12
CH-SZ-05-3,ST-SZ-05,SZ,2025-12-19,4,4,0,0,4
CH-BJ-01-1,ST-BJ-01,BJ,2025-12-20,4,4,0,0,4
CH-BJ-01-2,ST-BJ-01,BJ,2025-12-20,3,3,0,0,3
CH-BJ-01-3,ST-BJ-01,BJ,2025-12-20,3,3,0,0,3
CH-BJ-02-1,ST-BJ-02,BJ,2025-12-20,8,8,0,0,8
CH-BJ-02-2,ST-BJ-02,BJ,2025-12-20,15,15,0,0,15
CH-BJ-02-3,ST-BJ-02,BJ,2025-12-20,5,5,0,0,5
CH-BJ-03-1,ST-BJ-03,BJ,2025-12-20,6,6,0,0,6
CH-BJ-03-2,ST-BJ-03,BJ,2025-12-20,2,2,0,0,2
CH-BJ-03-3,ST-BJ-03,BJ,2025-12-20,1,1,0,0,1
CH-BJ-04-1,ST-BJ-04,BJ,2025-12-20,14,13,1,1,14
CH-BJ-04-2,ST-BJ-04,BJ,2025-12-20,19,19,0,0,19
CH-BJ-04-3,ST-BJ-04,BJ,2025-12-20,4,4,0,0,4
CH-BJ-05-1,ST-BJ-05,BJ,2025-12-20,7,7,0,0,7
CH-BJ-05-2,ST-BJ-05,BJ,2025-12-20,6,6,0,0,6
CH-BJ-05-3,ST-BJ-05,BJ,2025-12-20,6,5,1,1,6
CH-DL-01-1,ST-DL-01,DL,2025-12-20,3,3,0,0,3
CH-DL-01-2,ST-DL-01,DL,2025-12-20,2,2,0,0,2
CH-DL-01-3,ST-DL-01,DL,2025-12-20,3,3,0,0,3
CH-DL-02-1,ST-DL-02,DL,2025-12-20,11,10,1,1,11
CH-DL-02-2,ST-DL-02,DL,2025-12-20,16,16,0,0,16
CH-DL-02-3,ST-DL-02,DL,2025-12-20,5,5,0,0,5
CH-DL-03-1,ST-DL-03,DL,2025-12-20,7,5,2,1,7
CH-DL-03-2,ST-DL-03,DL,2025-12-20,2,2,0,0,2
CH-DL-03-3,ST-DL-03,DL,2025-12-20,2,2,0,0,2
CH-DL-04-1,ST-DL-04,DL,2025-12-20,16,14,2,1,16
CH-DL-04-2,ST-DL-04,DL,2025-12-20,19,19,0,0,17
CH-DL-04-3,ST-DL-04,DL,2025-12-20,6,6,0,0,6
CH-DL-05-1,ST-DL-05,DL,2025-12-20,5,5,0,0,5
CH-DL-05-2,ST-DL-05,DL,2025-12-20,4,4,0,0,4
CH-DL-05-3,ST-DL-05,DL,2025-12-20,3,3,0,0,3
CH-SH-01-1,ST-SH-01,SH,2025-12-20,1,1,0,0,1
CH-SH-01-2,ST-SH-01,SH,2025-12-20,5,5,0,0,5
CH-SH-01-3,ST-SH-01,SH,2025-12-20,2,2,0,0,2
CH-SH-02-1,ST-SH-02,SH,2025-12-20,14,12,2,1,14
CH-SH-02-2,ST-SH-02,SH,2025-12-20,14,14,0,0,14
CH-SH-02-3,ST-SH-02,SH,2025-12-20,4,4,0,0,4
CH-SH-03-1,ST-SH-03,SH,2025-12-20,11,11,0,0,11
CH-SH-03-2,ST-SH-03,SH,2025-12-20,2,2,0,0,2
CH-SH-03-3,ST-SH-03,SH,2025-12-20,3,3,0,0,3
CH-SH-04-1,ST-SH-04,SH,2025-12-20,10,10,0,0,10
CH-SH-04-2,ST-SH-04,SH,2025-12-20,19,18,1,1,19
CH-SH-04-3,ST-SH-04,SH,2025-12-20,5,5,0,0,5
CH-SH-05-1,ST-SH-05,SH,2025-12-20,2,1,1,1,2
CH-SH-05-2,ST-SH-05,SH,2025-12-20,4,4,0,0,4
CH-SH-05-3,ST-SH-05,SH,2025-12-20,3,3,0,0,3
CH-SY-01-1,ST-SY-01,SY,2025-12-20,5,5,0,0,5
CH-SY-01-2,ST-SY-01,SY,2025-12-20,6,6,0,0,6
CH-SY-01-3,ST-SY-01,SY,2025-12-20,3,3,0,0,3
CH-SY-02-1,ST-SY-02,SY,2025-12-20,10,10,0,0,10
CH-SY-02-2,ST-SY-02,SY,2025-12-20,13,12,1,1,13
CH-SY-02-3,ST-SY-02,SY,2025-12-20,6,5,1,1,6
CH-SY-03-1,ST-SY-03,SY,2025-12-20,5,4,1,1,5
CH-SY-03-2,ST-SY-03,SY,2025-12-20,2,2,0,0,2
CH-SY-03-3,ST-SY-03,SY,2025-12-20,2,2,0,0,2
CH-SY-04-1,ST-SY-04,SY,2025-12-20,15,13,2,1,14
CH-SY-04-2,ST-SY-04,SY,2025-12-20,15,15,0,0,15
CH-SY-04-3,ST-SY-04,SY,2025-12-20,5,5,0,0,5
CH-SY-05-1,ST-SY-05,SY,2025-12-20,3,3,0,0,3
CH-SY-05-2,ST-SY-05,SY,2025-12-20,4,4,0,0,4
CH-SY-05-3,ST-SY-05,SY,2025-12-20,4,4,0,0,4
CH-SZ-01-1,ST-SZ-01,SZ,2025-12-20,1,1,0,0,1
CH-SZ-01-2,ST-SZ-01,SZ,2025-12-20,3,3,0,0,3
CH-SZ-01-3,ST-SZ-01,SZ,2025-12-20,3,3,0,0,3
CH-SZ-02-1,ST-SZ-02,SZ,2025-12-20,14,11,3,1,14
CH-SZ-02-2,ST-SZ-02,SZ,2025-12-20,13,13,0,0,13
CH-SZ-02-3,ST-SZ-02,SZ,2025-12-20,5,5,0,0,5
CH-SZ-03-1,ST-SZ-03,SZ,2025-12-20,10,9,1,1,10
CH-SZ-03-2,ST-SZ-03,SZ,2025-12-20,3,3,0,0,3
CH-SZ-03-3,ST-SZ-03,SZ,2025-12-20,3,3,0,0,3
CH-SZ-04-1,ST-SZ-04,SZ,2025-12-20,11,10,1,1,11
CH-SZ-04-2,ST-SZ-04,SZ,2025-12-20,21,21,0,0,20
CH-SZ-04-3,ST-SZ-04,SZ,2025-12-20,4,4,0,0,4
CH-SZ-05-1,ST-SZ-05,SZ,2025-12-20,4,4,0,0,4
CH-SZ-05-2,ST-SZ-05,SZ,2025-12-20,5,5,0,0,5
CH-SZ-05-3,ST-SZ-05,SZ,2025-12-20,4,4,0,0,4
CH-BJ-01-1,ST-BJ-01,BJ,2025-12-21,5,5,0,0,5
CH-BJ-01-2,ST-BJ-01,BJ,2025-12-21,4,4,0,0,4
CH-BJ-01-3,ST-BJ-01,BJ,2025-12-21,4,4,0,0,4
CH-BJ-02-1,ST-BJ-02,BJ,2025-12-21,12,11,1,1,12
CH-BJ-02-2,ST-BJ-02,BJ,2025-12-21,16,15,1,1,15
CH-BJ-02-3,ST-BJ-02,BJ,2025-12-21,4,4,0,0,4
CH-BJ-03-1,ST-BJ-03,BJ,2025-12-21,3,3,0,0,3
CH-BJ-03-2,ST-BJ-03,BJ,2025-12-21,3,3,0,0,3
CH-BJ-03-3,ST-BJ-03,BJ,2025-12-21,3,3,0,0,3
CH-BJ-04-1,ST-BJ-04,BJ,2025-12-21,10,10,0,0,10
CH-BJ-04-2,ST-BJ-04,BJ,2025-12-21,20,19,1,1,20
CH-BJ-04-3,ST-BJ-04,BJ,2025-12-21,5,5,0,0,5
CH-BJ-05-1,ST-BJ-05,BJ,2025-12-21,6,6,0,0,6
CH-BJ-05-2,ST-BJ-05,BJ,2025-12-21,5,5,0,0,5
CH-BJ-05-3,ST-BJ-05,BJ,2025-12-21,3,3,0,0,3
CH-DL-01-1,ST-DL-01,DL,2025-12-21,7,7,0,0,7
CH-DL-01-2,ST-DL-01,DL,2025-12-21,8,7,1,1,8
CH-DL-01-3,ST-DL-01,DL,2025-12-21,3,3,0,0,3
CH-DL-02-1,ST-DL-02,DL,2025-12-21,9,9,0,0,9
CH-DL-02-2,ST-DL-02,DL,2025-12-21,9,9,0,0,9
CH-DL-02-3,ST-DL-02,DL,2025-12-21,5,5,0,0,5
CH-DL-03-1,ST-DL-03,DL,2025-12-21,6,6,0,0,6
CH-DL-03-2,ST-DL-03,DL,2025-12-21,2,2,0,0,2
CH-DL-03-3,ST-DL-03,DL,2025-12-21,2,2,0,0,2
CH-DL-04-1,ST-DL-04,DL,2025-12-21,12,12,0,0,12
CH-DL-04-2,ST-DL-04,DL,2025-12-21,17,13,4,1,17
CH-DL-04-3,ST-DL-04,DL,2025-12-21,4,4,0,0,4
CH-DL-05-1,ST-DL-05,DL,2025-12-21,5,5,0,0,5
CH-DL-05-2,ST-DL-05,DL,2025-12-21,9,9,0,0,9
CH-DL-05-3,ST-DL-05,DL,2025-12-21,1,1,0,0,1
CH-SH-01-1,ST-SH-01,SH,2025-12-21,2,1,1,1,2
CH-SH-01-2,ST-SH-01,SH,2025-12-21,4,4,0,0,4
CH-SH-01-3,ST-SH-01,SH,2025-12-21,3,3,0,0,3
CH-SH-02-1,ST-SH-02,SH,2025-12-21,9,9,0,0,9
CH-SH-02-2,ST-SH-02,SH,2025-12-21,15,15,0,0,15
CH-SH-02-3,ST-SH-02,SH,2025-12-21,5,5,0,0,5
CH-SH-03-1,ST-SH-03,SH,2025-12-21,5,5,0,0,5
CH-SH-03-2,ST-SH-03,SH,2025-12-21,3,3,0,0,3
CH-SH-03-3,ST-SH-03,SH,2025-12-21,1,1,0,0,1
CH-SH-04-1,ST-SH-04,SH,2025-12-21,14,12,2,1,14
CH-SH-04-2,ST-SH-04,SH,2025-12-21,18,18,0,0,18
CH-SH-04-3,ST-SH-04,SH,2025-12-21,3,3,0,0,3
CH-SH-05-1,ST-SH-05,SH,2025-12-21,5,5,0,0,5
CH-SH-05-2,ST-SH-05,SH,2025-12-21,5,5,0,0,5
CH-SH-05-3,ST-SH-05,SH,2025-12-21,3,3,0,0,3
CH-SY-01-1,ST-SY-01,SY,2025-12-21,6,6,0,0,6
CH-SY-01-2,ST-SY-01,SY,2025-12-21,1,1,0,0,1
CH-SY-01-3,ST-SY-01,SY,2025-12-21,3,3,0,0,3
CH-SY-02-1,ST-SY-02,SY,2025-12-21,12,11,1,1,12
CH-SY-02-2,ST-SY-02,SY,2025-12-21,14,14,0,0,14
CH-SY-02-3,ST-SY-02,SY,2025-12-21,6,5,1,1,6
CH-SY-03-1,ST-SY-03,SY,2025-12-21,6,6,0,0,6
CH-SY-03-2,ST-SY-03,SY,2025-12-21,3,3,0,0,3
CH-SY-03-3,ST-SY-03,SY,2025-12-21,1,1,0,0,1
CH-SY-04-1,ST-SY-04,SY,2025-12-21,14,13,1,1,13
CH-SY-04-2,ST-SY-04,SY,2025-12-21,15,15,0,0,15
CH-SY-04-3,ST-SY-04,SY,2025-12-21,5,5,0,0,5
CH-SY-05-1,ST-SY-05,SY,2025-12-21,6,5,1,1,6
CH-SY-05-2,ST-SY-05,SY,2025-12-21,3,3,0,0,3
CH-SY-05-3,ST-SY-05,SY,2025-12-21,4,4,0,0,4
CH-SZ-01-1,ST-SZ-01,SZ,2025-12-21,4,4,0,0,4
CH-SZ-01-2,ST-SZ-01,SZ,2025-12-21,2,2,0,0,2
CH-SZ-01-3,ST-SZ-01,SZ,2025-12-21,4,4,0,0,4
CH-SZ-02-1,ST-SZ-02,SZ,2025-12-21,12,11,1,1,12
CH-SZ-02-2,ST-SZ-02,SZ,2025-12-21,11,11,0,0,11
CH-SZ-02-3,ST-SZ-02,SZ,2025-12-21,4,4,0,0,4
CH-SZ-03-1,ST-SZ-03,SZ,2025-12-21,5,5,0,0,5
CH-SZ-03-2,ST-SZ-03,SZ,2025-12-21,3,3,0,0,3
CH-SZ-03-3,ST-SZ-03,SZ,2025-12-21,3,3,0,0,3
CH-SZ-04-1,ST-SZ-04,SZ,2025-12-21,15,15,0,0,15
CH-SZ-04-2,ST-SZ-04,SZ,2025-12-21,23,23,0,0,23
CH-SZ-04-3,ST-SZ-04,SZ,2025-12-21,4,4,0,0,4
CH-SZ-05-1,ST-SZ-05,SZ,2025-12-21,6,5,1,1,6
CH-SZ-05-2,ST-SZ-05,SZ,2025-12-21,8,8,0,0,8
CH-SZ-05-3,ST-SZ-05,SZ,2025-12-21,4,4,0,0,4
CH-BJ-01-1,ST-BJ-01,BJ,2025-12-22,5,4,1,1,5
CH-BJ-01-2,ST-BJ-01,BJ,2025-12-22,9,9,0,0,9
CH-BJ-01-3,ST-BJ-01,BJ,2025-12-22,4,4,0,0,4
CH-BJ-02-1,ST-BJ-02,BJ,2025-12-22,8,8,0,0,8
CH-BJ-02-2,ST-BJ-02,BJ,2025-12-22,7,7,0,0,7
CH-BJ-02-3,ST-BJ-02,BJ,2025-12-22,1,1,0,0,1
CH-BJ-03-1,ST-BJ-03,BJ,2025-12-22,5,5,0,0,5
CH-BJ-03-2,ST-BJ-03,BJ,2025-12-22,2,2,0,0,2
CH-BJ-03-3,ST-BJ-03,BJ,2025-12-22,4,4,0,0,4
CH-BJ-04-1,ST-BJ-04,BJ,2025-12-22,20,19,1,1,19
CH-BJ-04-2,ST-BJ-04,BJ,2025-12-22,14,14,0,0,14
CH-BJ-04-3,ST-BJ-04,BJ,2025-12-22,4,4,0,0,4
CH-BJ-05-1,ST-BJ-05,BJ,2025-12-22,7,7,0,0,7
CH-BJ-05-2,ST-BJ-05,BJ,2025-12-22,6,6,0,0,6
CH-BJ-05-3,ST-BJ-05,BJ,2025-12-22,4,4,0,0,4
CH-DL-01-1,ST-DL-01,DL,2025-12-22,10,8,2,1,10
CH-DL-01-2,ST-DL-01,DL,2025-12-22,10,10,0,0,10
CH-DL-01-3,ST-DL-01,DL,2025-12-22,4,4,0,0,4
CH-DL-02-1,ST-DL-02,DL,2025-12-22,12,11,1,1,12
CH-DL-02-2,ST-DL-02,DL,2025-12-22,9,9,0,0,9
CH-DL-02-3,ST-DL-02,DL,2025-12-22,4,3,1,1,4
CH-DL-03-1,ST-DL-03,DL,2025-12-22,8,8,0,0,8
CH-DL-03-2,ST-DL-03,DL,2025-12-22,3,3,0,0,3
CH-DL-03-3,ST-DL-03,DL,2025-12-22,3,3,0,0,3
CH-DL-04-1,ST-DL-04,DL,2025-12-22,14,12,2,1,14
CH-DL-04-2,ST-DL-04,DL,2025-12-22,19,19,0,0,18
CH-DL-04-3,ST-DL-04,DL,2025-12-22,4,4,0,0,3
CH-DL-05-1,ST-DL-05,DL,2025-12-22,10,10,0,0,10
CH-DL-05-2,ST-DL-05,DL,2025-12-22,8,8,0,0,8
CH-DL-05-3,ST-DL-05,DL,2025-12-22,4,4,0,0,4
CH-SH-01-1,ST-SH-01,SH,2025-12-22,8,8,0,0,8
CH-SH-01-2,ST-SH-01,SH,2025-12-22,10,10,0,0,10
CH-SH-01-3,ST-SH-01,SH,2025-12-22,5,5,0,0,5
CH-SH-02-1,ST-SH-02,SH,2025-12-22,7,7,0,0,7
CH-SH-02-2,ST-SH-02,SH,2025-12-22,13,12,1,1,13
CH-SH-02-3,ST-SH-02,SH,2025-12-22,2,2,0,0,2
CH-SH-03-1,ST-SH-03,SH,2025-12-22,10,10,0,0,10
CH-SH-03-2,ST-SH-03,SH,2025-12-22,3,3,0,0,3
CH-SH-03-3,ST-SH-03,SH,2025-12-22,3,3,0,0,3
CH-SH-04-1,ST-SH-04,SH,2025-12-22,14,12,2,1,14
CH-SH-04-2,ST-SH-04,SH,2025-12-22,15,15,0,0,15
CH-SH-04-3,ST-SH-04,SH,2025-12-22,4,4,0,0,4
CH-SH-05-1,ST-SH-05,SH,2025-12-22,9,9,0,0,9
CH-SH-05-2,ST-SH-05,SH,2025-12-22,12,11,1,1,12
CH-SH-05-3,ST-SH-05,SH,2025-12-22,3,3,0,0,3
CH-SY-01-1,ST-SY-01,SY,2025-12-22,7,7,0,0,7
CH-SY-01-2,ST-SY-01,SY,2025-12-22,10,10,0,0,10
CH-SY-01-3,ST-SY-01,SY,2025-12-22,5,5,0,0,5
CH-SY-02-1,ST-SY-02,SY,2025-12-22,8,8,0,0,8
CH-SY-02-2,ST-SY-02,SY,2025-12-22,16,16,0,0,16
CH-SY-02-3,ST-SY-02,SY,2025-12-22,5,5,0,0,5
CH-SY-03-1,ST-SY-03,SY,2025-12-22,7,7,0,0,7
CH-SY-03-2,ST-SY-03,SY,2025-12-22,3,3,0,0,3
CH-SY-03-3,ST-SY-03,SY,2025-12-22,2,2,0,0,2
CH-SY-04-1,ST-SY-04,SY,2025-12-22,16,15,1,1,15
CH-SY-04-2,ST-SY-04,SY,2025-12-22,14,13,1,1,14
CH-SY-04-3,ST-SY-04,SY,2025-12-22,4,4,0,0,4
CH-SY-05-1,ST-SY-05,SY,2025-12-22,7,7,0,0,7
CH-SY-05-2,ST-SY-05,SY,2025-12-22,9,9,0,0,9
CH-SY-05-3,ST-SY-05,SY,2025-12-22,4,4,0,0,4
CH-SZ-01-1,ST-SZ-01,SZ,2025-12-22,9,8,1,1,9
CH-SZ-01-2,ST-SZ-01,SZ,2025-12-22,10,10,0,0,10
CH-SZ-01-3,ST-SZ-01,SZ,2025-12-22,4,4,0,0,4
CH-SZ-02-1,ST-SZ-02,SZ,2025-12-22,9,8,1,1,9
CH-SZ-02-2,ST-SZ-02,SZ,2025-12-22,16,15,1,1,16
CH-SZ-02-3,ST-SZ-02,SZ,2025-12-22,2,2,0,0,2
CH-SZ-03-1,ST-SZ-03,SZ,2025-12-22,6,5,1,1,6
CH-SZ-03-2,ST-SZ-03,SZ,2025-12-22,3,3,0,0,3
CH-SZ-03-3,ST-SZ-03,SZ,2025-12-22,4,4,0,0,4
CH-SZ-04-1,ST-SZ-04,SZ,2025-12-22,16,16,0,0,16
CH-SZ-04-2,ST-SZ-04,SZ,2025-12-22,24,23,1,1,24
CH-SZ-04-3,ST-SZ-04,SZ,2025-12-22,5,5,0,0,5
CH-SZ-05-1,ST-SZ-05,SZ,2025-12-22,9,9,0,0,9
CH-SZ-05-2,ST-SZ-05,SZ,2025-12-22,8,8,0,0,8
CH-SZ-05-3,ST-SZ-05,SZ,2025-12-22,3,3,0,0,3
CH-BJ-01-1,ST-BJ-01,BJ,2025-12-23,5,5,0,0,5
CH-BJ-01-2,ST-BJ-01,BJ,2025-12-23,11,10,1,1,11
CH-BJ-01-3,ST-BJ-01,BJ,2025-12-23,4,4,0,0,4
CH-BJ-02-1,ST-BJ-02,BJ,2025-12-23,6,5,1,1,6
CH-BJ-02-2,ST-BJ-02,BJ,2025-12-23,9,8,1,1,9
CH-BJ-02-3,ST-BJ-02,BJ,2025-12-23,3,3,0,0,3
CH-BJ-03-1,ST-BJ-03,BJ,2025-12-23,8,8,0,0,8
CH-BJ-03-2,ST-BJ-03,BJ,2025-12-23,3,3,0,0,3
CH-BJ-03-3,ST-BJ-03,BJ,2025-12-23,4,4,0,0,4
CH-BJ-04-1,ST-BJ-04,BJ,2025-12-23,16,16,0,0,15
CH-BJ-04-2,ST-BJ-04,BJ,2025-12-23,18,18,0,0,17
CH-BJ-04-3,ST-BJ-04,BJ,2025-12-23,4,4,0,0,4
CH-BJ-05-1,ST-BJ-05,BJ,2025-12-23,8,8,0,0,8
CH-BJ-05-2,ST-BJ-05,BJ,2025-12-23,6,5,1,1,6
CH-BJ-05-3,ST-BJ-05,BJ,2025-12-23,3,3,0,0,3
CH-DL-01-1,ST-DL-01,DL,2025-12-23,10,10,0,0,10
CH-DL-01-2,ST-DL-01,DL,2025-12-23,13,13,0,0,13
CH-DL-01-3,ST-DL-01,DL,2025-12-23,3,3,0,0,3
CH-DL-02-1,ST-DL-02,DL,2025-12-23,15,13,2,1,15
CH-DL-02-2,ST-DL-02,DL,2025-12-23,17,15,2,1,17
CH-DL-02-3,ST-DL-02,DL,2025-12-23,6,6,0,0,6
CH-DL-03-1,ST-DL-03,DL,2025-12-23,7,7,0,0,7
CH-DL-03-2,ST-DL-03,DL,2025-12-23,2,2,0,0,2
CH-DL-03-3,ST-DL-03,DL,2025-12-23,3,3,0,0,3
CH-DL-04-1,ST-DL-04,DL,2025-12-23,10,10,0,0,10
CH-DL-04-2,ST-DL-04,DL,2025-12-23,17,17,0,0,15
CH-DL-04-3,ST-DL-04,DL,2025-12-23,5,5,0,0,5
CH-DL-05-1,ST-DL-05,DL,2025-12-23,7,7,0,0,7
CH-DL-05-2,ST-DL-05,DL,2025-12-23,9,9,0,0,9
CH-DL-05-3,ST-DL-05,DL,2025-12-23,4,4,0,0,4
CH-SH-01-1,ST-SH-01,SH,2025-12-23,10,10,0,0,10
CH-SH-01-2,ST-SH-01,SH,2025-12-23,10,10,0,0,10
CH-SH-01-3,ST-SH-01,SH,2025-12-23,2,2,0,0,2
CH-SH-02-1,ST-SH-02,SH,2025-12-23,8,8,0,0,8
CH-SH-02-2,ST-SH-02,SH,2025-12-23,10,10,0,0,10
CH-SH-02-3,ST-SH-02,SH,2025-12-23,3,3,0,0,3
CH-SH-03-1,ST-SH-03,SH,2025-12-23,6,6,0,0,6
CH-SH-03-2,ST-SH-03,SH,2025-12-23,2,2,0,0,2
CH-SH-03-3,ST-SH-03,SH,2025-12-23,2,2,0,0,2
CH-SH-04-1,ST-SH-04,SH,2025-12-23,15,13,2,1,15
CH-SH-04-2,ST-SH-04,SH,2025-12-23,16,16,0,0,16
CH-SH-04-3,ST-SH-04,SH,2025-12-23,5,5,0,0,5
CH-SH-05-1,ST-SH-05,SH,2025-12-23,8,8,0,0,8
CH-SH-05-2,ST-SH-05,SH,2025-12-23,8,7,1,1,8
CH-SH-05-3,ST-SH-05,SH,2025-12-23,2,2,0,0,2
CH-SY-01-1,ST-SY-01,SY,2025-12-23,10,8,2,1,10
CH-SY-01-2,ST-SY-01,SY,2025-12-23,9,9,0,0,9
CH-SY-01-3,ST-SY-01,SY,2025-12-23,5,5,0,0,5
CH-SY-02-1,ST-SY-02,SY,2025-12-23,11,11,0,0,11
CH-SY-02-2,ST-SY-02,SY,2025-12-23,8,8,0,0,8
CH-SY-02-3,ST-SY-02,SY,2025-12-23,5,5,0,0,5
CH-SY-03-1,ST-SY-03,SY,2025-12-23,6,5,1,1,6
CH-SY-03-2,ST-SY-03,SY,2025-12-23,1,1,0,0,1
CH-SY-03-3,ST-SY-03,SY,2025-12-23,2,2,0,0,2
CH-SY-04-1,ST-SY-04,SY,2025-12-23,11,11,0,0,11
CH-SY-04-2,ST-SY-04,SY,2025-12-23,18,17,1,1,18
CH-SY-04-3,ST-SY-04,SY,2025-12-23,4,4,0,0,4
CH-SY-05-1,ST-SY-05,SY,2025-12-23,7,7,0,0,7
CH-SY-05-2,ST-SY-05,SY,2025-12-23,10,10,0,0,10
CH-SY-05-3,ST-SY-05,SY,2025-12-23,5,5,0,0,5
CH-SZ-01-1,ST-SZ-01,SZ,2025-12-23,8,7,1,1,8
CH-SZ-01-2,ST-SZ-01,SZ,2025-12-23,10,10,0,0,10
CH-SZ-01-3,ST-SZ-01,SZ,2025-12-23,5,5,0,0,5
CH-SZ-02-1,ST-SZ-02,SZ,2025-12-23,14,14,0,0,14
CH-SZ-02-2,ST-SZ-02,SZ,2025-12-23,13,13,0,0,13
CH-SZ-02-3,ST-SZ-02,SZ,2025-12-23,6,6,0,0,6
CH-SZ-03-1,ST-SZ-03,SZ,2025-12-23,5,4,1,1,5
CH-SZ-03-2,ST-SZ-03,SZ,2025-12-23,1,1,0,0,1
CH-SZ-03-3,ST-SZ-03,SZ,2025-12-23,4,3,1,1,4
CH-SZ-04-1,ST-SZ-04,SZ,2025-12-23,13,13,0,0,13
CH-SZ-04-2,ST-SZ-04,SZ,2025-12-23,16,16,0,0,16
CH-SZ-04-3,ST-SZ-04,SZ,2025-12-23,6,6,0,0,6
CH-SZ-05-1,ST-SZ-05,SZ,2025-12-23,3,3,0,0,3
CH-SZ-05-2,ST-SZ-05,SZ,2025-12-23,8,8,0,0,8
CH-SZ-05-3,ST-SZ-05,SZ,2025-12-23,4,4,0,0,4
CH-BJ-01-1,ST-BJ-01,BJ,2025-12-24,8,7,1,1,8
CH-BJ-01-2,ST-BJ-01,BJ,2025-12-24,7,7,0,0,7
CH-BJ-01-3,ST-BJ-01,BJ,2025-12-24,5,5,0,0,5
CH-BJ-02-1,ST-BJ-02,BJ,2025-12-24,10,10,0,0,10
CH-BJ-02-2,ST-BJ-02,BJ,2025-12-24,9,9,0,0,9
CH-BJ-02-3,ST-BJ-02,BJ,2025-12-24,4,4,0,0,4
CH-BJ-03-1,ST-BJ-03,BJ,2025-12-24,6,6,0,0,6
CH-BJ-03-2,ST-BJ-03,BJ,2025-12-24,2,2,0,0,2
CH-BJ-03-3,ST-BJ-03,BJ,2025-12-24,3,3,0,0,3
CH-BJ-04-1,ST-BJ-04,BJ,2025-12-24,13,13,0,0,13
CH-BJ-04-2,ST-BJ-04,BJ,2025-12-24,19,19,0,0,19
CH-BJ-04-3,ST-BJ-04,BJ,2025-12-24,5,5,0,0,5
CH-BJ-05-1,ST-BJ-05,BJ,2025-12-24,9,9,0,0,9
CH-BJ-05-2,ST-BJ-05,BJ,2025-12-24,12,10,2,1,12
CH-BJ-05-3,ST-BJ-05,BJ,2025-12-24,4,4,0,0,4
CH-DL-01-1,ST-DL-01,DL,2025-12-24,7,7,0,0,7
CH-DL-01-2,ST-DL-01,DL,2025-12-24,11,11,0,0,11
CH-DL-01-3,ST-DL-01,DL,2025-12-24,3,3,0,0,3
CH-DL-02-1,ST-DL-02,DL,2025-12-24,9,9,0,0,9
CH-DL-02-2,ST-DL-02,DL,2025-12-24,10,10,0,0,10
CH-DL-02-3,ST-DL-02,DL,2025-12-24,5,5,0,0,5
CH-DL-03-1,ST-DL-03,DL,2025-12-24,4,4,0,0,4
CH-DL-03-2,ST-DL-03,DL,2025-12-24,3,3,0,0,3
CH-DL-03-3,ST-DL-03,DL,2025-12-24,3,3,0,0,3
CH-DL-04-1,ST-DL-04,DL,2025-12-24,13,12,1,1,13
CH-DL-04-2,ST-DL-04,DL,2025-12-24,18,17,1,1,18
CH-DL-04-3,ST-DL-04,DL,2025-12-24,3,3,0,0,3
CH-DL-05-1,ST-DL-05,DL,2025-12-24,6,6,0,0,6
CH-DL-05-2,ST-DL-05,DL,2025-12-24,11,11,0,0,11
CH-DL-05-3,ST-DL-05,DL,2025-12-24,3,3,0,0,3
CH-SH-01-1,ST-SH-01,SH,2025-12-24,12,10,2,1,12
CH-SH-01-2,ST-SH-01,SH,2025-12-24,11,10,1,1,11
CH-SH-01-3,ST-SH-01,SH,2025-12-24,3,3,0,0,3
CH-SH-02-1,ST-SH-02,SH,2025-12-24,15,15,0,0,15
CH-SH-02-2,ST-SH-02,SH,2025-12-24,15,14,1,1,15
CH-SH-02-3,ST-SH-02,SH,2025-12-24,4,4,0,0,4
CH-SH-03-1,ST-SH-03,SH,2025-12-24,6,6,0,0,6
CH-SH-03-2,ST-SH-03,SH,2025-12-24,4,4,0,0,4
CH-SH-03-3,ST-SH-03,SH,2025-12-24,2,2,0,0,2
CH-SH-04-1,ST-SH-04,SH,2025-12-24,9,7,2,1,9
CH-SH-04-2,ST-SH-04,SH,2025-12-24,14,14,0,0,14
CH-SH-04-3,ST-SH-04,SH,2025-12-24,4,4,0,0,4
CH-SH-05-1,ST-SH-05,SH,2025-12-24,6,6,0,0,6
CH-SH-05-2,ST-SH-05,SH,2025-12-24,12,12,0,0,12
CH-SH-05-3,ST-SH-05,SH,2025-12-24,4,4,0,0,4
CH-SY-01-1,ST-SY-01,SY,2025-12-24,7,7,0,0,7
CH-SY-01-2,ST-SY-01,SY,2025-12-24,12,12,0,0,12
CH-SY-01-3,ST-SY-01,SY,2025-12-24,5,5,0,0,5
CH-SY-02-1,ST-SY-02,SY,2025-12-24,15,15,0,0,15
CH-SY-02-2,ST-SY-02,SY,2025-12-24,13,13,0,0,13
CH-SY-02-3,ST-SY-02,SY,2025-12-24,8,7,1,1,8
CH-SY-03-1,ST-SY-03,SY,2025-12-24,5,5,0,0,5
CH-SY-03-2,ST-SY-03,SY,2025-12-24,3,3,0,0,3
CH-SY-03-3,ST-SY-03,SY,2025-12-24,3,3,0,0,3
CH-SY-04-1,ST-SY-04,SY,2025-12-24,14,12,2,1,14
CH-SY-04-2,ST-SY-04,SY,2025-12-24,16,16,0,0,15
CH-SY-04-3,ST-SY-04,SY,2025-12-24,5,5,0,0,5
CH-SY-05-1,ST-SY-05,SY,2025-12-24,9,8,1,1,9
CH-SY-05-2,ST-SY-05,SY,2025-12-24,8,8,0,0,8
CH-SY-05-3,ST-SY-05,SY,2025-12-24,4,4,0,0,4
CH-SZ-01-1,ST-SZ-01,SZ,2025-12-24,11,10,1,1,11
CH-SZ-01-2,ST-SZ-01,SZ,2025-12-24,8,8,0,0,8
CH-SZ-01-3,ST-SZ-01,SZ,2025-12-24,5,5,0,0,5
CH-SZ-02-1,ST-SZ-02,SZ,2025-12-24,9,9,0,0,9
CH-SZ-02-2,ST-SZ-02,SZ,2025-12-24,14,13,1,1,14
CH-SZ-02-3,ST-SZ-02,SZ,2025-12-24,5,5,0,0,5
CH-SZ-03-1,ST-SZ-03,SZ,2025-12-24,8,8,0,0,8
CH-SZ-03-2,ST-SZ-03,SZ,2025-12-24,1,1,0,0,1
CH-SZ-03-3,ST-SZ-03,SZ,2025-12-24,2,2,0,0,2
CH-SZ-04-1,ST-SZ-04,SZ,2025-12-24,10,10,0,0,10
CH-SZ-04-2,ST-SZ-04,SZ,2025-12-24,16,16,0,0,16
CH-SZ-04-3,ST-SZ-04,SZ,2025-12-24,6,6,0,0,6
CH-SZ-05-1,ST-SZ-05,SZ,2025-12-24,9,8,1,1,9
CH-SZ-05-2,ST-SZ-05,SZ,2025-12-24,8,8,0,0,8
CH-SZ-05-3,ST-SZ-05,SZ,2025-12-24,6,6,0,0,6
CH-BJ-01-1,ST-BJ-01,BJ,2025-12-25,6,6,0,0,6
CH-BJ-01-2,ST-BJ-01,BJ,2025-12-25,9,9,0,0,9
CH-BJ-01-3,ST-BJ-01,BJ,2025-12-25,3,3,0,0,3
CH-BJ-02-1,ST-BJ-02,BJ,2025-12-25,12,11,1,1,12
CH-BJ-02-2,ST-BJ-02,BJ,2025-12-25,13,13,0,0,13
CH-BJ-02-3,ST-BJ-02,BJ,2025-12-25,4,4,0,0,4
CH-BJ-03-1,ST-BJ-03,BJ,2025-12-25,8,8,0,0,8
CH-BJ-03-2,ST-BJ-03,BJ,2025-12-25,1,1,0,0,1
CH-BJ-03-3,ST-BJ-03,BJ,2025-12-25,3,3,0,0,3
CH-BJ-04-1,ST-BJ-04,BJ,2025-12-25,18,17,1,1,18
CH-BJ-04-2,ST-BJ-04,BJ,2025-12-25,22,21,1,1,21
CH-BJ-04-3,ST-BJ-04,BJ,2025-12-25,6,6,0,0,6
CH-BJ-05-1,ST-BJ-05,BJ,2025-12-25,5,4,1,1,5
CH-BJ-05-2,ST-BJ-05,BJ,2025-12-25,8,8,0,0,8
CH-BJ-05-3,ST-BJ-05,BJ,2025-12-25,4,4,0,0,4
CH-DL-01-1,ST-DL-01,DL,2025-12-25,7,6,1,1,7
CH-DL-01-2,ST-DL-01,DL,2025-12-25,9,9,0,0,9
CH-DL-01-3,ST-DL-01,DL,2025-12-25,5,5,0,0,5
CH-DL-02-1,ST-DL-02,DL,2025-12-25,13,13,0,0,13
CH-DL-02-2,ST-DL-02,DL,2025-12-25,15,15,0,0,15
CH-DL-02-3,ST-DL-02,DL,2025-12-25,5,4,1,1,5
CH-DL-03-1,ST-DL-03,DL,2025-12-25,8,7,1,1,8
CH-DL-03-2,ST-DL-03,DL,2025-12-25,4,4,0,0,4
CH-DL-03-3,ST-DL-03,DL,2025-12-25,3,3,0,0,3
CH-DL-04-1,ST-DL-04,DL,2025-12-25,16,15,1,1,15
CH-DL-04-2,ST-DL-04,DL,2025-12-25,18,18,0,0,18
CH-DL-04-3,ST-DL-04,DL,2025-12-25,4,4,0,0,4
CH-DL-05-1,ST-DL-05,DL,2025-12-25,3,3,0,0,3
CH-DL-05-2,ST-DL-05,DL,2025-12-25,5,5,0,0,5
CH-DL-05-3,ST-DL-05,DL,2025-12-25,5,5,0,0,5
CH-SH-01-1,ST-SH-01,SH,2025-12-25,11,10,1,1,11
CH-SH-01-2,ST-SH-01,SH,2025-12-25,12,11,1,1,12
CH-SH-01-3,ST-SH-01,SH,2025-12-25,5,4,1,1,5
CH-SH-02-1,ST-SH-02,SH,2025-12-25,7,7,0,0,7
CH-SH-02-2,ST-SH-02,SH,2025-12-25,12,12,0,0,12
CH-SH-02-3,ST-SH-02,SH,2025-12-25,4,4,0,0,4
CH-SH-03-1,ST-SH-03,SH,2025-12-25,4,4,0,0,4
CH-SH-03-2,ST-SH-03,SH,2025-12-25,2,2,0,0,2
CH-SH-03-3,ST-SH-03,SH,2025-12-25,3,3,0,0,3
CH-SH-04-1,ST-SH-04,SH,2025-12-25,14,13,1,1,14
CH-SH-04-2,ST-SH-04,SH,2025-12-25,17,17,0,0,17
CH-SH-04-3,ST-SH-04,SH,2025-12-25,6,6,0,0,6
CH-SH-05-1,ST-SH-05,SH,2025-12-25,8,8,0,0,8
CH-SH-05-2,ST-SH-05,SH,2025-12-25,9,9,0,0,9
CH-SH-05-3,ST-SH-05,SH,2025-12-25,3,3,0,0,3
CH-SY-01-1,ST-SY-01,SY,2025-12-25,5,5,0,0,5
CH-SY-01-2,ST-SY-01,SY,2025-12-25,9,9,0,0,9
CH-SY-01-3,ST-SY-01,SY,2025-12-25,3,3,0,0,3
CH-SY-02-1,ST-SY-02,SY,2025-12-25,7,7,0,0,7
CH-SY-02-2,ST-SY-02,SY,2025-12-25,12,11,1,1,12
CH-SY-02-3,ST-SY-02,SY,2025-12-25,4,4,0,0,4
CH-SY-03-1,ST-SY-03,SY,2025-12-25,7,7,0,0,7
CH-SY-03-2,ST-SY-03,SY,2025-12-25,1,1,0,0,1
CH-SY-03-3,ST-SY-03,SY,2025-12-25,1,1,0,0,1
CH-SY-04-1,ST-SY-04,SY,2025-12-25,10,8,2,1,9
CH-SY-04-2,ST-SY-04,SY,2025-12-25,15,15,0,0,15
CH-SY-04-3,ST-SY-04,SY,2025-12-25,5,5,0,0,5
CH-SY-05-1,ST-SY-05,SY,2025-12-25,8,8,0,0,8
CH-SY-05-2,ST-SY-05,SY,2025-12-25,10,10,0,0,10
CH-SY-05-3,ST-SY-05,SY,2025-12-25,3,3,0,0,3
CH-SZ-01-1,ST-SZ-01,SZ,2025-12-25,8,8,0,0,8
CH-SZ-01-2,ST-SZ-01,SZ,2025-12-25,9,9,0,0,9
CH-SZ-01-3,ST-SZ-01,SZ,2025-12-25,4,4,0,0,4
CH-SZ-02-1,ST-SZ-02,SZ,2025-12-25,9,8,1,1,9
CH-SZ-02-2,ST-SZ-02,SZ,2025-12-25,10,9,1,1,10
CH-SZ-02-3,ST-SZ-02,SZ,2025-12-25,2,2,0,0,2
CH-SZ-03-1,ST-SZ-03,SZ,2025-12-25,9,7,2,1,9
CH-SZ-03-2,ST-SZ-03,SZ,2025-12-25,3,3,0,0,3
CH-SZ-03-3,ST-SZ-03,SZ,2025-12-25,2,2,0,0,2
CH-SZ-04-1,ST-SZ-04,SZ,2025-12-25,17,16,1,1,16
CH-SZ-04-2,ST-SZ-04,SZ,2025-12-25,18,18,0,0,17
CH-SZ-04-3,ST-SZ-04,SZ,2025-12-25,4,4,0,0,4
CH-SZ-05-1,ST-SZ-05,SZ,2025-12-25,8,8,0,0,8
CH-SZ-05-2,ST-SZ-05,SZ,2025-12-25,12,11,1,1,12
CH-SZ-05-3,ST-SZ-05,SZ,2025-12-25,4,4,0,0,4
CH-BJ-01-1,ST-BJ-01,BJ,2025-12-26,8,8,0,0,8
CH-BJ-01-2,ST-BJ-01,BJ,2025-12-26,5,5,0,0,5
CH-BJ-01-3,ST-BJ-01,BJ,2025-12-26,3,3,0,0,3
CH-BJ-02-1,ST-BJ-02,BJ,2025-12-26,13,12,1,1,13
CH-BJ-02-2,ST-BJ-02,BJ,2025-12-26,11,11,0,0,11
CH-BJ-02-3,ST-BJ-02,BJ,2025-12-26,5,5,0,0,5
CH-BJ-03-1,ST-BJ-03,BJ,2025-12-26,6,6,0,0,6
CH-BJ-03-2,ST-BJ-03,BJ,2025-12-26,2,2,0,0,2
CH-BJ-03-3,ST-BJ-03,BJ,2025-12-26,3,3,0,0,3
CH-BJ-04-1,ST-BJ-04,BJ,2025-12-26,14,13,1,1,14
CH-BJ-04-2,ST-BJ-04,BJ,2025-12-26,18,17,1,1,18
CH-BJ-04-3,ST-BJ-04,BJ,2025-12-26,4,3,1,1,4
CH-BJ-05-1,ST-BJ-05,BJ,2025-12-26,7,7,0,0,7
CH-BJ-05-2,ST-BJ-05,BJ,2025-12-26,11,10,1,1,11
CH-BJ-05-3,ST-BJ-05,BJ,2025-12-26,4,4,0,0,4
CH-DL-01-1,ST-DL-01,DL,2025-12-26,13,12,1,1,13
CH-DL-01-2,ST-DL-01,DL,2025-12-26,10,9,1,1,10
CH-DL-01-3,ST-DL-01,DL,2025-12-26,4,4,0,0,4
CH-DL-02-1,ST-DL-02,DL,2025-12-26,7,6,1,1,7
CH-DL-02-2,ST-DL-02,DL,2025-12-26,8,8,0,0,8
CH-DL-02-3,ST-DL-02,DL,2025-12-26,4,4,0,0,4
CH-DL-03-1,ST-DL-03,DL,2025-12-26,8,7,1,1,8
CH-DL-03-2,ST-DL-03,DL,2025-12-26,1,1,0,0,1
CH-DL-03-3,ST-DL-03,DL,2025-12-26,1,1,0,0,1
CH-DL-04-1,ST-DL-04,DL,2025-12-26,11,11,0,0,11
CH-DL-04-2,ST-DL-04,DL,2025-12-26,15,15,0,0,14
CH-DL-04-3,ST-DL-04,DL,2025-12-26,7,6,1,1,7
CH-DL-05-1,ST-DL-05,DL,2025-12-26,7,7,0,0,7
CH-DL-05-2,ST-DL-05,DL,2025-12-26,8,8,0,0,8
CH-DL-05-3,ST-DL-05,DL,2025-12-26,5,5,0,0,5
CH-SH-01-1,ST-SH-01,SH,2025-12-26,10,9,1,1,10
CH-SH-01-2,ST-SH-01,SH,2025-12-26,10,10,0,0,10
CH-SH-01-3,ST-SH-01,SH,2025-12-26,3,3,0,0,3
CH-SH-02-1,ST-SH-02,SH,2025-12-26,10,9,1,1,10
CH-SH-02-2,ST-SH-02,SH,2025-12-26,12,11,1,1,12
CH-SH-02-3,ST-SH-02,SH,2025-12-26,4,4,0,0,4
CH-SH-03-1,ST-SH-03,SH,2025-12-26,7,7,0,0,7
CH-SH-03-2,ST-SH-03,SH,2025-12-26,3,3,0,0,3
CH-SH-03-3,ST-SH-03,SH,2025-12-26,2,2,0,0,2
CH-SH-04-1,ST-SH-04,SH,2025-12-26,11,10,1,1,11
CH-SH-04-2,ST-SH-04,SH,2025-12-26,13,13,0,0,13
CH-SH-04-3,ST-SH-04,SH,2025-12-26,4,4,0,0,4
CH-SH-05-1,ST-SH-05,SH,2025-12-26,7,6,1,1,7
CH-SH-05-2,ST-SH-05,SH,2025-12-26,6,6,0,0,6
CH-SH-05-3,ST-SH-05,SH,2025-12-26,5,5,0,0,5
CH-SY-01-1,ST-SY-01,SY,2025-12-26,9,9,0,0,9
CH-SY-01-2,ST-SY-01,SY,2025-12-26,9,9,0,0,9
CH-SY-01-3,ST-SY-01,SY,2025-12-26,3,3,0,0,3
CH-SY-02-1,ST-SY-02,SY,2025-12-26,10,10,0,0,10
CH-SY-02-2,ST-SY-02,SY,2025-12-26,12,12,0,0,12
CH-SY-02-3,ST-SY-02,SY,2025-12-26,5,5,0,0,5
CH-SY-03-1,ST-SY-03,SY,2025-12-26,7,6,1,1,7
CH-SY-03-2,ST-SY-03,SY,2025-12-26,3,3,0,0,3
CH-SY-03-3,ST-SY-03,SY,2025-12-26,2,2,0,0,2
CH-SY-04-1,ST-SY-04,SY,2025-12-26,14,12,2,1,14
CH-SY-04-2,ST-SY-04,SY,2025-12-26,20,20,0,0,20
CH-SY-04-3,ST-SY-04,SY,2025-12-26,5,5,0,0,5
CH-SY-05-1,ST-SY-05,SY,2025-12-26,3,3,0,0,3
CH-SY-05-2,ST-SY-05,SY,2025-12-26,6,6,0,0,6
CH-SY-05-3,ST-SY-05,SY,2025-12-26,3,3,0,0,3
CH-SZ-01-1,ST-SZ-01,SZ,2025-12-26,6,6,0,0,6
CH-SZ-01-2,ST-SZ-01,SZ,2025-12-26,9,9,0,0,9
CH-SZ-01-3,ST-SZ-01,SZ,2025-12-26,4,4,0,0,4
CH-SZ-02-1,ST-SZ-02,SZ,2025-12-26,8,8,0,0,8
CH-SZ-02-2,ST-SZ-02,SZ,2025-12-26,10,10,0,0,10
CH-SZ-02-3,ST-SZ-02,SZ,2025-12-26,3,3,0,0,3
CH-SZ-03-1,ST-SZ-03,SZ,2025-12-26,4,4,0,0,4
CH-SZ-03-2,ST-SZ-03,SZ,2025-12-26,2,2,0,0,2
CH-SZ-03-3,ST-SZ-03,SZ,2025-12-26,2,2,0,0,2
CH-SZ-04-1,ST-SZ-04,SZ,2025-12-26,10,9,1,1,10
CH-SZ-04-2,ST-SZ-04,SZ,2025-12-26,10,10,0,0,10
CH-SZ-04-3,ST-SZ-04,SZ,2025-12-26,5,5,0,0,5
CH-SZ-05-1,ST-SZ-05,SZ,2025-12-26,9,9,0,0,9
CH-SZ-05-2,ST-SZ-05,SZ,2025-12-26,12,12,0,0,12
CH-SZ-05-3,ST-SZ-05,SZ,2025-12-26,4,4,0,0,4
CH-BJ-01-1,ST-BJ-01,BJ,2025-12-27,3,3,0,0,3
CH-BJ-01-2,ST-BJ-01,BJ,2025-12-27,3,3,0,0,3
CH-BJ-01-3,ST-BJ-01,BJ,2025-12-27,3,3,0,0,3
CH-BJ-02-1,ST-BJ-02,BJ,2025-12-27,12,12,0,0,12
CH-BJ-02-2,ST-BJ-02,BJ,2025-12-27,15,14,1,1,15
CH-BJ-02-3,ST-BJ-02,BJ,2025-12-27,5,5,0,0,5
CH-BJ-03-1,ST-BJ-03,BJ,2025-12-27,6,6,0,0,6
CH-BJ-03-2,ST-BJ-03,BJ,2025-12-27,3,3,0,0,3
CH-BJ-03-3,ST-BJ-03,BJ,2025-12-27,2,2,0,0,2
CH-BJ-04-1,ST-BJ-04,BJ,2025-12-27,14,13,1,1,14
CH-BJ-04-2,ST-BJ-04,BJ,2025-12-27,20,20,0,0,20
CH-BJ-04-3,ST-BJ-04,BJ,2025-12-27,6,6,0,0,6
CH-BJ-05-1,ST-BJ-05,BJ,2025-12-27,3,3,0,0,3
CH-BJ-05-2,ST-BJ-05,BJ,2025-12-27,3,3,0,0,3
CH-BJ-05-3,ST-BJ-05,BJ,2025-12-27,4,4,0,0,4
CH-DL-01-1,ST-DL-01,DL,2025-12-27,7,7,0,0,7
CH-DL-01-2,ST-DL-01,DL,2025-12-27,5,5,0,0,5
CH-DL-01-3,ST-DL-01,DL,2025-12-27,4,4,0,0,4
CH-DL-02-1,ST-DL-02,DL,2025-12-27,13,13,0,0,13
CH-DL-02-2,ST-DL-02,DL,2025-12-27,15,14,1,1,15
CH-DL-02-3,ST-DL-02,DL,2025-12-27,6,6,0,0,6
CH-DL-03-1,ST-DL-03,DL,2025-12-27,6,6,0,0,6
CH-DL-03-2,ST-DL-03,DL,2025-12-27,3,3,0,0,3
CH-DL-03-3,ST-DL-03,DL,2025-12-27,2,2,0,0,2
CH-DL-04-1,ST-DL-04,DL,2025-12-27,13,12,1,1,13
CH-DL-04-2,ST-DL-04,DL,2025-12-27,22,22,0,0,22
CH-DL-04-3,ST-DL-04,DL,2025-12-27,5,5,0,0,5
CH-DL-05-1,ST-DL-05,DL,2025-12-27,4,4,0,0,4
CH-DL-05-2,ST-DL-05,DL,2025-12-27,3,3,0,0,3
CH-DL-05-3,ST-DL-05,DL,2025-12-27,3,3,0,0,3
CH-SH-01-1,ST-SH-01,SH,2025-12-27,4,4,0,0,4
CH-SH-01-2,ST-SH-01,SH,2025-12-27,5,5,0,0,5
CH-SH-01-3,ST-SH-01,SH,2025-12-27,3,3,0,0,3
CH-SH-02-1,ST-SH-02,SH,2025-12-27,10,8,2,1,10
CH-SH-02-2,ST-SH-02,SH,2025-12-27,13,13,0,0,13
CH-SH-02-3,ST-SH-02,SH,2025-12-27,4,4,0,0,4
CH-SH-03-1,ST-SH-03,SH,2025-12-27,7,4,3,1,7
CH-SH-03-2,ST-SH-03,SH,2025-12-27,1,1,0,0,1
CH-SH-03-3,ST-SH-03,SH,2025-12-27,1,1,0,0,1
CH-SH-04-1,ST-SH-04,SH,2025-12-27,11,11,0,0,9
CH-SH-04-2,ST-SH-04,SH,2025-12-27,14,14,0,0,14
CH-SH-04-3,ST-SH-04,SH,2025-12-27,4,4,0,0,4
CH-SH-05-1,ST-SH-05,SH,2025-12-27,6,6,0,0,6
CH-SH-05-2,ST-SH-05,SH,2025-12-27,5,5,0,0,5
CH-SH-05-3,ST-SH-05,SH,2025-12-27,4,4,0,0,4
CH-SY-01-1,ST-SY-01,SY,2025-12-27,5,5,0,0,5
CH-SY-01-2,ST-SY-01,SY,2025-12-27,7,7,0,0,7
CH-SY-01-3,ST-SY-01,SY,2025-12-27,4,4,0,0,4
CH-SY-02-1,ST-SY-02,SY,2025-12-27,4,4,0,0,4
CH-SY-02-2,ST-SY-02,SY,2025-12-27,11,11,0,0,11
CH-SY-02-3,ST-SY-02,SY,2025-12-27,3,3,0,0,3
CH-SY-03-1,ST-SY-03,SY,2025-12-27,5,5,0,0,5
CH-SY-03-2,ST-SY-03,SY,2025-12-27,3,3,0,0,3
CH-SY-03-3,ST-SY-03,SY,2025-12-27,3,3,0,0,3
CH-SY-04-1,ST-SY-04,SY,2025-12-27,17,17,0,0,17
CH-SY-04-2,ST-SY-04,SY,2025-12-27,17,15,2,1,17
CH-SY-04-3,ST-SY-04,SY,2025-12-27,4,4,0,0,4
CH-SY-05-1,ST-SY-05,SY,2025-12-27,5,5,0,0,5
CH-SY-05-2,ST-SY-05,SY,2025-12-27,7,7,0,0,7
CH-SY-05-3,ST-SY-05,SY,2025-12-27,3,3,0,0,3
CH-SZ-01-1,ST-SZ-01,SZ,2025-12-27,2,2,0,0,2
CH-SZ-01-2,ST-SZ-01,SZ,2025-12-27,3,3,0,0,3
CH-SZ-01-3,ST-SZ-01,SZ,2025-12-27,3,3,0,0,3
CH-SZ-02-1,ST-SZ-02,SZ,2025-12-27,9,9,0,0,9
CH-SZ-02-2,ST-SZ-02,SZ,2025-12-27,10,10,0,0,10
CH-SZ-02-3,ST-SZ-02,SZ,2025-12-27,4,4,0,0,4
CH-SZ-03-1,ST-SZ-03,SZ,2025-12-27,9,7,2,1,8
CH-SZ-03-2,ST-SZ-03,SZ,2025-12-27,2,2,0,0,2
CH-SZ-03-3,ST-SZ-03,SZ,2025-12-27,2,2,0,0,2
CH-SZ-04-1,ST-SZ-04,SZ,2025-12-27,12,12,0,0,12
CH-SZ-04-2,ST-SZ-04,SZ,2025-12-27,23,23,0,0,23
CH-SZ-04-3,ST-SZ-04,SZ,2025-12-27,3,3,0,0,3
CH-SZ-05-1,ST-SZ-05,SZ,2025-12-27,5,5,0,0,5
CH-SZ-05-2,ST-SZ-05,SZ,2025-12-27,9,9,0,0,9
CH-SZ-05-3,ST-SZ-05,SZ,2025-12-27,4,4,0,0,4
CH-BJ-01-1,ST-BJ-01,BJ,2025-12-28,6,5,1,1,6
CH-BJ-01-2,ST-BJ-01,BJ,2025-12-28,4,3,1,1,4
CH-BJ-01-3,ST-BJ-01,BJ,2025-12-28,4,4,0,0,4
CH-BJ-02-1,ST-BJ-02,BJ,2025-12-28,12,11,1,1,12
CH-BJ-02-2,ST-BJ-02,BJ,2025-12-28,10,10,0,0,10
CH-BJ-02-3,ST-BJ-02,BJ,2025-12-28,4,4,0,0,4
CH-BJ-03-1,ST-BJ-03,BJ,2025-12-28,6,6,0,0,6
CH-BJ-03-2,ST-BJ-03,BJ,2025-12-28,2,2,0,0,2
CH-BJ-03-3,ST-BJ-03,BJ,2025-12-28,1,1,0,0,1
CH-BJ-04-1,ST-BJ-04,BJ,2025-12-28,16,14,2,1,14
CH-BJ-04-2,ST-BJ-04,BJ,2025-12-28,21,19,2,1,20
CH-BJ-04-3,ST-BJ-04,BJ,2025-12-28,6,6,0,0,6
CH-BJ-05-1,ST-BJ-05,BJ,2025-12-28,5,5,0,0,5
CH-BJ-05-2,ST-BJ-05,BJ,2025-12-28,3,3,0,0,3
CH-BJ-05-3,ST-BJ-05,BJ,2025-12-28,4,4,0,0,4
CH-DL-01-1,ST-DL-01,DL,2025-12-28,6,5,1,1,6
CH-DL-01-2,ST-DL-01,DL,2025-12-28,7,7,0,0,7
CH-DL-01-3,ST-DL-01,DL,2025-12-28,4,4,0,0,4
CH-DL-02-1,ST-DL-02,DL,2025-12-28,11,11,0,0,11
CH-DL-02-2,ST-DL-02,DL,2025-12-28,14,14,0,0,14
CH-DL-02-3,ST-DL-02,DL,2025-12-28,4,4,0,0,4
CH-DL-03-1,ST-DL-03,DL,2025-12-28,5,5,0,0,5
CH-DL-03-2,ST-DL-03,DL,2025-12-28,1,1,0,0,1
CH-DL-03-3,ST-DL-03,DL,2025-12-28,1,1,0,0,1
CH-DL-04-1,ST-DL-04,DL,2025-12-28,16,16,0,0,16
CH-DL-04-2,ST-DL-04,DL,2025-12-28,18,18,0,0,18
CH-DL-04-3,ST-DL-04,DL,2025-12-28,6,5,1,1,6
CH-DL-05-1,ST-DL-05,DL,2025-12-28,4,4,0,0,4
CH-DL-05-2,ST-DL-05,DL,2025-12-28,7,7,0,0,7
CH-DL-05-3,ST-DL-05,DL,2025-12-28,2,2,0,0,2
CH-SH-01-1,ST-SH-01,SH,2025-12-28,2,1,1,1,2
CH-SH-01-2,ST-SH-01,SH,2025-12-28,2,2,0,0,2
CH-SH-01-3,ST-SH-01,SH,2025-12-28,4,4,0,0,4
CH-SH-02-1,ST-SH-02,SH,2025-12-28,8,7,1,1,8
CH-SH-02-2,ST-SH-02,SH,2025-12-28,10,9,1,1,10
CH-SH-02-3,ST-SH-02,SH,2025-12-28,4,4,0,0,4
CH-SH-03-1,ST-SH-03,SH,2025-12-28,5,5,0,0,4
CH-SH-03-2,ST-SH-03,SH,2025-12-28,2,2,0,0,2
CH-SH-03-3,ST-SH-03,SH,2025-12-28,4,4,0,0,4
CH-SH-04-1,ST-SH-04,SH,2025-12-28,18,16,2,1,18
CH-SH-04-2,ST-SH-04,SH,2025-12-28,16,16,0,0,16
CH-SH-04-3,ST-SH-04,SH,2025-12-28,5,5,0,0,5
CH-SH-05-1,ST-SH-05,SH,2025-12-28,4,1,3,1,4
CH-SH-05-2,ST-SH-05,SH,2025-12-28,5,5,0,0,5
CH-SH-05-3,ST-SH-05,SH,2025-12-28,4,4,0,0,4
CH-SY-01-1,ST-SY-01,SY,2025-12-28,3,3,0,0,3
CH-SY-01-2,ST-SY-01,SY,2025-12-28,5,5,0,0,5
CH-SY-01-3,ST-SY-01,SY,2025-12-28,2,2,0,0,2
CH-SY-02-1,ST-SY-02,SY,2025-12-28,11,10,1,1,11
CH-SY-02-2,ST-SY-02,SY,2025-12-28,15,15,0,0,15
CH-SY-02-3,ST-SY-02,SY,2025-12-28,6,6,0,0,6
CH-SY-03-1,ST-SY-03,SY,2025-12-28,6,6,0,0,6
CH-SY-03-2,ST-SY-03,SY,2025-12-28,2,2,0,0,2
CH-SY-03-3,ST-SY-03,SY,2025-12-28,2,2,0,0,2
CH-SY-04-1,ST-SY-04,SY,2025-12-28,16,16,0,0,15
CH-SY-04-2,ST-SY-04,SY,2025-12-28,23,23,0,0,23
CH-SY-04-3,ST-SY-04,SY,2025-12-28,5,5,0,0,5
CH-SY-05-1,ST-SY-05,SY,2025-12-28,5,5,0,0,5
CH-SY-05-2,ST-SY-05,SY,2025-12-28,6,5,1,1,6
CH-SY-05-3,ST-SY-05,SY,2025-12-28,3,3,0,0,3
CH-SZ-01-1,ST-SZ-01,SZ,2025-12-28,5,5,0,0,5
CH-SZ-01-2,ST-SZ-01,SZ,2025-12-28,8,8,0,0,8
CH-SZ-01-3,ST-SZ-01,SZ,2025-12-28,3,3,0,0,3
CH-SZ-02-1,ST-SZ-02,SZ,2025-12-28,6,6,0,0,6
CH-SZ-02-2,ST-SZ-02,SZ,2025-12-28,12,12,0,0,12
CH-SZ-02-3,ST-SZ-02,SZ,2025-12-28,4,4,0,0,4
CH-SZ-03-1,ST-SZ-03,SZ,2025-12-28,9,9,0,0,9
CH-SZ-03-2,ST-SZ-03,SZ,2025-12-28,1,1,0,0,1
CH-SZ-03-3,ST-SZ-03,SZ,2025-12-28,3,2,1,1,3
CH-SZ-04-1,ST-SZ-04,SZ,2025-12-28,15,13,2,1,15
CH-SZ-04-2,ST-SZ-04,SZ,2025-12-28,17,16,1,1,16
CH-SZ-04-3,ST-SZ-04,SZ,2025-12-28,4,4,0,0,4
CH-SZ-05-1,ST-SZ-05,SZ,2025-12-28,5,4,1,1,5
CH-SZ-05-2,ST-SZ-05,SZ,2025-12-28,7,7,0,0,7
CH-SZ-05-3,ST-SZ-05,SZ,2025-12-28,4,4,0,0,4
CH-BJ-01-1,ST-BJ-01,BJ,2025-12-29,7,7,0,0,7
CH-BJ-01-2,ST-BJ-01,BJ,2025-12-29,7,6,1,1,7
CH-BJ-01-3,ST-BJ-01,BJ,2025-12-29,3,3,0,0,3
CH-BJ-02-1,ST-BJ-02,BJ,2025-12-29,8,8,0,0,8
CH-BJ-02-2,ST-BJ-02,BJ,2025-12-29,14,14,0,0,14
CH-BJ-02-3,ST-BJ-02,BJ,2025-12-29,2,2,0,0,2
CH-BJ-03-1,ST-BJ-03,BJ,2025-12-29,5,5,0,0,5
CH-BJ-03-2,ST-BJ-03,BJ,2025-12-29,2,2,0,0,2
CH-BJ-03-3,ST-BJ-03,BJ,2025-12-29,4,4,0,0,4
CH-BJ-04-1,ST-BJ-04,BJ,2025-12-29,16,14,2,1,15
CH-BJ-04-2,ST-BJ-04,BJ,2025-12-29,22,21,1,1,22
CH-BJ-04-3,ST-BJ-04,BJ,2025-12-29,4,4,0,0,4
CH-BJ-05-1,ST-BJ-05,BJ,2025-12-29,6,6,0,0,6
CH-BJ-05-2,ST-BJ-05,BJ,2025-12-29,10,9,1,1,10
CH-BJ-05-3,ST-BJ-05,BJ,2025-12-29,4,4,0,0,4
CH-DL-01-1,ST-DL-01,DL,2025-12-29,7,7,0,0,7
CH-DL-01-2,ST-DL-01,DL,2025-12-29,5,5,0,0,5
CH-DL-01-3,ST-DL-01,DL,2025-12-29,5,4,1,1,5
CH-DL-02-1,ST-DL-02,DL,2025-12-29,10,10,0,0,10
CH-DL-02-2,ST-DL-02,DL,2025-12-29,12,11,1,1,12
CH-DL-02-3,ST-DL-02,DL,2025-12-29,3,3,0,0,3
CH-DL-03-1,ST-DL-03,DL,2025-12-29,9,8,1,1,9
CH-DL-03-2,ST-DL-03,DL,2025-12-29,3,3,0,0,3
CH-DL-03-3,ST-DL-03,DL,2025-12-29,1,1,0,0,1
CH-DL-04-1,ST-DL-04,DL,2025-12-29,15,13,2,1,15
CH-DL-04-2,ST-DL-04,DL,2025-12-29,21,20,1,1,21
CH-DL-04-3,ST-DL-04,DL,2025-12-29,6,6,0,0,6
CH-DL-05-1,ST-DL-05,DL,2025-12-29,9,8,1,1,9
CH-DL-05-2,ST-DL-05,DL,2025-12-29,5,5,0,0,5
CH-DL-05-3,ST-DL-05,DL,2025-12-29,3,3,0,0,3
CH-SH-01-1,ST-SH-01,SH,2025-12-29,9,8,1,1,9
CH-SH-01-2,ST-SH-01,SH,2025-12-29,10,10,0,0,10
CH-SH-01-3,ST-SH-01,SH,2025-12-29,3,3,0,0,3
CH-SH-02-1,ST-SH-02,SH,2025-12-29,13,13,0,0,13
CH-SH-02-2,ST-SH-02,SH,2025-12-29,12,11,1,1,12
CH-SH-02-3,ST-SH-02,SH,2025-12-29,6,6,0,0,6
CH-SH-03-1,ST-SH-03,SH,2025-12-29,4,4,0,0,4
CH-SH-03-2,ST-SH-03,SH,2025-12-29,0,0,0,0,0
CH-SH-03-3,ST-SH-03,SH,2025-12-29,2,2,0,0,2
CH-SH-04-1,ST-SH-04,SH,2025-12-29,11,11,0,0,11
CH-SH-04-2,ST-SH-04,SH,2025-12-29,16,16,0,0,16
CH-SH-04-3,ST-SH-04,SH,2025-12-29,6,6,0,0,6
CH-SH-05-1,ST-SH-05,SH,2025-12-29,9,9,0,0,9
CH-SH-05-2,ST-SH-05,SH,2025-12-29,11,11,0,0,11
CH-SH-05-3,ST-SH-05,SH,2025-12-29,4,4,0,0,4
CH-SY-01-1,ST-SY-01,SY,2025-12-29,8,8,0,0,8
CH-SY-01-2,ST-SY-01,SY,2025-12-29,7,6,1,1,7
CH-SY-01-3,ST-SY-01,SY,2025-12-29,3,3,0,0,3
CH-SY-02-1,ST-SY-02,SY,2025-12-29,9,9,0,0,9
CH-SY-02-2,ST-SY-02,SY,2025-12-29,12,12,0,0,12
CH-SY-02-3,ST-SY-02,SY,2025-12-29,3,3,0,0,3
CH-SY-03-1,ST-SY-03,SY,2025-12-29,3,3,0,0,3
CH-SY-03-2,ST-SY-03,SY,2025-12-29,3,3,0,0,3
CH-SY-03-3,ST-SY-03,SY,2025-12-29,2,2,0,0,2
CH-SY-04-1,ST-SY-04,SY,2025-12-29,11,9,2,1,11
CH-SY-04-2,ST-SY-04,SY,2025-12-29,17,16,1,1,16
CH-SY-04-3,ST-SY-04,SY,2025-12-29,4,4,0,0,4
CH-SY-05-1,ST-SY-05,SY,2025-12-29,6,5,1,1,6
CH-SY-05-2,ST-SY-05,SY,2025-12-29,8,8,0,0,8
CH-SY-05-3,ST-SY-05,SY,2025-12-29,4,4,0,0,4
CH-SZ-01-1,ST-SZ-01,SZ,2025-12-29,11,11,0,0,11
CH-SZ-01-2,ST-SZ-01,SZ,2025-12-29,7,5,2,1,7
CH-SZ-01-3,ST-SZ-01,SZ,2025-12-29,2,2,0,0,2
CH-SZ-02-1,ST-SZ-02,SZ,2025-12-29,9,7,2,1,9
CH-SZ-02-2,ST-SZ-02,SZ,2025-12-29,10,10,0,0,10
CH-SZ-02-3,ST-SZ-02,SZ,2025-12-29,3,3,0,0,3
CH-SZ-03-1,ST-SZ-03,SZ,2025-12-29,8,8,0,0,8
CH-SZ-03-2,ST-SZ-03,SZ,2025-12-29,4,4,0,0,4
CH-SZ-03-3,ST-SZ-03,SZ,2025-12-29,3,3,0,0,3
CH-SZ-04-1,ST-SZ-04,SZ,2025-12-29,13,13,0,0,13
CH-SZ-04-2,ST-SZ-04,SZ,2025-12-29,23,23,0,0,23
CH-SZ-04-3,ST-SZ-04,SZ,2025-12-29,4,4,0,0,4
CH-SZ-05-1,ST-SZ-05,SZ,2025-12-29,10,10,0,0,10
CH-SZ-05-2,ST-SZ-05,SZ,2025-12-29,15,15,0,0,15
CH-SZ-05-3,ST-SZ-05,SZ,2025-12-29,2,2,0,0,2
CH-BJ-01-1,ST-BJ-01,BJ,2025-12-30,7,7,0,0,7
CH-BJ-01-2,ST-BJ-01,BJ,2025-12-30,11,11,0,0,11
CH-BJ-01-3,ST-BJ-01,BJ,2025-12-30,3,3,0,0,3
CH-BJ-02-1,ST-BJ-02,BJ,2025-12-30,9,8,1,1,9
CH-BJ-02-2,ST-BJ-02,BJ,2025-12-30,14,14,0,0,14
CH-BJ-02-3,ST-BJ-02,BJ,2025-12-30,3,3,0,0,3
CH-BJ-03-1,ST-BJ-03,BJ,2025-12-30,5,5,0,0,5
CH-BJ-03-2,ST-BJ-03,BJ,2025-12-30,1,1,0,0,1
CH-BJ-03-3,ST-BJ-03,BJ,2025-12-30,2,2,0,0,2
CH-BJ-04-1,ST-BJ-04,BJ,2025-12-30,14,14,0,0,14
CH-BJ-04-2,ST-BJ-04,BJ,2025-12-30,18,18,0,0,18
CH-BJ-04-3,ST-BJ-04,BJ,2025-12-30,5,5,0,0,5
CH-BJ-05-1,ST-BJ-05,BJ,2025-12-30,7,6,1,1,7
CH-BJ-05-2,ST-BJ-05,BJ,2025-12-30,9,9,0,0,9
CH-BJ-05-3,ST-BJ-05,BJ,2025-12-30,2,2,0,0,2
CH-DL-01-1,ST-DL-01,DL,2025-12-30,6,5,1,1,6
CH-DL-01-2,ST-DL-01,DL,2025-12-30,11,11,0,0,11
CH-DL-01-3,ST-DL-01,DL,2025-12-30,5,5,0,0,5
CH-DL-02-1,ST-DL-02,DL,2025-12-30,12,12,0,0,12
CH-DL-02-2,ST-DL-02,DL,2025-12-30,12,12,0,0,12
CH-DL-02-3,ST-DL-02,DL,2025-12-30,5,5,0,0,5
CH-DL-03-1,ST-DL-03,DL,2025-12-30,7,7,0,0,7
CH-DL-03-2,ST-DL-03,DL,2025-12-30,1,1,0,0,1
CH-DL-03-3,ST-DL-03,DL,2025-12-30,1,1,0,0,1
CH-DL-04-1,ST-DL-04,DL,2025-12-30,14,14,0,0,12
CH-DL-04-2,ST-DL-04,DL,2025-12-30,17,15,2,1,16
CH-DL-04-3,ST-DL-04,DL,2025-12-30,4,4,0,0,4
CH-DL-05-1,ST-DL-05,DL,2025-12-30,5,5,0,0,5
CH-DL-05-2,ST-DL-05,DL,2025-12-30,8,8,0,0,8
CH-DL-05-3,ST-DL-05,DL,2025-12-30,3,3,0,0,3
CH-SH-01-1,ST-SH-01,SH,2025-12-30,7,6,1,1,7
CH-SH-01-2,ST-SH-01,SH,2025-12-30,10,10,0,0,10
CH-SH-01-3,ST-SH-01,SH,2025-12-30,7,7,0,0,7
CH-SH-02-1,ST-SH-02,SH,2025-12-30,13,12,1,1,13
CH-SH-02-2,ST-SH-02,SH,2025-12-30,15,15,0,0,15
CH-SH-02-3,ST-SH-02,SH,2025-12-30,5,5,0,0,5
CH-SH-03-1,ST-SH-03,SH,2025-12-30,6,6,0,0,6
CH-SH-03-2,ST-SH-03,SH,2025-12-30,4,4,0,0,4
CH-SH-03-3,ST-SH-03,SH,2025-12-30,3,3,0,0,3
CH-SH-04-1,ST-SH-04,SH,2025-12-30,13,13,0,0,13
CH-SH-04-2,ST-SH-04,SH,2025-12-30,15,15,0,0,15
CH-SH-04-3,ST-SH-04,SH,2025-12-30,3,3,0,0,3
CH-SH-05-1,ST-SH-05,SH,2025-12-30,9,9,0,0,9
CH-SH-05-2,ST-SH-05,SH,2025-12-30,9,9,0,0,9
CH-SH-05-3,ST-SH-05,SH,2025-12-30,5,5,0,0,5
CH-SY-01-1,ST-SY-01,SY,2025-12-30,6,6,0,0,6
CH-SY-01-2,ST-SY-01,SY,2025-12-30,7,7,0,0,7
CH-SY-01-3,ST-SY-01,SY,2025-12-30,5,5,0,0,5
CH-SY-02-1,ST-SY-02,SY,2025-12-30,11,9,2,1,11
CH-SY-02-2,ST-SY-02,SY,2025-12-30,15,14,1,1,15
CH-SY-02-3,ST-SY-02,SY,2025-12-30,4,4,0,0,4
CH-SY-03-1,ST-SY-03,SY,2025-12-30,5,4,1,1,5
CH-SY-03-2,ST-SY-03,SY,2025-12-30,3,3,0,0,3
CH-SY-03-3,ST-SY-03,SY,2025-12-30,2,2,0,0,2
CH-SY-04-1,ST-SY-04,SY,2025-12-30,13,11,2,1,13
CH-SY-04-2,ST-SY-04,SY,2025-12-30,18,18,0,0,18
CH-SY-04-3,ST-SY-04,SY,2025-12-30,4,4,0,0,4
CH-SY-05-1,ST-SY-05,SY,2025-12-30,8,8,0,0,8
CH-SY-05-2,ST-SY-05,SY,2025-12-30,8,8,0,0,8
CH-SY-05-3,ST-SY-05,SY,2025-12-30,4,4,0,0,4
CH-SZ-01-1,ST-SZ-01,SZ,2025-12-30,12,12,0,0,12
CH-SZ-01-2,ST-SZ-01,SZ,2025-12-30,12,11,1,1,12
CH-SZ-01-3,ST-SZ-01,SZ,2025-12-30,4,4,0,0,4
CH-SZ-02-1,ST-SZ-02,SZ,2025-12-30,7,7,0,0,7
CH-SZ-02-2,ST-SZ-02,SZ,2025-12-30,8,8,0,0,8
CH-SZ-02-3,ST-SZ-02,SZ,2025-12-30,3,3,0,0,3
CH-SZ-03-1,ST-SZ-03,SZ,2025-12-30,4,4,0,0,4
CH-SZ-03-2,ST-SZ-03,SZ,2025-12-30,3,3,0,0,3
CH-SZ-03-3,ST-SZ-03,SZ,2025-12-30,2,2,0,0,2
CH-SZ-04-1,ST-SZ-04,SZ,2025-12-30,14,13,1,1,14
CH-SZ-04-2,ST-SZ-04,SZ,2025-12-30,15,15,0,0,15
CH-SZ-04-3,ST-SZ-04,SZ,2025-12-30,3,3,0,0,3
CH-SZ-05-1,ST-SZ-05,SZ,2025-12-30,8,6,2,1,8
CH-SZ-05-2,ST-SZ-05,SZ,2025-12-30,9,8,1,1,9
CH-SZ-05-3,ST-SZ-05,SZ,2025-12-30,3,3,0,0,3
CH-BJ-01-1,ST-BJ-01,BJ,2025-12-31,7,6,1,1,7
CH-BJ-01-2,ST-BJ-01,BJ,2025-12-31,7,7,0,0,7
CH-BJ-01-3,ST-BJ-01,BJ,2025-12-31,4,4,0,0,4
CH-BJ-02-1,ST-BJ-02,BJ,2025-12-31,11,10,1,1,11
CH-BJ-02-2,ST-BJ-02,BJ,2025-12-31,9,9,0,0,9
CH-BJ-02-3,ST-BJ-02,BJ,2025-12-31,3,3,0,0,3
CH-BJ-03-1,ST-BJ-03,BJ,2025-12-31,9,8,1,1,9
CH-BJ-03-2,ST-BJ-03,BJ,2025-12-31,3,3,0,0,3
CH-BJ-03-3,ST-BJ-03,BJ,2025-12-31,2,2,0,0,2
CH-BJ-04-1,ST-BJ-04,BJ,2025-12-31,11,10,1,1,11
CH-BJ-04-2,ST-BJ-04,BJ,2025-12-31,10,9,1,1,10
CH-BJ-04-3,ST-BJ-04,BJ,2025-12-31,3,3,0,0,3
CH-BJ-05-1,ST-BJ-05,BJ,2025-12-31,8,8,0,0,8
CH-BJ-05-2,ST-BJ-05,BJ,2025-12-31,8,6,2,1,8
CH-BJ-05-3,ST-BJ-05,BJ,2025-12-31,7,6,1,1,7
CH-DL-01-1,ST-DL-01,DL,2025-12-31,8,8,0,0,8
CH-DL-01-2,ST-DL-01,DL,2025-12-31,11,11,0,0,11
CH-DL-01-3,ST-DL-01,DL,2025-12-31,4,3,1,1,4
CH-DL-02-1,ST-DL-02,DL,2025-12-31,11,11,0,0,11
CH-DL-02-2,ST-DL-02,DL,2025-12-31,12,11,1,1,12
CH-DL-02-3,ST-DL-02,DL,2025-12-31,2,2,0,0,2
CH-DL-03-1,ST-DL-03,DL,2025-12-31,5,5,0,0,5
CH-DL-03-2,ST-DL-03,DL,2025-12-31,2,2,0,0,2
CH-DL-03-3,ST-DL-03,DL,2025-12-31,2,2,0,0,2
CH-DL-04-1,ST-DL-04,DL,2025-12-31,14,13,1,1,14
CH-DL-04-2,ST-DL-04,DL,2025-12-31,22,20,2,1,22
CH-DL-04-3,ST-DL-04,DL,2025-12-31,6,4,2,1,6
CH-DL-05-1,ST-DL-05,DL,2025-12-31,2,2,0,0,2
CH-DL-05-2,ST-DL-05,DL,2025-12-31,4,4,0,0,4
CH-DL-05-3,ST-DL-05,DL,2025-12-31,3,3,0,0,3
CH-SH-01-1,ST-SH-01,SH,2025-12-31,9,9,0,0,9
CH-SH-01-2,ST-SH-01,SH,2025-12-31,13,13,0,0,13
CH-SH-01-3,ST-SH-01,SH,2025-12-31,3,3,0,0,3
CH-SH-02-1,ST-SH-02,SH,2025-12-31,11,10,1,1,11
CH-SH-02-2,ST-SH-02,SH,2025-12-31,12,12,0,0,12
CH-SH-02-3,ST-SH-02,SH,2025-12-31,5,4,1,1,5
CH-SH-03-1,ST-SH-03,SH,2025-12-31,7,6,1,1,7
CH-SH-03-2,ST-SH-03,SH,2025-12-31,3,3,0,0,3
CH-SH-03-3,ST-SH-03,SH,2025-12-31,3,3,0,0,3
CH-SH-04-1,ST-SH-04,SH,2025-12-31,18,16,2,1,18
CH-SH-04-2,ST-SH-04,SH,2025-12-31,19,18,1,1,19
CH-SH-04-3,ST-SH-04,SH,2025-12-31,5,5,0,0,5
CH-SH-05-1,ST-SH-05,SH,2025-12-31,4,4,0,0,4
CH-SH-05-2,ST-SH-05,SH,2025-12-31,8,8,0,0,8
CH-SH-05-3,ST-SH-05,SH,2025-12-31,5,5,0,0,5
CH-SY-01-1,ST-SY-01,SY,2025-12-31,9,7,2,1,9
CH-SY-01-2,ST-SY-01,SY,2025-12-31,11,11,0,0,11
CH-SY-01-3,ST-SY-01,SY,2025-12-31,3,3,0,0,3
CH-SY-02-1,ST-SY-02,SY,2025-12-31,10,9,1,1,10
CH-SY-02-2,ST-SY-02,SY,2025-12-31,14,14,0,0,14
CH-SY-02-3,ST-SY-02,SY,2025-12-31,4,4,0,0,4
CH-SY-03-1,ST-SY-03,SY,2025-12-31,11,11,0,0,11
CH-SY-03-2,ST-SY-03,SY,2025-12-31,2,2,0,0,2
CH-SY-03-3,ST-SY-03,SY,2025-12-31,3,3,0,0,3
CH-SY-04-1,ST-SY-04,SY,2025-12-31,20,20,0,0,20
CH-SY-04-2,ST-SY-04,SY,2025-12-31,16,15,1,1,15
CH-SY-04-3,ST-SY-04,SY,2025-12-31,5,4,1,1,5
CH-SY-05-1,ST-SY-05,SY,2025-12-31,9,9,0,0,9
CH-SY-05-2,ST-SY-05,SY,2025-12-31,8,8,0,0,8
CH-SY-05-3,ST-SY-05,SY,2025-12-31,4,4,0,0,4
CH-SZ-01-1,ST-SZ-01,SZ,2025-12-31,9,7,2,1,9
CH-SZ-01-2,ST-SZ-01,SZ,2025-12-31,11,11,0,0,11
CH-SZ-01-3,ST-SZ-01,SZ,2025-12-31,2,2,0,0,2
CH-SZ-02-1,ST-SZ-02,SZ,2025-12-31,6,6,0,0,6
CH-SZ-02-2,ST-SZ-02,SZ,2025-12-31,8,8,0,0,8
CH-SZ-02-3,ST-SZ-02,SZ,2025-12-31,5,5,0,0,5
CH-SZ-03-1,ST-SZ-03,SZ,2025-12-31,12,10,2,1,12
CH-SZ-03-2,ST-SZ-03,SZ,2025-12-31,3,3,0,0,3
CH-SZ-03-3,ST-SZ-03,SZ,2025-12-31,2,2,0,0,2
CH-SZ-04-1,ST-SZ-04,SZ,2025-12-31,11,11,0,0,11
CH-SZ-04-2,ST-SZ-04,SZ,2025-12-31,13,13,0,0,12
CH-SZ-04-3,ST-SZ-04,SZ,2025-12-31,4,3,1,1,4
CH-SZ-05-1,ST-SZ-05,SZ,2025-12-31,9,9,0,0,9
CH-SZ-05-2,ST-SZ-05,SZ,2025-12-31,7,7,0,0,7
CH-SZ-05-3,ST-SZ-05,SZ,2025-12-31,3,3,0,0,3
CH-BJ-01-1,ST-BJ-01,BJ,2026-01-01,2,0,2,1,2
CH-BJ-01-2,ST-BJ-01,BJ,2026-01-01,0,0,0,0,0
CH-BJ-01-3,ST-BJ-01,BJ,2026-01-01,3,3,0,0,3
CH-BJ-02-1,ST-BJ-02,BJ,2026-01-01,12,12,0,0,12
CH-BJ-02-2,ST-BJ-02,BJ,2026-01-01,14,13,1,1,14
CH-BJ-02-3,ST-BJ-02,BJ,2026-01-01,6,6,0,0,6
CH-BJ-03-1,ST-BJ-03,BJ,2026-01-01,5,3,2,1,5
CH-BJ-03-2,ST-BJ-03,BJ,2026-01-01,2,2,0,0,2
CH-BJ-03-3,ST-BJ-03,BJ,2026-01-01,1,1,0,0,1
CH-BJ-04-1,ST-BJ-04,BJ,2026-01-01,13,11,2,1,13
CH-BJ-04-2,ST-BJ-04,BJ,2026-01-01,18,18,0,0,18
CH-BJ-04-3,ST-BJ-04,BJ,2026-01-01,4,4,0,0,4
CH-BJ-05-1,ST-BJ-05,BJ,2026-01-01,7,6,1,1,7
CH-BJ-05-2,ST-BJ-05,BJ,2026-01-01,3,3,0,0,3
CH-BJ-05-3,ST-BJ-05,BJ,2026-01-01,3,3,0,0,3
CH-DL-01-1,ST-DL-01,DL,2026-01-01,1,0,1,1,1
CH-DL-01-2,ST-DL-01,DL,2026-01-01,3,3,0,0,3
CH-DL-01-3,ST-DL-01,DL,2026-01-01,4,4,0,0,4
CH-DL-02-1,ST-DL-02,DL,2026-01-01,12,11,1,1,12
CH-DL-02-2,ST-DL-02,DL,2026-01-01,12,12,0,0,12
CH-DL-02-3,ST-DL-02,DL,2026-01-01,3,3,0,0,3
CH-DL-03-1,ST-DL-03,DL,2026-01-01,6,5,1,1,6
CH-DL-03-2,ST-DL-03,DL,2026-01-01,2,2,0,0,2
CH-DL-03-3,ST-DL-03,DL,2026-01-01,3,3,0,0,3
CH-DL-04-1,ST-DL-04,DL,2026-01-01,14,14,0,0,14
CH-DL-04-2,ST-DL-04,DL,2026-01-01,20,20,0,0,19
CH-DL-04-3,ST-DL-04,DL,2026-01-01,4,4,0,0,4
CH-DL-05-1,ST-DL-05,DL,2026-01-01,1,1,0,0,1
CH-DL-05-2,ST-DL-05,DL,2026-01-01,2,2,0,0,2
CH-DL-05-3,ST-DL-05,DL,2026-01-01,2,2,0,0,2
CH-SH-01-1,ST-SH-01,SH,2026-01-01,2,2,0,0,2
CH-SH-01-2,ST-SH-01,SH,2026-01-01,4,4,0,0,4
CH-SH-01-3,ST-SH-01,SH,2026-01-01,2,2,0,0,2
CH-SH-02-1,ST-SH-02,SH,2026-01-01,16,13,3,1,16
CH-SH-02-2,ST-SH-02,SH,2026-01-01,11,11,0,0,11
CH-SH-02-3,ST-SH-02,SH,2026-01-01,5,5,0,0,5
CH-SH-03-1,ST-SH-03,SH,2026-01-01,6,6,0,0,6
CH-SH-03-2,ST-SH-03,SH,2026-01-01,2,2,0,0,2
CH-SH-03-3,ST-SH-03,SH,2026-01-01,2,2,0,0,2
CH-SH-04-1,ST-SH-04,SH,2026-01-01,14,14,0,0,14
CH-SH-04-2,ST-SH-04,SH,2026-01-01,16,16,0,0,16
CH-SH-04-3,ST-SH-04,SH,2026-01-01,5,5,0,0,5
CH-SH-05-1,ST-SH-05,SH,2026-01-01,0,0,0,0,0
CH-SH-05-2,ST-SH-05,SH,2026-01-01,2,2,0,0,2
CH-SH-05-3,ST-SH-05,SH,2026-01-01,3,3,0,0,3
CH-SY-01-1,ST-SY-01,SY,2026-01-01,4,3,1,1,4
CH-SY-01-2,ST-SY-01,SY,2026-01-01,4,4,0,0,4
CH-SY-01-3,ST-SY-01,SY,2026-01-01,2,2,0,0,2
CH-SY-02-1,ST-SY-02,SY,2026-01-01,10,8,2,1,10
CH-SY-02-2,ST-SY-02,SY,2026-01-01,13,11,2,1,13
CH-SY-02-3,ST-SY-02,SY,2026-01-01,5,5,0,0,5
CH-SY-03-1,ST-SY-03,SY,2026-01-01,6,6,0,0,6
CH-SY-03-2,ST-SY-03,SY,2026-01-01,2,2,0,0,2
CH-SY-03-3,ST-SY-03,SY,2026-01-01,3,3,0,0,3
CH-SY-04-1,ST-SY-04,SY,2026-01-01,16,14,2,1,15
CH-SY-04-2,ST-SY-04,SY,2026-01-01,18,18,0,0,17
CH-SY-04-3,ST-SY-04,SY,2026-01-01,5,5,0,0,5
CH-SY-05-1,ST-SY-05,SY,2026-01-01,1,1,0,0,1
CH-SY-05-2,ST-SY-05,SY,2026-01-01,1,1,0,0,1
CH-SY-05-3,ST-SY-05,SY,2026-01-01,3,3,0,0,3
CH-SZ-01-1,ST-SZ-01,SZ,2026-01-01,2,2,0,0,2
CH-SZ-01-2,ST-SZ-01,SZ,2026-01-01,2,2,0,0,2
CH-SZ-01-3,ST-SZ-01,SZ,2026-01-01,2,2,0,0,2
CH-SZ-02-1,ST-SZ-02,SZ,2026-01-01,9,9,0,0,9
CH-SZ-02-2,ST-SZ-02,SZ,2026-01-01,9,9,0,0,9
CH-SZ-02-3,ST-SZ-02,SZ,2026-01-01,5,5,0,0,5
CH-SZ-03-1,ST-SZ-03,SZ,2026-01-01,6,6,0,0,6
CH-SZ-03-2,ST-SZ-03,SZ,2026-01-01,3,3,0,0,3
CH-SZ-03-3,ST-SZ-03,SZ,2026-01-01,2,2,0,0,2
CH-SZ-04-1,ST-SZ-04,SZ,2026-01-01,16,16,0,0,15
CH-SZ-04-2,ST-SZ-04,SZ,2026-01-01,18,18,0,0,18
CH-SZ-04-3,ST-SZ-04,SZ,2026-01-01,8,6,2,1,8
CH-SZ-05-1,ST-SZ-05,SZ,2026-01-01,1,0,1,1,1
CH-SZ-05-2,ST-SZ-05,SZ,2026-01-01,0,0,0,0,0
CH-SZ-05-3,ST-SZ-05,SZ,2026-01-01,2,2,0,0,2
CH-BJ-01-1,ST-BJ-01,BJ,2026-01-02,2,2,0,0,2
CH-BJ-01-2,ST-BJ-01,BJ,2026-01-02,2,2,0,0,2
CH-BJ-01-3,ST-BJ-01,BJ,2026-01-02,3,3,0,0,3
CH-BJ-02-1,ST-BJ-02,BJ,2026-01-02,12,10,2,1,12
CH-BJ-02-2,ST-BJ-02,BJ,2026-01-02,13,13,0,0,13
CH-BJ-02-3,ST-BJ-02,BJ,2026-01-02,2,2,0,0,2
CH-BJ-03-1,ST-BJ-03,BJ,2026-01-02,11,11,0,0,11
CH-BJ-03-2,ST-BJ-03,BJ,2026-01-02,1,1,0,0,1
CH-BJ-03-3,ST-BJ-03,BJ,2026-01-02,1,1,0,0,1
CH-BJ-04-1,ST-BJ-04,BJ,2026-01-02,16,15,1,1,15
CH-BJ-04-2,ST-BJ-04,BJ,2026-01-02,17,17,0,0,17
CH-BJ-04-3,ST-BJ-04,BJ,2026-01-02,9,8,1,1,9
CH-BJ-05-1,ST-BJ-05,BJ,2026-01-02,1,1,0,0,1
CH-BJ-05-2,ST-BJ-05,BJ,2026-01-02,2,2,0,0,2
CH-BJ-05-3,ST-BJ-05,BJ,2026-01-02,3,3,0,0,3
CH-DL-01-1,ST-DL-01,DL,2026-01-02,3,3,0,0,3
CH-DL-01-2,ST-DL-01,DL,2026-01-02,1,1,0,0,1
CH-DL-01-3,ST-DL-01,DL,2026-01-02,2,2,0,0,2
CH-DL-02-1,ST-DL-02,DL,2026-01-02,10,9,1,1,10
CH-DL-02-2,ST-DL-02,DL,2026-01-02,12,12,0,0,12
CH-DL-02-3,ST-DL-02,DL,2026-01-02,4,4,0,0,4
CH-DL-03-1,ST-DL-03,DL,2026-01-02,5,5,0,0,5
CH-DL-03-2,ST-DL-03,DL,2026-01-02,3,3,0,0,3
CH-DL-03-3,ST-DL-03,DL,2026-01-02,2,2,0,0,2
CH-DL-04-1,ST-DL-04,DL,2026-01-02,11,11,0,0,11
CH-DL-04-2,ST-DL-04,DL,2026-01-02,18,18,0,0,18
CH-DL-04-3,ST-DL-04,DL,2026-01-02,6,6,0,0,6
CH-DL-05-1,ST-DL-05,DL,2026-01-02,1,1,0,0,1
CH-DL-05-2,ST-DL-05,DL,2026-01-02,1,1,0,0,1
CH-DL-05-3,ST-DL-05,DL,2026-01-02,1,1,0,0,1
CH-SH-01-1,ST-SH-01,SH,2026-01-02,1,1,0,0,1
CH-SH-01-2,ST-SH-01,SH,2026-01-02,1,1,0,0,1
CH-SH-01-3,ST-SH-01,SH,2026-01-02,1,1,0,0,1
CH-SH-02-1,ST-SH-02,SH,2026-01-02,7,7,0,0,7
CH-SH-02-2,ST-SH-02,SH,2026-01-02,12,12,0,0,12
CH-SH-02-3,ST-SH-02,SH,2026-01-02,5,5,0,0,5
CH-SH-03-1,ST-SH-03,SH,2026-01-02,8,8,0,0,8
CH-SH-03-2,ST-SH-03,SH,2026-01-02,3,3,0,0,3
CH-SH-03-3,ST-SH-03,SH,2026-01-02,2,2,0,0,2
CH-SH-04-1,ST-SH-04,SH,2026-01-02,19,16,3,1,19
CH-SH-04-2,ST-SH-04,SH,2026-01-02,18,18,0,0,18
CH-SH-04-3,ST-SH-04,SH,2026-01-02,6,5,1,1,6
CH-SH-05-1,ST-SH-05,SH,2026-01-02,4,4,0,0,4
CH-SH-05-2,ST-SH-05,SH,2026-01-02,2,2,0,0,2
CH-SH-05-3,ST-SH-05,SH,2026-01-02,3,3,0,0,3
CH-SY-01-1,ST-SY-01,SY,2026-01-02,3,3,0,0,3
CH-SY-01-2,ST-SY-01,SY,2026-01-02,2,2,0,0,2
CH-SY-01-3,ST-SY-01,SY,2026-01-02,1,1,0,0,1
CH-SY-02-1,ST-SY-02,SY,2026-01-02,13,11,2,1,13
CH-SY-02-2,ST-SY-02,SY,2026-01-02,12,12,0,0,12
CH-SY-02-3,ST-SY-02,SY,2026-01-02,4,4,0,0,4
CH-SY-03-1,ST-SY-03,SY,2026-01-02,6,5,1,1,6
CH-SY-03-2,ST-SY-03,SY,2026-01-02,3,3,0,0,3
CH-SY-03-3,ST-SY-03,SY,2026-01-02,2,2,0,0,2
CH-SY-04-1,ST-SY-04,SY,2026-01-02,14,14,0,0,14
CH-SY-04-2,ST-SY-04,SY,2026-01-02,15,15,0,0,15
CH-SY-04-3,ST-SY-04,SY,2026-01-02,5,5,0,0,5
CH-SY-05-1,ST-SY-05,SY,2026-01-02,5,4,1,1,5
CH-SY-05-2,ST-SY-05,SY,2026-01-02,6,6,0,0,6
CH-SY-05-3,ST-SY-05,SY,2026-01-02,1,1,0,0,1
CH-SZ-01-1,ST-SZ-01,SZ,2026-01-02,3,3,0,0,3
CH-SZ-01-2,ST-SZ-01,SZ,2026-01-02,3,3,0,0,3
CH-SZ-01-3,ST-SZ-01,SZ,2026-01-02,3,3,0,0,3
CH-SZ-02-1,ST-SZ-02,SZ,2026-01-02,9,9,0,0,9
CH-SZ-02-2,ST-SZ-02,SZ,2026-01-02,16,15,1,1,16
CH-SZ-02-3,ST-SZ-02,SZ,2026-01-02,3,3,0,0,3
CH-SZ-03-1,ST-SZ-03,SZ,2026-01-02,5,5,0,0,5
CH-SZ-03-2,ST-SZ-03,SZ,2026-01-02,3,3,0,0,3
CH-SZ-03-3,ST-SZ-03,SZ,2026-01-02,1,1,0,0,1
CH-SZ-04-1,ST-SZ-04,SZ,2026-01-02,18,17,1,1,18
CH-SZ-04-2,ST-SZ-04,SZ,2026-01-02,16,16,0,0,15
CH-SZ-04-3,ST-SZ-04,SZ,2026-01-02,5,5,0,0,5
CH-SZ-05-1,ST-SZ-05,SZ,2026-01-02,2,2,0,0,2
CH-SZ-05-2,ST-SZ-05,SZ,2026-01-02,0,0,0,0,0
CH-SZ-05-3,ST-SZ-05,SZ,2026-01-02,2,2,0,0,2
CH-BJ-01-1,ST-BJ-01,BJ,2026-01-03,2,2,0,0,2
CH-BJ-01-2,ST-BJ-01,BJ,2026-01-03,3,3,0,0,3
CH-BJ-01-3,ST-BJ-01,BJ,2026-01-03,3,3,0,0,3
CH-BJ-02-1,ST-BJ-02,BJ,2026-01-03,10,9,1,1,10
CH-BJ-02-2,ST-BJ-02,BJ,2026-01-03,14,14,0,0,14
CH-BJ-02-3,ST-BJ-02,BJ,2026-01-03,5,5,0,0,5
CH-BJ-03-1,ST-BJ-03,BJ,2026-01-03,7,7,0,0,7
CH-BJ-03-2,ST-BJ-03,BJ,2026-01-03,2,2,0,0,2
CH-BJ-03-3,ST-BJ-03,BJ,2026-01-03,2,2,0,0,2
CH-BJ-04-1,ST-BJ-04,BJ,2026-01-03,13,13,0,0,13
CH-BJ-04-2,ST-BJ-04,BJ,2026-01-03,20,20,0,0,20
CH-BJ-04-3,ST-BJ-04,BJ,2026-01-03,3,3,0,0,3
CH-BJ-05-1,ST-BJ-05,BJ,2026-01-03,1,1,0,0,1
CH-BJ-05-2,ST-BJ-05,BJ,2026-01-03,1,1,0,0,1
CH-BJ-05-3,ST-BJ-05,BJ,2026-01-03,1,1,0,0,1
CH-DL-01-1,ST-DL-01,DL,2026-01-03,2,2,0,0,2
CH-DL-01-2,ST-DL-01,DL,2026-01-03,2,2,0,0,2
CH-DL-01-3,ST-DL-01,DL,2026-01-03,1,1,0,0,1
CH-DL-02-1,ST-DL-02,DL,2026-01-03,12,12,0,0,12
CH-DL-02-2,ST-DL-02,DL,2026-01-03,11,11,0,0,11
CH-DL-02-3,ST-DL-02,DL,2026-01-03,3,3,0,0,3
CH-DL-03-1,ST-DL-03,DL,2026-01-03,6,5,1,1,6
CH-DL-03-2,ST-DL-03,DL,2026-01-03,1,1,0,0,1
CH-DL-03-3,ST-DL-03,DL,2026-01-03,2,2,0,0,2
CH-DL-04-1,ST-DL-04,DL,2026-01-03,15,14,1,1,15
CH-DL-04-2,ST-DL-04,DL,2026-01-03,20,20,0,0,19
CH-DL-04-3,ST-DL-04,DL,2026-01-03,6,6,0,0,6
CH-DL-05-1,ST-DL-05,DL,2026-01-03,2,2,0,0,2
CH-DL-05-2,ST-DL-05,DL,2026-01-03,4,4,0,0,4
CH-DL-05-3,ST-DL-05,DL,2026-01-03,4,4,0,0,4
CH-SH-01-1,ST-SH-01,SH,2026-01-03,3,3,0,0,3
CH-SH-01-2,ST-SH-01,SH,2026-01-03,1,1,0,0,1
CH-SH-01-3,ST-SH-01,SH,2026-01-03,1,1,0,0,1
CH-SH-02-1,ST-SH-02,SH,2026-01-03,9,9,0,0,9
CH-SH-02-2,ST-SH-02,SH,2026-01-03,8,8,0,0,8
CH-SH-02-3,ST-SH-02,SH,2026-01-03,2,2,0,0,2
CH-SH-03-1,ST-SH-03,SH,2026-01-03,6,6,0,0,6
CH-SH-03-2,ST-SH-03,SH,2026-01-03,2,2,0,0,2
CH-SH-03-3,ST-SH-03,SH,2026-01-03,2,2,0,0,2
CH-SH-04-1,ST-SH-04,SH,2026-01-03,13,13,0,0,13
CH-SH-04-2,ST-SH-04,SH,2026-01-03,16,16,0,0,16
CH-SH-04-3,ST-SH-04,SH,2026-01-03,5,5,0,0,5
CH-SH-05-1,ST-SH-05,SH,2026-01-03,1,1,0,0,1
CH-SH-05-2,ST-SH-05,SH,2026-01-03,0,0,0,0,0
CH-SH-05-3,ST-SH-05,SH,2026-01-03,0,0,0,0,0
CH-SY-01-1,ST-SY-01,SY,2026-01-03,2,2,0,0,2
CH-SY-01-2,ST-SY-01,SY,2026-01-03,4,4,0,0,4
CH-SY-01-3,ST-SY-01,SY,2026-01-03,3,3,0,0,3
CH-SY-02-1,ST-SY-02,SY,2026-01-03,8,8,0,0,8
CH-SY-02-2,ST-SY-02,SY,2026-01-03,12,11,1,1,12
CH-SY-02-3,ST-SY-02,SY,2026-01-03,6,6,0,0,6
CH-SY-03-1,ST-SY-03,SY,2026-01-03,4,4,0,0,4
CH-SY-03-2,ST-SY-03,SY,2026-01-03,2,2,0,0,2
CH-SY-03-3,ST-SY-03,SY,2026-01-03,3,3,0,0,3
CH-SY-04-1,ST-SY-04,SY,2026-01-03,12,12,0,0,12
CH-SY-04-2,ST-SY-04,SY,2026-01-03,14,14,0,0,14
CH-SY-04-3,ST-SY-04,SY,2026-01-03,4,3,1,1,4
CH-SY-05-1,ST-SY-05,SY,2026-01-03,0,0,0,0,0
CH-SY-05-2,ST-SY-05,SY,2026-01-03,1,1,0,0,1
CH-SY-05-3,ST-SY-05,SY,2026-01-03,2,2,0,0,2
CH-SZ-01-1,ST-SZ-01,SZ,2026-01-03,1,1,0,0,1
CH-SZ-01-2,ST-SZ-01,SZ,2026-01-03,2,2,0,0,2
CH-SZ-01-3,ST-SZ-01,SZ,2026-01-03,3,3,0,0,3
CH-SZ-02-1,ST-SZ-02,SZ,2026-01-03,10,8,2,1,10
CH-SZ-02-2,ST-SZ-02,SZ,2026-01-03,9,9,0,0,9
CH-SZ-02-3,ST-SZ-02,SZ,2026-01-03,6,5,1,1,6
CH-SZ-03-1,ST-SZ-03,SZ,2026-01-03,4,4,0,0,4
CH-SZ-03-2,ST-SZ-03,SZ,2026-01-03,1,1,0,0,1
CH-SZ-03-3,ST-SZ-03,SZ,2026-01-03,3,3,0,0,3
CH-SZ-04-1,ST-SZ-04,SZ,2026-01-03,15,14,1,1,15
CH-SZ-04-2,ST-SZ-04,SZ,2026-01-03,22,20,2,1,22
CH-SZ-04-3,ST-SZ-04,SZ,2026-01-03,5,5,0,0,5
CH-SZ-05-1,ST-SZ-05,SZ,2026-01-03,0,0,0,0,0
CH-SZ-05-2,ST-SZ-05,SZ,2026-01-03,2,2,0,0,2
CH-SZ-05-3,ST-SZ-05,SZ,2026-01-03,2,2,0,0,2
CH-BJ-01-1,ST-BJ-01,BJ,2026-01-04,9,9,0,0,9
CH-BJ-01-2,ST-BJ-01,BJ,2026-01-04,9,9,0,0,9
CH-BJ-01-3,ST-BJ-01,BJ,2026-01-04,4,4,0,0,4
CH-BJ-02-1,ST-BJ-02,BJ,2026-01-04,7,6,1,1,7
CH-BJ-02-2,ST-BJ-02,BJ,2026-01-04,13,13,0,0,13
CH-BJ-02-3,ST-BJ-02,BJ,2026-01-04,4,4,0,0,4
CH-BJ-03-1,ST-BJ-03,BJ,2026-01-04,9,8,1,1,9
CH-BJ-03-2,ST-BJ-03,BJ,2026-01-04,1,1,0,0,1
CH-BJ-03-3,ST-BJ-03,BJ,2026-01-04,1,1,0,0,1
CH-BJ-04-1,ST-BJ-04,BJ,2026-01-04,17,17,0,0,17
CH-BJ-04-2,ST-BJ-04,BJ,2026-01-04,18,17,1,1,18
CH-BJ-04-3,ST-BJ-04,BJ,2026-01-04,4,4,0,0,4
CH-BJ-05-1,ST-BJ-05,BJ,2026-01-04,9,9,0,0,9
CH-BJ-05-2,ST-BJ-05,BJ,2026-01-04,9,9,0,0,9
CH-BJ-05-3,ST-BJ-05,BJ,2026-01-04,4,4,0,0,4
CH-DL-01-1,ST-DL-01,DL,2026-01-04,7,7,0,0,7
CH-DL-01-2,ST-DL-01,DL,2026-01-04,9,9,0,0,9
CH-DL-01-3,ST-DL-01,DL,2026-01-04,4,4,0,0,4
CH-DL-02-1,ST-DL-02,DL,2026-01-04,9,8,1,1,9
CH-DL-02-2,ST-DL-02,DL,2026-01-04,11,11,0,0,11
CH-DL-02-3,ST-DL-02,DL,2026-01-04,4,4,0,0,4
CH-DL-03-1,ST-DL-03,DL,2026-01-04,5,5,0,0,5
CH-DL-03-2,ST-DL-03,DL,2026-01-04,3,3,0,0,3
CH-DL-03-3,ST-DL-03,DL,2026-01-04,2,2,0,0,2
CH-DL-04-1,ST-DL-04,DL,2026-01-04,16,16,0,0,14
CH-DL-04-2,ST-DL-04,DL,2026-01-04,16,12,4,1,15
CH-DL-04-3,ST-DL-04,DL,2026-01-04,5,5,0,0,5
CH-DL-05-1,ST-DL-05,DL,2026-01-04,7,7,0,0,7
CH-DL-05-2,ST-DL-05,DL,2026-01-04,7,7,0,0,7
CH-DL-05-3,ST-DL-05,DL,2026-01-04,3,3,0,0,3
CH-SH-01-1,ST-SH-01,SH,2026-01-04,8,8,0,0,8
CH-SH-01-2,ST-SH-01,SH,2026-01-04,11,11,0,0,11
CH-SH-01-3,ST-SH-01,SH,2026-01-04,4,3,1,1,4
CH-SH-02-1,ST-SH-02,SH,2026-01-04,9,8,1,1,9
CH-SH-02-2,ST-SH-02,SH,2026-01-04,12,12,0,0,12
CH-SH-02-3,ST-SH-02,SH,2026-01-04,3,3,0,0,3
CH-SH-03-1,ST-SH-03,SH,2026-01-04,8,7,1,1,8
CH-SH-03-2,ST-SH-03,SH,2026-01-04,1,1,0,0,1
CH-SH-03-3,ST-SH-03,SH,2026-01-04,3,3,0,0,3
CH-SH-04-1,ST-SH-04,SH,2026-01-04,9,9,0,0,9
CH-SH-04-2,ST-SH-04,SH,2026-01-04,16,15,1,1,15
CH-SH-04-3,ST-SH-04,SH,2026-01-04,3,3,0,0,3
CH-SH-05-1,ST-SH-05,SH,2026-01-04,12,11,1,1,12
CH-SH-05-2,ST-SH-05,SH,2026-01-04,8,7,1,1,8
CH-SH-05-3,ST-SH-05,SH,2026-01-04,3,3,0,0,3
CH-SY-01-1,ST-SY-01,SY,2026-01-04,7,7,0,0,7
CH-SY-01-2,ST-SY-01,SY,2026-01-04,10,10,0,0,10
CH-SY-01-3,ST-SY-01,SY,2026-01-04,3,3,0,0,3
CH-SY-02-1,ST-SY-02,SY,2026-01-04,9,9,0,0,9
CH-SY-02-2,ST-SY-02,SY,2026-01-04,12,12,0,0,12
CH-SY-02-3,ST-SY-02,SY,2026-01-04,5,5,0,0,5
CH-SY-03-1,ST-SY-03,SY,2026-01-04,7,6,1,1,7
CH-SY-03-2,ST-SY-03,SY,2026-01-04,3,3,0,0,3
CH-SY-03-3,ST-SY-03,SY,2026-01-04,2,2,0,0,2
CH-SY-04-1,ST-SY-04,SY,2026-01-04,14,14,0,0,14
CH-SY-04-2,ST-SY-04,SY,2026-01-04,15,15,0,0,11
CH-SY-04-3,ST-SY-04,SY,2026-01-04,5,5,0,0,5
CH-SY-05-1,ST-SY-05,SY,2026-01-04,8,8,0,0,8
CH-SY-05-2,ST-SY-05,SY,2026-01-04,9,9,0,0,9
CH-SY-05-3,ST-SY-05,SY,2026-01-04,4,4,0,0,4
CH-SZ-01-1,ST-SZ-01,SZ,2026-01-04,6,6,0,0,6
CH-SZ-01-2,ST-SZ-01,SZ,2026-01-04,7,7,0,0,7
CH-SZ-01-3,ST-SZ-01,SZ,2026-01-04,4,4,0,0,4
CH-SZ-02-1,ST-SZ-02,SZ,2026-01-04,10,10,0,0,10
CH-SZ-02-2,ST-SZ-02,SZ,2026-01-04,11,11,0,0,11
CH-SZ-02-3,ST-SZ-02,SZ,2026-01-04,3,3,0,0,3
CH-SZ-03-1,ST-SZ-03,SZ,2026-01-04,5,5,0,0,5
CH-SZ-03-2,ST-SZ-03,SZ,2026-01-04,2,2,0,0,2
CH-SZ-03-3,ST-SZ-03,SZ,2026-01-04,2,2,0,0,2
CH-SZ-04-1,ST-SZ-04,SZ,2026-01-04,16,15,1,1,16
CH-SZ-04-2,ST-SZ-04,SZ,2026-01-04,19,19,0,0,19
CH-SZ-04-3,ST-SZ-04,SZ,2026-01-04,7,7,0,0,7
CH-SZ-05-1,ST-SZ-05,SZ,2026-01-04,8,8,0,0,8
CH-SZ-05-2,ST-SZ-05,SZ,2026-01-04,3,3,0,0,3
CH-SZ-05-3,ST-SZ-05,SZ,2026-01-04,4,4,0,0,4
CH-BJ-01-1,ST-BJ-01,BJ,2026-01-05,7,6,1,1,7
CH-BJ-01-2,ST-BJ-01,BJ,2026-01-05,10,10,0,0,10
CH-BJ-01-3,ST-BJ-01,BJ,2026-01-05,2,2,0,0,2
CH-BJ-02-1,ST-BJ-02,BJ,2026-01-05,9,8,1,1,9
CH-BJ-02-2,ST-BJ-02,BJ,2026-01-05,13,12,1,1,13
CH-BJ-02-3,ST-BJ-02,BJ,2026-01-05,5,5,0,0,5
CH-BJ-03-1,ST-BJ-03,BJ,2026-01-05,8,8,0,0,8
CH-BJ-03-2,ST-BJ-03,BJ,2026-01-05,4,4,0,0,4
CH-BJ-03-3,ST-BJ-03,BJ,2026-01-05,3,3,0,0,3
CH-BJ-04-1,ST-BJ-04,BJ,2026-01-05,18,16,2,1,17
CH-BJ-04-2,ST-BJ-04,BJ,2026-01-05,18,18,0,0,18
CH-BJ-04-3,ST-BJ-04,BJ,2026-01-05,5,5,0,0,5
CH-BJ-05-1,ST-BJ-05,BJ,2026-01-05,7,7,0,0,7
CH-BJ-05-2,ST-BJ-05,BJ,2026-01-05,7,7,0,0,7
CH-BJ-05-3,ST-BJ-05,BJ,2026-01-05,5,5,0,0,5
CH-DL-01-1,ST-DL-01,DL,2026-01-05,10,8,2,1,10
CH-DL-01-2,ST-DL-01,DL,2026-01-05,10,10,0,0,10
CH-DL-01-3,ST-DL-01,DL,2026-01-05,3,3,0,0,3
CH-DL-02-1,ST-DL-02,DL,2026-01-05,9,6,3,1,9
CH-DL-02-2,ST-DL-02,DL,2026-01-05,11,11,0,0,11
CH-DL-02-3,ST-DL-02,DL,2026-01-05,4,4,0,0,4
CH-DL-03-1,ST-DL-03,DL,2026-01-05,9,8,1,1,9
CH-DL-03-2,ST-DL-03,DL,2026-01-05,3,3,0,0,3
CH-DL-03-3,ST-DL-03,DL,2026-01-05,3,3,0,0,3
CH-DL-04-1,ST-DL-04,DL,2026-01-05,14,14,0,0,13
CH-DL-04-2,ST-DL-04,DL,2026-01-05,17,17,0,0,17
CH-DL-04-3,ST-DL-04,DL,2026-01-05,5,4,1,1,5
CH-DL-05-1,ST-DL-05,DL,2026-01-05,8,8,0,0,8
CH-DL-05-2,ST-DL-05,DL,2026-01-05,6,6,0,0,6
CH-DL-05-3,ST-DL-05,DL,2026-01-05,4,4,0,0,4
CH-SH-01-1,ST-SH-01,SH,2026-01-05,8,8,0,0,8
CH-SH-01-2,ST-SH-01,SH,2026-01-05,11,11,0,0,11
CH-SH-01-3,ST-SH-01,SH,2026-01-05,3,3,0,0,3
CH-SH-02-1,ST-SH-02,SH,2026-01-05,9,8,1,1,9
CH-SH-02-2,ST-SH-02,SH,2026-01-05,11,11,0,0,11
CH-SH-02-3,ST-SH-02,SH,2026-01-05,3,3,0,0,3
CH-SH-03-1,ST-SH-03,SH,2026-01-05,7,6,1,1,7
CH-SH-03-2,ST-SH-03,SH,2026-01-05,3,3,0,0,3
CH-SH-03-3,ST-SH-03,SH,2026-01-05,2,2,0,0,2
CH-SH-04-1,ST-SH-04,SH,2026-01-05,15,14,1,1,15
CH-SH-04-2,ST-SH-04,SH,2026-01-05,22,21,1,1,21
CH-SH-04-3,ST-SH-04,SH,2026-01-05,7,7,0,0,7
CH-SH-05-1,ST-SH-05,SH,2026-01-05,9,9,0,0,9
CH-SH-05-2,ST-SH-05,SH,2026-01-05,6,6,0,0,6
CH-SH-05-3,ST-SH-05,SH,2026-01-05,4,4,0,0,4
CH-SY-01-1,ST-SY-01,SY,2026-01-05,6,6,0,0,6
CH-SY-01-2,ST-SY-01,SY,2026-01-05,7,7,0,0,7
CH-SY-01-3,ST-SY-01,SY,2026-01-05,3,3,0,0,3
CH-SY-02-1,ST-SY-02,SY,2026-01-05,9,9,0,0,9
CH-SY-02-2,ST-SY-02,SY,2026-01-05,9,9,0,0,9
CH-SY-02-3,ST-SY-02,SY,2026-01-05,5,5,0,0,5
CH-SY-03-1,ST-SY-03,SY,2026-01-05,7,7,0,0,7
CH-SY-03-2,ST-SY-03,SY,2026-01-05,2,2,0,0,2
CH-SY-03-3,ST-SY-03,SY,2026-01-05,3,3,0,0,3
CH-SY-04-1,ST-SY-04,SY,2026-01-05,17,15,2,1,16
CH-SY-04-2,ST-SY-04,SY,2026-01-05,13,11,2,1,13
CH-SY-04-3,ST-SY-04,SY,2026-01-05,5,5,0,0,5
CH-SY-05-1,ST-SY-05,SY,2026-01-05,7,7,0,0,7
CH-SY-05-2,ST-SY-05,SY,2026-01-05,9,8,1,1,9
CH-SY-05-3,ST-SY-05,SY,2026-01-05,3,3,0,0,3
CH-SZ-01-1,ST-SZ-01,SZ,2026-01-05,6,6,0,0,6
CH-SZ-01-2,ST-SZ-01,SZ,2026-01-05,12,12,0,0,12
CH-SZ-01-3,ST-SZ-01,SZ,2026-01-05,2,2,0,0,2
CH-SZ-02-1,ST-SZ-02,SZ,2026-01-05,10,10,0,0,10
CH-SZ-02-2,ST-SZ-02,SZ,2026-01-05,12,12,0,0,12
CH-SZ-02-3,ST-SZ-02,SZ,2026-01-05,3,3,0,0,3
CH-SZ-03-1,ST-SZ-03,SZ,2026-01-05,8,7,1,1,8
CH-SZ-03-2,ST-SZ-03,SZ,2026-01-05,2,2,0,0,2
CH-SZ-03-3,ST-SZ-03,SZ,2026-01-05,1,1,0,0,1
CH-SZ-04-1,ST-SZ-04,SZ,2026-01-05,16,16,0,0,16
CH-SZ-04-2,ST-SZ-04,SZ,2026-01-05,15,15,0,0,14
CH-SZ-04-3,ST-SZ-04,SZ,2026-01-05,5,5,0,0,5
CH-SZ-05-1,ST-SZ-05,SZ,2026-01-05,9,9,0,0,9
CH-SZ-05-2,ST-SZ-05,SZ,2026-01-05,9,9,0,0,9
CH-SZ-05-3,ST-SZ-05,SZ,2026-01-05,5,5,0,0,5
CH-BJ-01-1,ST-BJ-01,BJ,2026-01-06,10,10,0,0,10
CH-BJ-01-2,ST-BJ-01,BJ,2026-01-06,12,12,0,0,12
CH-BJ-01-3,ST-BJ-01,BJ,2026-01-06,3,3,0,0,3
CH-BJ-02-1,ST-BJ-02,BJ,2026-01-06,9,8,1,1,9
CH-BJ-02-2,ST-BJ-02,BJ,2026-01-06,10,10,0,0,10
CH-BJ-02-3,ST-BJ-02,BJ,2026-01-06,3,3,0,0,3
CH-BJ-03-1,ST-BJ-03,BJ,2026-01-06,8,8,0,0,8
CH-BJ-03-2,ST-BJ-03,BJ,2026-01-06,4,4,0,0,4
CH-BJ-03-3,ST-BJ-03,BJ,2026-01-06,3,3,0,0,3
CH-BJ-04-1,ST-BJ-04,BJ,2026-01-06,10,10,0,0,10
CH-BJ-04-2,ST-BJ-04,BJ,2026-01-06,19,19,0,0,19
CH-BJ-04-3,ST-BJ-04,BJ,2026-01-06,3,3,0,0,3
CH-BJ-05-1,ST-BJ-05,BJ,2026-01-06,9,9,0,0,9
CH-BJ-05-2,ST-BJ-05,BJ,2026-01-06,12,12,0,0,12
CH-BJ-05-3,ST-BJ-05,BJ,2026-01-06,2,2,0,0,2
CH-DL-01-1,ST-DL-01,DL,2026-01-06,11,11,0,0,11
CH-DL-01-2,ST-DL-01,DL,2026-01-06,15,15,0,0,15
CH-DL-01-3,ST-DL-01,DL,2026-01-06,3,3,0,0,3
CH-DL-02-1,ST-DL-02,DL,2026-01-06,6,6,0,0,6
CH-DL-02-2,ST-DL-02,DL,2026-01-06,12,12,0,0,12
CH-DL-02-3,ST-DL-02,DL,2026-01-06,4,4,0,0,4
CH-DL-03-1,ST-DL-03,DL,2026-01-06,6,5,1,1,6
CH-DL-03-2,ST-DL-03,DL,2026-01-06,3,3,0,0,3
CH-DL-03-3,ST-DL-03,DL,2026-01-06,3,3,0,0,3
CH-DL-04-1,ST-DL-04,DL,2026-01-06,15,14,1,1,14
CH-DL-04-2,ST-DL-04,DL,2026-01-06,15,15,0,0,14
CH-DL-04-3,ST-DL-04,DL,2026-01-06,4,4,0,0,4
CH-DL-05-1,ST-DL-05,DL,2026-01-06,6,6,0,0,6
CH-DL-05-2,ST-DL-05,DL,2026-01-06,6,6,0,0,6
CH-DL-05-3,ST-DL-05,DL,2026-01-06,2,2,0,0,2
CH-SH-01-1,ST-SH-01,SH,2026-01-06,12,12,0,0,12
CH-SH-01-2,ST-SH-01,SH,2026-01-06,10,10,0,0,10
CH-SH-01-3,ST-SH-01,SH,2026-01-06,5,5,0,0,5
CH-SH-02-1,ST-SH-02,SH,2026-01-06,15,14,1,1,15
CH-SH-02-2,ST-SH-02,SH,2026-01-06,16,15,1,1,16
CH-SH-02-3,ST-SH-02,SH,2026-01-06,5,5,0,0,5
CH-SH-03-1,ST-SH-03,SH,2026-01-06,7,7,0,0,7
CH-SH-03-2,ST-SH-03,SH,2026-01-06,2,2,0,0,2
CH-SH-03-3,ST-SH-03,SH,2026-01-06,3,3,0,0,3
CH-SH-04-1,ST-SH-04,SH,2026-01-06,19,18,1,1,19
CH-SH-04-2,ST-SH-04,SH,2026-01-06,21,21,0,0,21
CH-SH-04-3,ST-SH-04,SH,2026-01-06,3,3,0,0,3
CH-SH-05-1,ST-SH-05,SH,2026-01-06,15,14,1,1,15
CH-SH-05-2,ST-SH-05,SH,2026-01-06,10,10,0,0,10
CH-SH-05-3,ST-SH-05,SH,2026-01-06,3,3,0,0,3
CH-SY-01-1,ST-SY-01,SY,2026-01-06,7,7,0,0,7
CH-SY-01-2,ST-SY-01,SY,2026-01-06,9,7,2,1,9
CH-SY-01-3,ST-SY-01,SY,2026-01-06,4,4,0,0,4
CH-SY-02-1,ST-SY-02,SY,2026-01-06,12,11,1,1,12
CH-SY-02-2,ST-SY-02,SY,2026-01-06,16,15,1,1,16
CH-SY-02-3,ST-SY-02,SY,2026-01-06,7,6,1,1,7
CH-SY-03-1,ST-SY-03,SY,2026-01-06,13,12,1,1,13
CH-SY-03-2,ST-SY-03,SY,2026-01-06,1,1,0,0,1
CH-SY-03-3,ST-SY-03,SY,2026-01-06,3,3,0,0,3
CH-SY-04-1,ST-SY-04,SY,2026-01-06,15,14,1,1,15
CH-SY-04-2,ST-SY-04,SY,2026-01-06,19,18,1,1,19
CH-SY-04-3,ST-SY-04,SY,2026-01-06,5,5,0,0,4
CH-SY-05-1,ST-SY-05,SY,2026-01-06,9,9,0,0,9
CH-SY-05-2,ST-SY-05,SY,2026-01-06,10,10,0,0,10
CH-SY-05-3,ST-SY-05,SY,2026-01-06,4,4,0,0,4
CH-SZ-01-1,ST-SZ-01,SZ,2026-01-06,8,8,0,0,8
CH-SZ-01-2,ST-SZ-01,SZ,2026-01-06,10,10,0,0,10
CH-SZ-01-3,ST-SZ-01,SZ,2026-01-06,3,3,0,0,3
CH-SZ-02-1,ST-SZ-02,SZ,2026-01-06,9,8,1,1,9
CH-SZ-02-2,ST-SZ-02,SZ,2026-01-06,13,13,0,0,13
CH-SZ-02-3,ST-SZ-02,SZ,2026-01-06,4,4,0,0,4
CH-SZ-03-1,ST-SZ-03,SZ,2026-01-06,4,3,1,1,4
CH-SZ-03-2,ST-SZ-03,SZ,2026-01-06,4,4,0,0,4
CH-SZ-03-3,ST-SZ-03,SZ,2026-01-06,2,2,0,0,2
CH-SZ-04-1,ST-SZ-04,SZ,2026-01-06,14,14,0,0,13
CH-SZ-04-2,ST-SZ-04,SZ,2026-01-06,21,20,1,1,20
CH-SZ-04-3,ST-SZ-04,SZ,2026-01-06,4,4,0,0,4
CH-SZ-05-1,ST-SZ-05,SZ,2026-01-06,5,5,0,0,5
CH-SZ-05-2,ST-SZ-05,SZ,2026-01-06,10,10,0,0,10
CH-SZ-05-3,ST-SZ-05,SZ,2026-01-06,3,3,0,0,3
CH-BJ-01-1,ST-BJ-01,BJ,2026-01-07,7,7,0,0,7
CH-BJ-01-2,ST-BJ-01,BJ,2026-01-07,10,10,0,0,10
CH-BJ-01-3,ST-BJ-01,BJ,2026-01-07,3,3,0,0,3
CH-BJ-02-1,ST-BJ-02,BJ,2026-01-07,9,9,0,0,9
CH-BJ-02-2,ST-BJ-02,BJ,2026-01-07,10,10,0,0,10
CH-BJ-02-3,ST-BJ-02,BJ,2026-01-07,4,4,0,0,4
CH-BJ-03-1,ST-BJ-03,BJ,2026-01-07,6,6,0,0,6
CH-BJ-03-2,ST-BJ-03,BJ,2026-01-07,2,2,0,0,2
CH-BJ-03-3,ST-BJ-03,BJ,2026-01-07,5,4,1,1,5
CH-BJ-04-1,ST-BJ-04,BJ,2026-01-07,14,13,1,1,13
CH-BJ-04-2,ST-BJ-04,BJ,2026-01-07,22,22,0,0,20
CH-BJ-04-3,ST-BJ-04,BJ,2026-01-07,3,3,0,0,3
CH-BJ-05-1,ST-BJ-05,BJ,2026-01-07,9,8,1,1,9
CH-BJ-05-2,ST-BJ-05,BJ,2026-01-07,9,9,0,0,9
CH-BJ-05-3,ST-BJ-05,BJ,2026-01-07,4,4,0,0,4
CH-DL-01-1,ST-DL-01,DL,2026-01-07,9,8,1,1,9
CH-DL-01-2,ST-DL-01,DL,2026-01-07,14,13,1,1,14
CH-DL-01-3,ST-DL-01,DL,2026-01-07,3,3,0,0,3
CH-DL-02-1,ST-DL-02,DL,2026-01-07,10,9,1,1,10
CH-DL-02-2,ST-DL-02,DL,2026-01-07,10,10,0,0,9
CH-DL-02-3,ST-DL-02,DL,2026-01-07,6,6,0,0,6
CH-DL-03-1,ST-DL-03,DL,2026-01-07,5,4,1,1,5
CH-DL-03-2,ST-DL-03,DL,2026-01-07,2,2,0,0,2
CH-DL-03-3,ST-DL-03,DL,2026-01-07,1,1,0,0,1
CH-DL-04-1,ST-DL-04,DL,2026-01-07,9,9,0,0,9
CH-DL-04-2,ST-DL-04,DL,2026-01-07,17,16,1,1,17
CH-DL-04-3,ST-DL-04,DL,2026-01-07,4,4,0,0,4
CH-DL-05-1,ST-DL-05,DL,2026-01-07,6,6,0,0,6
CH-DL-05-2,ST-DL-05,DL,2026-01-07,8,8,0,0,8
CH-DL-05-3,ST-DL-05,DL,2026-01-07,5,5,0,0,5
CH-SH-01-1,ST-SH-01,SH,2026-01-07,5,4,1,1,5
CH-SH-01-2,ST-SH-01,SH,2026-01-07,7,7,0,0,7
CH-SH-01-3,ST-SH-01,SH,2026-01-07,2,2,0,0,2
CH-SH-02-1,ST-SH-02,SH,2026-01-07,13,13,0,0,13
CH-SH-02-2,ST-SH-02,SH,2026-01-07,19,19,0,0,19
CH-SH-02-3,ST-SH-02,SH,2026-01-07,5,5,0,0,5
CH-SH-03-1,ST-SH-03,SH,2026-01-07,9,9,0,0,9
CH-SH-03-2,ST-SH-03,SH,2026-01-07,2,2,0,0,2
CH-SH-03-3,ST-SH-03,SH,2026-01-07,2,2,0,0,2
CH-SH-04-1,ST-SH-04,SH,2026-01-07,9,8,1,1,9
CH-SH-04-2,ST-SH-04,SH,2026-01-07,17,15,2,1,17
CH-SH-04-3,ST-SH-04,SH,2026-01-07,4,4,0,0,4
CH-SH-05-1,ST-SH-05,SH,2026-01-07,7,7,0,0,7
CH-SH-05-2,ST-SH-05,SH,2026-01-07,10,10,0,0,10
CH-SH-05-3,ST-SH-05,SH,2026-01-07,4,4,0,0,4
CH-SY-01-1,ST-SY-01,SY,2026-01-07,4,4,0,0,4
CH-SY-01-2,ST-SY-01,SY,2026-01-07,5,5,0,0,5
CH-SY-01-3,ST-SY-01,SY,2026-01-07,3,3,0,0,3
CH-SY-02-1,ST-SY-02,SY,2026-01-07,11,10,1,1,11
CH-SY-02-2,ST-SY-02,SY,2026-01-07,12,11,1,1,12
CH-SY-02-3,ST-SY-02,SY,2026-01-07,6,6,0,0,6
CH-SY-03-1,ST-SY-03,SY,2026-01-07,6,6,0,0,6
CH-SY-03-2,ST-SY-03,SY,2026-01-07,4,4,0,0,4
CH-SY-03-3,ST-SY-03,SY,2026-01-07,2,2,0,0,2
CH-SY-04-1,ST-SY-04,SY,2026-01-07,20,19,1,1,20
CH-SY-04-2,ST-SY-04,SY,2026-01-07,19,19,0,0,18
CH-SY-04-3,ST-SY-04,SY,2026-01-07,9,7,2,1,9
CH-SY-05-1,ST-SY-05,SY,2026-01-07,6,6,0,0,6
CH-SY-05-2,ST-SY-05,SY,2026-01-07,8,8,0,0,8
CH-SY-05-3,ST-SY-05,SY,2026-01-07,6,6,0,0,6
CH-SZ-01-1,ST-SZ-01,SZ,2026-01-07,9,9,0,0,9
CH-SZ-01-2,ST-SZ-01,SZ,2026-01-07,11,9,2,1,11
CH-SZ-01-3,ST-SZ-01,SZ,2026-01-07,2,2,0,0,2
CH-SZ-02-1,ST-SZ-02,SZ,2026-01-07,14,12,2,1,13
CH-SZ-02-2,ST-SZ-02,SZ,2026-01-07,19,19,0,0,19
CH-SZ-02-3,ST-SZ-02,SZ,2026-01-07,5,5,0,0,5
CH-SZ-03-1,ST-SZ-03,SZ,2026-01-07,5,5,0,0,5
CH-SZ-03-2,ST-SZ-03,SZ,2026-01-07,2,2,0,0,2
CH-SZ-03-3,ST-SZ-03,SZ,2026-01-07,3,3,0,0,3
CH-SZ-04-1,ST-SZ-04,SZ,2026-01-07,18,17,1,1,18
CH-SZ-04-2,ST-SZ-04,SZ,2026-01-07,19,19,0,0,19
CH-SZ-04-3,ST-SZ-04,SZ,2026-01-07,5,5,0,0,5
CH-SZ-05-1,ST-SZ-05,SZ,2026-01-07,8,7,1,1,8
CH-SZ-05-2,ST-SZ-05,SZ,2026-01-07,9,9,0,0,9
CH-SZ-05-3,ST-SZ-05,SZ,2026-01-07,4,4,0,0,4
CH-BJ-01-1,ST-BJ-01,BJ,2026-01-08,7,7,0,0,7
CH-BJ-01-2,ST-BJ-01,BJ,2026-01-08,11,11,0,0,11
CH-BJ-01-3,ST-BJ-01,BJ,2026-01-08,5,5,0,0,5
CH-BJ-02-1,ST-BJ-02,BJ,2026-01-08,9,7,2,1,9
CH-BJ-02-2,ST-BJ-02,BJ,2026-01-08,12,10,2,1,12
CH-BJ-02-3,ST-BJ-02,BJ,2026-01-08,4,4,0,0,4
CH-BJ-03-1,ST-BJ-03,BJ,2026-01-08,7,7,0,0,7
CH-BJ-03-2,ST-BJ-03,BJ,2026-01-08,2,2,0,0,2
CH-BJ-03-3,ST-BJ-03,BJ,2026-01-08,1,1,0,0,1
CH-BJ-04-1,ST-BJ-04,BJ,2026-01-08,13,13,0,0,13
CH-BJ-04-2,ST-BJ-04,BJ,2026-01-08,17,17,0,0,16
CH-BJ-04-3,ST-BJ-04,BJ,2026-01-08,4,4,0,0,4
CH-BJ-05-1,ST-BJ-05,BJ,2026-01-08,10,10,0,0,10
CH-BJ-05-2,ST-BJ-05,BJ,2026-01-08,9,9,0,0,9
CH-BJ-05-3,ST-BJ-05,BJ,2026-01-08,4,4,0,0,4
CH-DL-01-1,ST-DL-01,DL,2026-01-08,12,11,1,1,12
CH-DL-01-2,ST-DL-01,DL,2026-01-08,17,17,0,0,17
CH-DL-01-3,ST-DL-01,DL,2026-01-08,3,3,0,0,3
CH-DL-02-1,ST-DL-02,DL,2026-01-08,10,9,1,1,10
CH-DL-02-2,ST-DL-02,DL,2026-01-08,15,14,1,1,15
CH-DL-02-3,ST-DL-02,DL,2026-01-08,3,3,0,0,3
CH-DL-03-1,ST-DL-03,DL,2026-01-08,7,7,0,0,7
CH-DL-03-2,ST-DL-03,DL,2026-01-08,3,3,0,0,3
CH-DL-03-3,ST-DL-03,DL,2026-01-08,3,3,0,0,3
CH-DL-04-1,ST-DL-04,DL,2026-01-08,14,13,1,1,14
CH-DL-04-2,ST-DL-04,DL,2026-01-08,16,16,0,0,15
CH-DL-04-3,ST-DL-04,DL,2026-01-08,4,4,0,0,4
CH-DL-05-1,ST-DL-05,DL,2026-01-08,8,8,0,0,8
CH-DL-05-2,ST-DL-05,DL,2026-01-08,10,10,0,0,10
CH-DL-05-3,ST-DL-05,DL,2026-01-08,3,3,0,0,3
CH-SH-01-1,ST-SH-01,SH,2026-01-08,8,8,0,0,8
CH-SH-01-2,ST-SH-01,SH,2026-01-08,8,8,0,0,8
CH-SH-01-3,ST-SH-01,SH,2026-01-08,6,6,0,0,6
CH-SH-02-1,ST-SH-02,SH,2026-01-08,15,15,0,0,15
CH-SH-02-2,ST-SH-02,SH,2026-01-08,13,13,0,0,13
CH-SH-02-3,ST-SH-02,SH,2026-01-08,5,5,0,0,5
CH-SH-03-1,ST-SH-03,SH,2026-01-08,7,6,1,1,7
CH-SH-03-2,ST-SH-03,SH,2026-01-08,4,4,0,0,4
CH-SH-03-3,ST-SH-03,SH,2026-01-08,2,2,0,0,2
CH-SH-04-1,ST-SH-04,SH,2026-01-08,13,13,0,0,13
CH-SH-04-2,ST-SH-04,SH,2026-01-08,17,17,0,0,17
CH-SH-04-3,ST-SH-04,SH,2026-01-08,5,3,2,1,5
CH-SH-05-1,ST-SH-05,SH,2026-01-08,8,6,2,1,7
CH-SH-05-2,ST-SH-05,SH,2026-01-08,7,6,1,1,7
CH-SH-05-3,ST-SH-05,SH,2026-01-08,4,4,0,0,4
CH-SY-01-1,ST-SY-01,SY,2026-01-08,8,8,0,0,8
CH-SY-01-2,ST-SY-01,SY,2026-01-08,12,11,1,1,12
CH-SY-01-3,ST-SY-01,SY,2026-01-08,4,4,0,0,4
CH-SY-02-1,ST-SY-02,SY,2026-01-08,11,11,0,0,11
CH-SY-02-2,ST-SY-02,SY,2026-01-08,11,10,1,1,11
CH-SY-02-3,ST-SY-02,SY,2026-01-08,7,6,1,1,7
CH-SY-03-1,ST-SY-03,SY,2026-01-08,5,4,1,1,5
CH-SY-03-2,ST-SY-03,SY,2026-01-08,3,3,0,0,3
CH-SY-03-3,ST-SY-03,SY,2026-01-08,1,1,0,0,1
CH-SY-04-1,ST-SY-04,SY,2026-01-08,13,13,0,0,13
CH-SY-04-2,ST-SY-04,SY,2026-01-08,17,17,0,0,16
CH-SY-04-3,ST-SY-04,SY,2026-01-08,5,5,0,0,5
CH-SY-05-1,ST-SY-05,SY,2026-01-08,8,8,0,0,8
CH-SY-05-2,ST-SY-05,SY,2026-01-08,11,11,0,0,11
CH-SY-05-3,ST-SY-05,SY,2026-01-08,4,4,0,0,4
CH-SZ-01-1,ST-SZ-01,SZ,2026-01-08,12,11,1,1,12
CH-SZ-01-2,ST-SZ-01,SZ,2026-01-08,12,12,0,0,12
CH-SZ-01-3,ST-SZ-01,SZ,2026-01-08,4,4,0,0,4
CH-SZ-02-1,ST-SZ-02,SZ,2026-01-08,12,12,0,0,12
CH-SZ-02-2,ST-SZ-02,SZ,2026-01-08,18,18,0,0,18
CH-SZ-02-3,ST-SZ-02,SZ,2026-01-08,6,6,0,0,6
CH-SZ-03-1,ST-SZ-03,SZ,2026-01-08,7,7,0,0,7
CH-SZ-03-2,ST-SZ-03,SZ,2026-01-08,3,3,0,0,3
CH-SZ-03-3,ST-SZ-03,SZ,2026-01-08,3,3,0,0,3
CH-SZ-04-1,ST-SZ-04,SZ,2026-01-08,13,13,0,0,13
CH-SZ-04-2,ST-SZ-04,SZ,2026-01-08,20,19,1,1,20
CH-SZ-04-3,ST-SZ-04,SZ,2026-01-08,5,5,0,0,5
CH-SZ-05-1,ST-SZ-05,SZ,2026-01-08,11,10,1,1,11
CH-SZ-05-2,ST-SZ-05,SZ,2026-01-08,12,12,0,0,12
CH-SZ-05-3,ST-SZ-05,SZ,2026-01-08,3,3,0,0,3
CH-BJ-01-1,ST-BJ-01,BJ,2026-01-09,8,8,0,0,8
CH-BJ-01-2,ST-BJ-01,BJ,2026-01-09,11,11,0,0,11
CH-BJ-01-3,ST-BJ-01,BJ,2026-01-09,3,3,0,0,3
CH-BJ-02-1,ST-BJ-02,BJ,2026-01-09,9,8,1,1,9
CH-BJ-02-2,ST-BJ-02,BJ,2026-01-09,11,10,1,1,11
CH-BJ-02-3,ST-BJ-02,BJ,2026-01-09,3,3,0,0,3
CH-BJ-03-1,ST-BJ-03,BJ,2026-01-09,7,7,0,0,7
CH-BJ-03-2,ST-BJ-03,BJ,2026-01-09,3,3,0,0,3
CH-BJ-03-3,ST-BJ-03,BJ,2026-01-09,3,3,0,0,3
CH-BJ-04-1,ST-BJ-04,BJ,2026-01-09,18,18,0,0,17
CH-BJ-04-2,ST-BJ-04,BJ,2026-01-09,18,18,0,0,18
CH-BJ-04-3,ST-BJ-04,BJ,2026-01-09,7,7,0,0,7
CH-BJ-05-1,ST-BJ-05,BJ,2026-01-09,6,6,0,0,6
CH-BJ-05-2,ST-BJ-05,BJ,2026-01-09,14,14,0,0,14
CH-BJ-05-3,ST-BJ-05,BJ,2026-01-09,4,4,0,0,4
CH-DL-01-1,ST-DL-01,DL,2026-01-09,6,6,0,0,6
CH-DL-01-2,ST-DL-01,DL,2026-01-09,7,7,0,0,7
CH-DL-01-3,ST-DL-01,DL,2026-01-09,2,2,0,0,2
CH-DL-02-1,ST-DL-02,DL,2026-01-09,16,14,2,1,16
CH-DL-02-2,ST-DL-02,DL,2026-01-09,11,11,0,0,11
CH-DL-02-3,ST-DL-02,DL,2026-01-09,4,4,0,0,4
CH-DL-03-1,ST-DL-03,DL,2026-01-09,6,5,1,1,6
CH-DL-03-2,ST-DL-03,DL,2026-01-09,3,3,0,0,3
CH-DL-03-3,ST-DL-03,DL,2026-01-09,3,3,0,0,3
CH-DL-04-1,ST-DL-04,DL,2026-01-09,13,13,0,0,13
CH-DL-04-2,ST-DL-04,DL,2026-01-09,22,22,0,0,21
CH-DL-04-3,ST-DL-04,DL,2026-01-09,9,9,0,0,9
CH-DL-05-1,ST-DL-05,DL,2026-01-09,9,9,0,0,9
CH-DL-05-2,ST-DL-05,DL,2026-01-09,9,9,0,0,9
CH-DL-05-3,ST-DL-05,DL,2026-01-09,4,4,0,0,4
CH-SH-01-1,ST-SH-01,SH,2026-01-09,7,7,0,0,7
CH-SH-01-2,ST-SH-01,SH,2026-01-09,14,14,0,0,14
CH-SH-01-3,ST-SH-01,SH,2026-01-09,5,5,0,0,5
CH-SH-02-1,ST-SH-02,SH,2026-01-09,12,11,1,1,12
CH-SH-02-2,ST-SH-02,SH,2026-01-09,14,14,0,0,14
CH-SH-02-3,ST-SH-02,SH,2026-01-09,3,3,0,0,3
CH-SH-03-1,ST-SH-03,SH,2026-01-09,6,6,0,0,6
CH-SH-03-2,ST-SH-03,SH,2026-01-09,3,3,0,0,3
CH-SH-03-3,ST-SH-03,SH,2026-01-09,3,3,0,0,3
CH-SH-04-1,ST-SH-04,SH,2026-01-09,13,13,0,0,13
CH-SH-04-2,ST-SH-04,SH,2026-01-09,19,18,1,1,19
CH-SH-04-3,ST-SH-04,SH,2026-01-09,4,4,0,0,4
CH-SH-05-1,ST-SH-05,SH,2026-01-09,3,3,0,0,3
CH-SH-05-2,ST-SH-05,SH,2026-01-09,7,7,0,0,7
CH-SH-05-3,ST-SH-05,SH,2026-01-09,5,5,0,0,5
CH-SY-01-1,ST-SY-01,SY,2026-01-09,8,8,0,0,8
CH-SY-01-2,ST-SY-01,SY,2026-01-09,11,11,0,0,11
CH-SY-01-3,ST-SY-01,SY,2026-01-09,5,5,0,0,5
CH-SY-02-1,ST-SY-02,SY,2026-01-09,8,8,0,0,8
CH-SY-02-2,ST-SY-02,SY,2026-01-09,12,12,0,0,12
CH-SY-02-3,ST-SY-02,SY,2026-01-09,5,5,0,0,5
CH-SY-03-1,ST-SY-03,SY,2026-01-09,11,10,1,1,11
CH-SY-03-2,ST-SY-03,SY,2026-01-09,2,2,0,0,2
CH-SY-03-3,ST-SY-03,SY,2026-01-09,2,2,0,0,2
CH-SY-04-1,ST-SY-04,SY,2026-01-09,15,13,2,1,15
CH-SY-04-2,ST-SY-04,SY,2026-01-09,19,19,0,0,19
CH-SY-04-3,ST-SY-04,SY,2026-01-09,5,5,0,0,5
CH-SY-05-1,ST-SY-05,SY,2026-01-09,9,9,0,0,9
CH-SY-05-2,ST-SY-05,SY,2026-01-09,9,9,0,0,9
CH-SY-05-3,ST-SY-05,SY,2026-01-09,3,3,0,0,3
CH-SZ-01-1,ST-SZ-01,SZ,2026-01-09,9,9,0,0,9
CH-SZ-01-2,ST-SZ-01,SZ,2026-01-09,7,7,0,0,7
CH-SZ-01-3,ST-SZ-01,SZ,2026-01-09,3,3,0,0,3
CH-SZ-02-1,ST-SZ-02,SZ,2026-01-09,12,12,0,0,12
CH-SZ-02-2,ST-SZ-02,SZ,2026-01-09,12,11,1,1,12
CH-SZ-02-3,ST-SZ-02,SZ,2026-01-09,5,5,0,0,5
CH-SZ-03-1,ST-SZ-03,SZ,2026-01-09,7,6,1,1,7
CH-SZ-03-2,ST-SZ-03,SZ,2026-01-09,2,2,0,0,2
CH-SZ-03-3,ST-SZ-03,SZ,2026-01-09,3,3,0,0,3
CH-SZ-04-1,ST-SZ-04,SZ,2026-01-09,13,13,0,0,13
CH-SZ-04-2,ST-SZ-04,SZ,2026-01-09,22,22,0,0,21
CH-SZ-04-3,ST-SZ-04,SZ,2026-01-09,5,5,0,0,5
CH-SZ-05-1,ST-SZ-05,SZ,2026-01-09,8,7,1,1,8
CH-SZ-05-2,ST-SZ-05,SZ,2026-01-09,12,12,0,0,12
CH-SZ-05-3,ST-SZ-05,SZ,2026-01-09,5,5,0,0,5
CH-BJ-01-1,ST-BJ-01,BJ,2026-01-10,3,2,1,1,3
CH-BJ-01-2,ST-BJ-01,BJ,2026-01-10,4,4,0,0,4
CH-BJ-01-3,ST-BJ-01,BJ,2026-01-10,1,1,0,0,1
CH-BJ-02-1,ST-BJ-02,BJ,2026-01-10,12,9,3,1,12
CH-BJ-02-2,ST-BJ-02,BJ,2026-01-10,18,18,0,0,18
CH-BJ-02-3,ST-BJ-02,BJ,2026-01-10,4,4,0,0,4
CH-BJ-03-1,ST-BJ-03,BJ,2026-01-10,7,7,0,0,7
CH-BJ-03-2,ST-BJ-03,BJ,2026-01-10,3,3,0,0,3
CH-BJ-03-3,ST-BJ-03,BJ,2026-01-10,2,2,0,0,2
CH-BJ-04-1,ST-BJ-04,BJ,2026-01-10,16,16,0,0,16
CH-BJ-04-2,ST-BJ-04,BJ,2026-01-10,19,19,0,0,19
CH-BJ-04-3,ST-BJ-04,BJ,2026-01-10,5,5,0,0,5
CH-BJ-05-1,ST-BJ-05,BJ,2026-01-10,4,4,0,0,4
CH-BJ-05-2,ST-BJ-05,BJ,2026-01-10,6,6,0,0,6
CH-BJ-05-3,ST-BJ-05,BJ,2026-01-10,4,4,0,0,4
CH-DL-01-1,ST-DL-01,DL,2026-01-10,3,2,1,1,3
CH-DL-01-2,ST-DL-01,DL,2026-01-10,3,3,0,0,3
CH-DL-01-3,ST-DL-01,DL,2026-01-10,3,3,0,0,3
CH-DL-02-1,ST-DL-02,DL,2026-01-10,11,9,2,1,11
CH-DL-02-2,ST-DL-02,DL,2026-01-10,12,12,0,0,12
CH-DL-02-3,ST-DL-02,DL,2026-01-10,3,3,0,0,3
CH-DL-03-1,ST-DL-03,DL,2026-01-10,5,5,0,0,5
CH-DL-03-2,ST-DL-03,DL,2026-01-10,2,2,0,0,2
CH-DL-03-3,ST-DL-03,DL,2026-01-10,3,3,0,0,3
CH-DL-04-1,ST-DL-04,DL,2026-01-10,16,14,2,1,16
CH-DL-04-2,ST-DL-04,DL,2026-01-10,19,19,0,0,19
CH-DL-04-3,ST-DL-04,DL,2026-01-10,5,5,0,0,4
CH-DL-05-1,ST-DL-05,DL,2026-01-10,5,5,0,0,5
CH-DL-05-2,ST-DL-05,DL,2026-01-10,9,9,0,0,9
CH-DL-05-3,ST-DL-05,DL,2026-01-10,3,3,0,0,3
CH-SH-01-1,ST-SH-01,SH,2026-01-10,8,8,0,0,8
CH-SH-01-2,ST-SH-01,SH,2026-01-10,4,4,0,0,4
CH-SH-01-3,ST-SH-01,SH,2026-01-10,3,3,0,0,3
CH-SH-02-1,ST-SH-02,SH,2026-01-10,15,15,0,0,15
CH-SH-02-2,ST-SH-02,SH,2026-01-10,12,11,1,1,12
CH-SH-02-3,ST-SH-02,SH,2026-01-10,6,6,0,0,6
CH-SH-03-1,ST-SH-03,SH,2026-01-10,8,7,1,1,8
CH-SH-03-2,ST-SH-03,SH,2026-01-10,2,2,0,0,2
CH-SH-03-3,ST-SH-03,SH,2026-01-10,2,2,0,0,2
CH-SH-04-1,ST-SH-04,SH,2026-01-10,17,14,3,1,17
CH-SH-04-2,ST-SH-04,SH,2026-01-10,20,20,0,0,19
CH-SH-04-3,ST-SH-04,SH,2026-01-10,5,5,0,0,5
CH-SH-05-1,ST-SH-05,SH,2026-01-10,3,3,0,0,3
CH-SH-05-2,ST-SH-05,SH,2026-01-10,8,8,0,0,8
CH-SH-05-3,ST-SH-05,SH,2026-01-10,4,4,0,0,4
CH-SY-01-1,ST-SY-01,SY,2026-01-10,3,2,1,1,3
CH-SY-01-2,ST-SY-01,SY,2026-01-10,6,4,2,1,6
CH-SY-01-3,ST-SY-01,SY,2026-01-10,2,2,0,0,2
CH-SY-02-1,ST-SY-02,SY,2026-01-10,8,8,0,0,8
CH-SY-02-2,ST-SY-02,SY,2026-01-10,10,10,0,0,10
CH-SY-02-3,ST-SY-02,SY,2026-01-10,3,3,0,0,3
CH-SY-03-1,ST-SY-03,SY,2026-01-10,3,2,1,1,3
CH-SY-03-2,ST-SY-03,SY,2026-01-10,2,2,0,0,2
CH-SY-03-3,ST-SY-03,SY,2026-01-10,1,1,0,0,1
CH-SY-04-1,ST-SY-04,SY,2026-01-10,14,14,0,0,14
CH-SY-04-2,ST-SY-04,SY,2026-01-10,19,19,0,0,17
CH-SY-04-3,ST-SY-04,SY,2026-01-10,4,4,0,0,4
CH-SY-05-1,ST-SY-05,SY,2026-01-10,7,7,0,0,7
CH-SY-05-2,ST-SY-05,SY,2026-01-10,8,8,0,0,8
CH-SY-05-3,ST-SY-05,SY,2026-01-10,5,5,0,0,5
CH-SZ-01-1,ST-SZ-01,SZ,2026-01-10,3,3,0,0,3
CH-SZ-01-2,ST-SZ-01,SZ,2026-01-10,4,4,0,0,4
CH-SZ-01-3,ST-SZ-01,SZ,2026-01-10,2,2,0,0,2
CH-SZ-02-1,ST-SZ-02,SZ,2026-01-10,15,14,1,1,15
CH-SZ-02-2,ST-SZ-02,SZ,2026-01-10,10,10,0,0,10
CH-SZ-02-3,ST-SZ-02,SZ,2026-01-10,5,5,0,0,5
CH-SZ-03-1,ST-SZ-03,SZ,2026-01-10,9,8,1,1,9
CH-SZ-03-2,ST-SZ-03,SZ,2026-01-10,4,4,0,0,4
CH-SZ-03-3,ST-SZ-03,SZ,2026-01-10,2,2,0,0,2
CH-SZ-04-1,ST-SZ-04,SZ,2026-01-10,11,10,1,1,11
CH-SZ-04-2,ST-SZ-04,SZ,2026-01-10,19,18,1,1,19
CH-SZ-04-3,ST-SZ-04,SZ,2026-01-10,6,6,0,0,6
CH-SZ-05-1,ST-SZ-05,SZ,2026-01-10,6,5,1,1,6
CH-SZ-05-2,ST-SZ-05,SZ,2026-01-10,8,8,0,0,8
CH-SZ-05-3,ST-SZ-05,SZ,2026-01-10,3,3,0,0,3
CH-BJ-01-1,ST-BJ-01,BJ,2026-01-11,3,3,0,0,3
CH-BJ-01-2,ST-BJ-01,BJ,2026-01-11,5,5,0,0,5
CH-BJ-01-3,ST-BJ-01,BJ,2026-01-11,3,3,0,0,3
CH-BJ-02-1,ST-BJ-02,BJ,2026-01-11,12,12,0,0,12
CH-BJ-02-2,ST-BJ-02,BJ,2026-01-11,13,13,0,0,13
CH-BJ-02-3,ST-BJ-02,BJ,2026-01-11,5,5,0,0,5
CH-BJ-03-1,ST-BJ-03,BJ,2026-01-11,3,3,0,0,3
CH-BJ-03-2,ST-BJ-03,BJ,2026-01-11,2,2,0,0,2
CH-BJ-03-3,ST-BJ-03,BJ,2026-01-11,2,2,0,0,2
CH-BJ-04-1,ST-BJ-04,BJ,2026-01-11,15,15,0,0,15
CH-BJ-04-2,ST-BJ-04,BJ,2026-01-11,20,20,0,0,20
CH-BJ-04-3,ST-BJ-04,BJ,2026-01-11,6,6,0,0,6
CH-BJ-05-1,ST-BJ-05,BJ,2026-01-11,8,6,2,1,8
CH-BJ-05-2,ST-BJ-05,BJ,2026-01-11,5,5,0,0,5
CH-BJ-05-3,ST-BJ-05,BJ,2026-01-11,3,3,0,0,3
CH-DL-01-1,ST-DL-01,DL,2026-01-11,3,3,0,0,3
CH-DL-01-2,ST-DL-01,DL,2026-01-11,3,3,0,0,3
CH-DL-01-3,ST-DL-01,DL,2026-01-11,3,3,0,0,3
CH-DL-02-1,ST-DL-02,DL,2026-01-11,10,10,0,0,10
CH-DL-02-2,ST-DL-02,DL,2026-01-11,13,13,0,0,13
CH-DL-02-3,ST-DL-02,DL,2026-01-11,5,5,0,0,5
CH-DL-03-1,ST-DL-03,DL,2026-01-11,5,4,1,1,5
CH-DL-03-2,ST-DL-03,DL,2026-01-11,2,2,0,0,2
CH-DL-03-3,ST-DL-03,DL,2026-01-11,2,2,0,0,2
CH-DL-04-1,ST-DL-04,DL,2026-01-11,15,15,0,0,15
CH-DL-04-2,ST-DL-04,DL,2026-01-11,21,20,1,1,21
CH-DL-04-3,ST-DL-04,DL,2026-01-11,3,3,0,0,3
CH-DL-05-1,ST-DL-05,DL,2026-01-11,2,2,0,0,2
CH-DL-05-2,ST-DL-05,DL,2026-01-11,2,2,0,0,2
CH-DL-05-3,ST-DL-05,DL,2026-01-11,3,3,0,0,3
CH-SH-01-1,ST-SH-01,SH,2026-01-11,3,2,1,1,3
CH-SH-01-2,ST-SH-01,SH,2026-01-11,3,3,0,0,3
CH-SH-01-3,ST-SH-01,SH,2026-01-11,4,4,0,0,4
CH-SH-02-1,ST-SH-02,SH,2026-01-11,10,10,0,0,10
CH-SH-02-2,ST-SH-02,SH,2026-01-11,17,16,1,1,17
CH-SH-02-3,ST-SH-02,SH,2026-01-11,5,5,0,0,5
CH-SH-03-1,ST-SH-03,SH,2026-01-11,8,7,1,1,8
CH-SH-03-2,ST-SH-03,SH,2026-01-11,3,3,0,0,3
CH-SH-03-3,ST-SH-03,SH,2026-01-11,2,2,0,0,2
CH-SH-04-1,ST-SH-04,SH,2026-01-11,16,15,1,1,16
CH-SH-04-2,ST-SH-04,SH,2026-01-11,22,22,0,0,22
CH-SH-04-3,ST-SH-04,SH,2026-01-11,4,4,0,0,4
CH-SH-05-1,ST-SH-05,SH,2026-01-11,5,5,0,0,5
CH-SH-05-2,ST-SH-05,SH,2026-01-11,6,6,0,0,6
CH-SH-05-3,ST-SH-05,SH,2026-01-11,4,4,0,0,4
CH-SY-01-1,ST-SY-01,SY,2026-01-11,0,0,0,0,0
CH-SY-01-2,ST-SY-01,SY,2026-01-11,5,5,0,0,5
CH-SY-01-3,ST-SY-01,SY,2026-01-11,5,5,0,0,5
CH-SY-02-1,ST-SY-02,SY,2026-01-11,5,5,0,0,5
CH-SY-02-2,ST-SY-02,SY,2026-01-11,8,8,0,0,8
CH-SY-02-3,ST-SY-02,SY,2026-01-11,4,4,0,0,4
CH-SY-03-1,ST-SY-03,SY,2026-01-11,6,4,2,1,6
CH-SY-03-2,ST-SY-03,SY,2026-01-11,3,3,0,0,3
CH-SY-03-3,ST-SY-03,SY,2026-01-11,3,3,0,0,3
CH-SY-04-1,ST-SY-04,SY,2026-01-11,16,15,1,1,16
CH-SY-04-2,ST-SY-04,SY,2026-01-11,15,15,0,0,13
CH-SY-04-3,ST-SY-04,SY,2026-01-11,5,5,0,0,5
CH-SY-05-1,ST-SY-05,SY,2026-01-11,3,3,0,0,3
CH-SY-05-2,ST-SY-05,SY,2026-01-11,9,9,0,0,9
CH-SY-05-3,ST-SY-05,SY,2026-01-11,4,4,0,0,4
CH-SZ-01-1,ST-SZ-01,SZ,2026-01-11,5,4,1,1,5
CH-SZ-01-2,ST-SZ-01,SZ,2026-01-11,8,7,1,1,8
CH-SZ-01-3,ST-SZ-01,SZ,2026-01-11,3,3,0,0,3
CH-SZ-02-1,ST-SZ-02,SZ,2026-01-11,13,12,1,1,13
CH-SZ-02-2,ST-SZ-02,SZ,2026-01-11,17,16,1,1,17
CH-SZ-02-3,ST-SZ-02,SZ,2026-01-11,4,4,0,0,4
CH-SZ-03-1,ST-SZ-03,SZ,2026-01-11,9,9,0,0,9
CH-SZ-03-2,ST-SZ-03,SZ,2026-01-11,3,3,0,0,3
CH-SZ-03-3,ST-SZ-03,SZ,2026-01-11,2,2,0,0,2
CH-SZ-04-1,ST-SZ-04,SZ,2026-01-11,12,11,1,1,11
CH-SZ-04-2,ST-SZ-04,SZ,2026-01-11,23,23,0,0,22
CH-SZ-04-3,ST-SZ-04,SZ,2026-01-11,5,5,0,0,5
CH-SZ-05-1,ST-SZ-05,SZ,2026-01-11,4,4,0,0,4
CH-SZ-05-2,ST-SZ-05,SZ,2026-01-11,5,5,0,0,5
CH-SZ-05-3,ST-SZ-05,SZ,2026-01-11,5,5,0,0,5
CH-BJ-01-1,ST-BJ-01,BJ,2026-01-12,10,10,0,0,10
CH-BJ-01-2,ST-BJ-01,BJ,2026-01-12,10,9,1,1,10
CH-BJ-01-3,ST-BJ-01,BJ,2026-01-12,3,3,0,0,3
CH-BJ-02-1,ST-BJ-02,BJ,2026-01-12,11,10,1,1,11
CH-BJ-02-2,ST-BJ-02,BJ,2026-01-12,10,10,0,0,10
CH-BJ-02-3,ST-BJ-02,BJ,2026-01-12,4,4,0,0,4
CH-BJ-03-1,ST-BJ-03,BJ,2026-01-12,6,5,1,1,6
CH-BJ-03-2,ST-BJ-03,BJ,2026-01-12,2,2,0,0,2
CH-BJ-03-3,ST-BJ-03,BJ,2026-01-12,2,2,0,0,2
CH-BJ-04-1,ST-BJ-04,BJ,2026-01-12,10,9,1,1,10
CH-BJ-04-2,ST-BJ-04,BJ,2026-01-12,20,20,0,0,19
CH-BJ-04-3,ST-BJ-04,BJ,2026-01-12,4,4,0,0,4
CH-BJ-05-1,ST-BJ-05,BJ,2026-01-12,9,9,0,0,9
CH-BJ-05-2,ST-BJ-05,BJ,2026-01-12,10,9,1,1,10
CH-BJ-05-3,ST-BJ-05,BJ,2026-01-12,4,4,0,0,4
CH-DL-01-1,ST-DL-01,DL,2026-01-12,9,9,0,0,9
CH-DL-01-2,ST-DL-01,DL,2026-01-12,7,7,0,0,7
CH-DL-01-3,ST-DL-01,DL,2026-01-12,4,4,0,0,4
CH-DL-02-1,ST-DL-02,DL,2026-01-12,12,11,1,1,12
CH-DL-02-2,ST-DL-02,DL,2026-01-12,8,8,0,0,8
CH-DL-02-3,ST-DL-02,DL,2026-01-12,4,4,0,0,4
CH-DL-03-1,ST-DL-03,DL,2026-01-12,6,6,0,0,6
CH-DL-03-2,ST-DL-03,DL,2026-01-12,2,2,0,0,2
CH-DL-03-3,ST-DL-03,DL,2026-01-12,2,2,0,0,2
CH-DL-04-1,ST-DL-04,DL,2026-01-12,14,14,0,0,14
CH-DL-04-2,ST-DL-04,DL,2026-01-12,19,19,0,0,18
CH-DL-04-3,ST-DL-04,DL,2026-01-12,5,5,0,0,5
CH-DL-05-1,ST-DL-05,DL,2026-01-12,7,6,1,1,7
CH-DL-05-2,ST-DL-05,DL,2026-01-12,12,12,0,0,12
CH-DL-05-3,ST-DL-05,DL,2026-01-12,4,4,0,0,4
CH-SH-01-1,ST-SH-01,SH,2026-01-12,8,8,0,0,8
CH-SH-01-2,ST-SH-01,SH,2026-01-12,11,11,0,0,11
CH-SH-01-3,ST-SH-01,SH,2026-01-12,5,5,0,0,5
CH-SH-02-1,ST-SH-02,SH,2026-01-12,13,13,0,0,13
CH-SH-02-2,ST-SH-02,SH,2026-01-12,16,15,1,1,16
CH-SH-02-3,ST-SH-02,SH,2026-01-12,4,4,0,0,4
CH-SH-03-1,ST-SH-03,SH,2026-01-12,10,10,0,0,10
CH-SH-03-2,ST-SH-03,SH,2026-01-12,2,2,0,0,2
CH-SH-03-3,ST-SH-03,SH,2026-01-12,3,3,0,0,3
CH-SH-04-1,ST-SH-04,SH,2026-01-12,17,17,0,0,17
CH-SH-04-2,ST-SH-04,SH,2026-01-12,18,18,0,0,18
CH-SH-04-3,ST-SH-04,SH,2026-01-12,6,6,0,0,6
CH-SH-05-1,ST-SH-05,SH,2026-01-12,8,8,0,0,8
CH-SH-05-2,ST-SH-05,SH,2026-01-12,10,10,0,0,10
CH-SH-05-3,ST-SH-05,SH,2026-01-12,1,1,0,0,1
CH-SY-01-1,ST-SY-01,SY,2026-01-12,8,7,1,1,8
CH-SY-01-2,ST-SY-01,SY,2026-01-12,9,9,0,0,9
CH-SY-01-3,ST-SY-01,SY,2026-01-12,4,4,0,0,4
CH-SY-02-1,ST-SY-02,SY,2026-01-12,8,8,0,0,8
CH-SY-02-2,ST-SY-02,SY,2026-01-12,11,10,1,1,11
CH-SY-02-3,ST-SY-02,SY,2026-01-12,6,6,0,0,6
CH-SY-03-1,ST-SY-03,SY,2026-01-12,6,5,1,1,6
CH-SY-03-2,ST-SY-03,SY,2026-01-12,3,3,0,0,3
CH-SY-03-3,ST-SY-03,SY,2026-01-12,3,3,0,0,3
CH-SY-04-1,ST-SY-04,SY,2026-01-12,16,14,2,1,14
CH-SY-04-2,ST-SY-04,SY,2026-01-12,19,19,0,0,18
CH-SY-04-3,ST-SY-04,SY,2026-01-12,6,6,0,0,6
CH-SY-05-1,ST-SY-05,SY,2026-01-12,7,7,0,0,7
CH-SY-05-2,ST-SY-05,SY,2026-01-12,9,9,0,0,9
CH-SY-05-3,ST-SY-05,SY,2026-01-12,3,3,0,0,3
CH-SZ-01-1,ST-SZ-01,SZ,2026-01-12,11,10,1,1,11
CH-SZ-01-2,ST-SZ-01,SZ,2026-01-12,8,7,1,1,8
CH-SZ-01-3,ST-SZ-01,SZ,2026-01-12,4,4,0,0,4
CH-SZ-02-1,ST-SZ-02,SZ,2026-01-12,7,7,0,0,7
CH-SZ-02-2,ST-SZ-02,SZ,2026-01-12,15,15,0,0,15
CH-SZ-02-3,ST-SZ-02,SZ,2026-01-12,5,4,1,1,5
CH-SZ-03-1,ST-SZ-03,SZ,2026-01-12,11,10,1,1,11
CH-SZ-03-2,ST-SZ-03,SZ,2026-01-12,2,2,0,0,2
CH-SZ-03-3,ST-SZ-03,SZ,2026-01-12,4,4,0,0,4
CH-SZ-04-1,ST-SZ-04,SZ,2026-01-12,12,12,0,0,12
CH-SZ-04-2,ST-SZ-04,SZ,2026-01-12,18,18,0,0,18
CH-SZ-04-3,ST-SZ-04,SZ,2026-01-12,7,6,1,1,7
CH-SZ-05-1,ST-SZ-05,SZ,2026-01-12,6,6,0,0,6
CH-SZ-05-2,ST-SZ-05,SZ,2026-01-12,9,8,1,1,9
CH-SZ-05-3,ST-SZ-05,SZ,2026-01-12,4,4,0,0,4
CH-BJ-01-1,ST-BJ-01,BJ,2026-01-13,7,6,1,1,7
CH-BJ-01-2,ST-BJ-01,BJ,2026-01-13,9,9,0,0,9
CH-BJ-01-3,ST-BJ-01,BJ,2026-01-13,3,3,0,0,3
CH-BJ-02-1,ST-BJ-02,BJ,2026-01-13,7,6,1,1,7
CH-BJ-02-2,ST-BJ-02,BJ,2026-01-13,12,11,1,1,12
CH-BJ-02-3,ST-BJ-02,BJ,2026-01-13,4,3,1,1,4
CH-BJ-03-1,ST-BJ-03,BJ,2026-01-13,6,6,0,0,6
CH-BJ-03-2,ST-BJ-03,BJ,2026-01-13,2,2,0,0,2
CH-BJ-03-3,ST-BJ-03,BJ,2026-01-13,3,3,0,0,3
CH-BJ-04-1,ST-BJ-04,BJ,2026-01-13,15,13,2,1,14
CH-BJ-04-2,ST-BJ-04,BJ,2026-01-13,23,21,2,1,21
CH-BJ-04-3,ST-BJ-04,BJ,2026-01-13,6,5,1,1,6
CH-BJ-05-1,ST-BJ-05,BJ,2026-01-13,9,8,1,1,9
CH-BJ-05-2,ST-BJ-05,BJ,2026-01-13,10,9,1,1,10
CH-BJ-05-3,ST-BJ-05,BJ,2026-01-13,4,4,0,0,4
CH-DL-01-1,ST-DL-01,DL,2026-01-13,11,11,0,0,11
CH-DL-01-2,ST-DL-01,DL,2026-01-13,9,9,0,0,9
CH-DL-01-3,ST-DL-01,DL,2026-01-13,3,3,0,0,3
CH-DL-02-1,ST-DL-02,DL,2026-01-13,10,10,0,0,10
CH-DL-02-2,ST-DL-02,DL,2026-01-13,10,10,0,0,10
CH-DL-02-3,ST-DL-02,DL,2026-01-13,3,3,0,0,3
CH-DL-03-1,ST-DL-03,DL,2026-01-13,7,7,0,0,7
CH-DL-03-2,ST-DL-03,DL,2026-01-13,3,3,0,0,3
CH-DL-03-3,ST-DL-03,DL,2026-01-13,3,3,0,0,3
CH-DL-04-1,ST-DL-04,DL,2026-01-13,14,13,1,1,14
CH-DL-04-2,ST-DL-04,DL,2026-01-13,15,14,1,1,15
CH-DL-04-3,ST-DL-04,DL,2026-01-13,5,5,0,0,5
CH-DL-05-1,ST-DL-05,DL,2026-01-13,6,6,0,0,6
CH-DL-05-2,ST-DL-05,DL,2026-01-13,11,11,0,0,11
CH-DL-05-3,ST-DL-05,DL,2026-01-13,3,3,0,0,3
CH-SH-01-1,ST-SH-01,SH,2026-01-13,8,8,0,0,8
CH-SH-01-2,ST-SH-01,SH,2026-01-13,8,8,0,0,8
CH-SH-01-3,ST-SH-01,SH,2026-01-13,4,4,0,0,4
CH-SH-02-1,ST-SH-02,SH,2026-01-13,10,9,1,1,10
CH-SH-02-2,ST-SH-02,SH,2026-01-13,13,13,0,0,13
CH-SH-02-3,ST-SH-02,SH,2026-01-13,3,3,0,0,3
CH-SH-03-1,ST-SH-03,SH,2026-01-13,11,10,1,1,11
CH-SH-03-2,ST-SH-03,SH,2026-01-13,2,2,0,0,2
CH-SH-03-3,ST-SH-03,SH,2026-01-13,4,4,0,0,4
CH-SH-04-1,ST-SH-04,SH,2026-01-13,11,11,0,0,11
CH-SH-04-2,ST-SH-04,SH,2026-01-13,18,17,1,1,17
CH-SH-04-3,ST-SH-04,SH,2026-01-13,6,5,1,1,6
CH-SH-05-1,ST-SH-05,SH,2026-01-13,7,6,1,1,7
CH-SH-05-2,ST-SH-05,SH,2026-01-13,6,6,0,0,6
CH-SH-05-3,ST-SH-05,SH,2026-01-13,2,2,0,0,2
CH-SY-01-1,ST-SY-01,SY,2026-01-13,8,8,0,0,8
CH-SY-01-2,ST-SY-01,SY,2026-01-13,10,10,0,0,10
CH-SY-01-3,ST-SY-01,SY,2026-01-13,3,3,0,0,3
CH-SY-02-1,ST-SY-02,SY,2026-01-13,8,8,0,0,8
CH-SY-02-2,ST-SY-02,SY,2026-01-13,12,12,0,0,12
CH-SY-02-3,ST-SY-02,SY,2026-01-13,4,3,1,1,4
CH-SY-03-1,ST-SY-03,SY,2026-01-13,4,4,0,0,4
CH-SY-03-2,ST-SY-03,SY,2026-01-13,1,1,0,0,1
CH-SY-03-3,ST-SY-03,SY,2026-01-13,1,1,0,0,1
CH-SY-04-1,ST-SY-04,SY,2026-01-13,14,13,1,1,14
CH-SY-04-2,ST-SY-04,SY,2026-01-13,13,13,0,0,13
CH-SY-04-3,ST-SY-04,SY,2026-01-13,7,7,0,0,7
CH-SY-05-1,ST-SY-05,SY,2026-01-13,6,6,0,0,6
CH-SY-05-2,ST-SY-05,SY,2026-01-13,9,9,0,0,9
CH-SY-05-3,ST-SY-05,SY,2026-01-13,3,3,0,0,3
CH-SZ-01-1,ST-SZ-01,SZ,2026-01-13,13,12,1,1,13
CH-SZ-01-2,ST-SZ-01,SZ,2026-01-13,10,10,0,0,10
CH-SZ-01-3,ST-SZ-01,SZ,2026-01-13,4,4,0,0,4
CH-SZ-02-1,ST-SZ-02,SZ,2026-01-13,7,7,0,0,7
CH-SZ-02-2,ST-SZ-02,SZ,2026-01-13,9,9,0,0,9
CH-SZ-02-3,ST-SZ-02,SZ,2026-01-13,3,3,0,0,3
CH-SZ-03-1,ST-SZ-03,SZ,2026-01-13,7,7,0,0,7
CH-SZ-03-2,ST-SZ-03,SZ,2026-01-13,2,1,1,1,2
CH-SZ-03-3,ST-SZ-03,SZ,2026-01-13,3,3,0,0,3
CH-SZ-04-1,ST-SZ-04,SZ,2026-01-13,14,14,0,0,14
CH-SZ-04-2,ST-SZ-04,SZ,2026-01-13,20,20,0,0,20
CH-SZ-04-3,ST-SZ-04,SZ,2026-01-13,4,4,0,0,4
CH-SZ-05-1,ST-SZ-05,SZ,2026-01-13,5,5,0,0,5
CH-SZ-05-2,ST-SZ-05,SZ,2026-01-13,12,12,0,0,12
CH-SZ-05-3,ST-SZ-05,SZ,2026-01-13,3,3,0,0,3
CH-BJ-01-1,ST-BJ-01,BJ,2026-01-14,8,8,0,0,8
CH-BJ-01-2,ST-BJ-01,BJ,2026-01-14,10,10,0,0,10
CH-BJ-01-3,ST-BJ-01,BJ,2026-01-14,4,4,0,0,4
CH-BJ-02-1,ST-BJ-02,BJ,2026-01-14,13,12,1,1,13
CH-BJ-02-2,ST-BJ-02,BJ,2026-01-14,11,11,0,0,11
CH-BJ-02-3,ST-BJ-02,BJ,2026-01-14,6,5,1,1,6
CH-BJ-03-1,ST-BJ-03,BJ,2026-01-14,4,4,0,0,4
CH-BJ-03-2,ST-BJ-03,BJ,2026-01-14,2,2,0,0,2
CH-BJ-03-3,ST-BJ-03,BJ,2026-01-14,2,2,0,0,2
CH-BJ-04-1,ST-BJ-04,BJ,2026-01-14,18,17,1,1,18
CH-BJ-04-2,ST-BJ-04,BJ,2026-01-14,18,17,1,1,18
CH-BJ-04-3,ST-BJ-04,BJ,2026-01-14,5,5,0,0,5
CH-BJ-05-1,ST-BJ-05,BJ,2026-01-14,10,9,1,1,10
CH-BJ-05-2,ST-BJ-05,BJ,2026-01-14,7,7,0,0,7
CH-BJ-05-3,ST-BJ-05,BJ,2026-01-14,3,3,0,0,3
CH-DL-01-1,ST-DL-01,DL,2026-01-14,8,8,0,0,8
CH-DL-01-2,ST-DL-01,DL,2026-01-14,7,7,0,0,7
CH-DL-01-3,ST-DL-01,DL,2026-01-14,5,5,0,0,5
CH-DL-02-1,ST-DL-02,DL,2026-01-14,10,8,2,1,10
CH-DL-02-2,ST-DL-02,DL,2026-01-14,13,13,0,0,13
CH-DL-02-3,ST-DL-02,DL,2026-01-14,6,6,0,0,6
CH-DL-03-1,ST-DL-03,DL,2026-01-14,9,9,0,0,8
CH-DL-03-2,ST-DL-03,DL,2026-01-14,2,2,0,0,2
CH-DL-03-3,ST-DL-03,DL,2026-01-14,3,3,0,0,3
CH-DL-04-1,ST-DL-04,DL,2026-01-14,16,13,3,1,16
CH-DL-04-2,ST-DL-04,DL,2026-01-14,21,21,0,0,21
CH-DL-04-3,ST-DL-04,DL,2026-01-14,3,3,0,0,3
CH-DL-05-1,ST-DL-05,DL,2026-01-14,6,6,0,0,6
CH-DL-05-2,ST-DL-05,DL,2026-01-14,11,11,0,0,11
CH-DL-05-3,ST-DL-05,DL,2026-01-14,4,4,0,0,4
CH-SH-01-1,ST-SH-01,SH,2026-01-14,7,7,0,0,7
CH-SH-01-2,ST-SH-01,SH,2026-01-14,13,13,0,0,13
CH-SH-01-3,ST-SH-01,SH,2026-01-14,3,3,0,0,3
CH-SH-02-1,ST-SH-02,SH,2026-01-14,11,11,0,0,11
CH-SH-02-2,ST-SH-02,SH,2026-01-14,17,16,1,1,17
CH-SH-02-3,ST-SH-02,SH,2026-01-14,5,5,0,0,5
CH-SH-03-1,ST-SH-03,SH,2026-01-14,7,7,0,0,7
CH-SH-03-2,ST-SH-03,SH,2026-01-14,1,1,0,0,1
CH-SH-03-3,ST-SH-03,SH,2026-01-14,2,2,0,0,2
CH-SH-04-1,ST-SH-04,SH,2026-01-14,16,16,0,0,15
CH-SH-04-2,ST-SH-04,SH,2026-01-14,22,21,1,1,21
CH-SH-04-3,ST-SH-04,SH,2026-01-14,4,4,0,0,4
CH-SH-05-1,ST-SH-05,SH,2026-01-14,9,9,0,0,9
CH-SH-05-2,ST-SH-05,SH,2026-01-14,4,4,0,0,4
CH-SH-05-3,ST-SH-05,SH,2026-01-14,4,4,0,0,4
CH-SY-01-1,ST-SY-01,SY,2026-01-14,9,9,0,0,9
CH-SY-01-2,ST-SY-01,SY,2026-01-14,13,13,0,0,13
CH-SY-01-3,ST-SY-01,SY,2026-01-14,3,3,0,0,3
CH-SY-02-1,ST-SY-02,SY,2026-01-14,9,8,1,1,9
CH-SY-02-2,ST-SY-02,SY,2026-01-14,10,10,0,0,10
CH-SY-02-3,ST-SY-02,SY,2026-01-14,4,4,0,0,4
CH-SY-03-1,ST-SY-03,SY,2026-01-14,3,3,0,0,3
CH-SY-03-2,ST-SY-03,SY,2026-01-14,2,2,0,0,2
CH-SY-03-3,ST-SY-03,SY,2026-01-14,2,2,0,0,2
CH-SY-04-1,ST-SY-04,SY,2026-01-14,16,16,0,0,16
CH-SY-04-2,ST-SY-04,SY,2026-01-14,17,16,1,1,17
CH-SY-04-3,ST-SY-04,SY,2026-01-14,4,3,1,1,4
CH-SY-05-1,ST-SY-05,SY,2026-01-14,9,7,2,1,9
CH-SY-05-2,ST-SY-05,SY,2026-01-14,14,14,0,0,14
CH-SY-05-3,ST-SY-05,SY,2026-01-14,4,4,0,0,4
CH-SZ-01-1,ST-SZ-01,SZ,2026-01-14,6,6,0,0,6
CH-SZ-01-2,ST-SZ-01,SZ,2026-01-14,11,11,0,0,11
CH-SZ-01-3,ST-SZ-01,SZ,2026-01-14,4,4,0,0,4
CH-SZ-02-1,ST-SZ-02,SZ,2026-01-14,8,8,0,0,8
CH-SZ-02-2,ST-SZ-02,SZ,2026-01-14,11,11,0,0,11
CH-SZ-02-3,ST-SZ-02,SZ,2026-01-14,6,6,0,0,6
CH-SZ-03-1,ST-SZ-03,SZ,2026-01-14,11,10,1,1,11
CH-SZ-03-2,ST-SZ-03,SZ,2026-01-14,2,2,0,0,2
CH-SZ-03-3,ST-SZ-03,SZ,2026-01-14,2,2,0,0,2
CH-SZ-04-1,ST-SZ-04,SZ,2026-01-14,12,12,0,0,12
CH-SZ-04-2,ST-SZ-04,SZ,2026-01-14,19,19,0,0,19
CH-SZ-04-3,ST-SZ-04,SZ,2026-01-14,4,4,0,0,4
CH-SZ-05-1,ST-SZ-05,SZ,2026-01-14,10,9,1,1,10
CH-SZ-05-2,ST-SZ-05,SZ,2026-01-14,10,9,1,1,10
CH-SZ-05-3,ST-SZ-05,SZ,2026-01-14,5,5,0,0,5
CH-BJ-01-1,ST-BJ-01,BJ,2026-01-15,9,9,0,0,9
CH-BJ-01-2,ST-BJ-01,BJ,2026-01-15,11,11,0,0,11
CH-BJ-01-3,ST-BJ-01,BJ,2026-01-15,2,2,0,0,2
CH-BJ-02-1,ST-BJ-02,BJ,2026-01-15,8,7,1,1,8
CH-BJ-02-2,ST-BJ-02,BJ,2026-01-15,5,5,0,0,5
CH-BJ-02-3,ST-BJ-02,BJ,2026-01-15,5,5,0,0,5
CH-BJ-03-1,ST-BJ-03,BJ,2026-01-15,8,8,0,0,8
CH-BJ-03-2,ST-BJ-03,BJ,2026-01-15,2,2,0,0,2
CH-BJ-03-3,ST-BJ-03,BJ,2026-01-15,2,2,0,0,2
CH-BJ-04-1,ST-BJ-04,BJ,2026-01-15,13,12,1,1,13
CH-BJ-04-2,ST-BJ-04,BJ,2026-01-15,20,19,1,1,19
CH-BJ-04-3,ST-BJ-04,BJ,2026-01-15,2,2,0,0,2
CH-BJ-05-1,ST-BJ-05,BJ,2026-01-15,8,8,0,0,8
CH-BJ-05-2,ST-BJ-05,BJ,2026-01-15,8,8,0,0,8
CH-BJ-05-3,ST-BJ-05,BJ,2026-01-15,5,5,0,0,5
CH-DL-01-1,ST-DL-01,DL,2026-01-15,8,6,2,1,8
CH-DL-01-2,ST-DL-01,DL,2026-01-15,8,8,0,0,8
CH-DL-01-3,ST-DL-01,DL,2026-01-15,3,3,0,0,3
CH-DL-02-1,ST-DL-02,DL,2026-01-15,9,8,1,1,9
CH-DL-02-2,ST-DL-02,DL,2026-01-15,13,13,0,0,13
CH-DL-02-3,ST-DL-02,DL,2026-01-15,6,5,1,1,6
CH-DL-03-1,ST-DL-03,DL,2026-01-15,8,7,1,1,8
CH-DL-03-2,ST-DL-03,DL,2026-01-15,1,1,0,0,1
CH-DL-03-3,ST-DL-03,DL,2026-01-15,3,3,0,0,3
CH-DL-04-1,ST-DL-04,DL,2026-01-15,14,14,0,0,13
CH-DL-04-2,ST-DL-04,DL,2026-01-15,17,17,0,0,17
CH-DL-04-3,ST-DL-04,DL,2026-01-15,4,4,0,0,4
CH-DL-05-1,ST-DL-05,DL,2026-01-15,5,5,0,0,5
CH-DL-05-2,ST-DL-05,DL,2026-01-15,8,8,0,0,8
CH-DL-05-3,ST-DL-05,DL,2026-01-15,3,3,0,0,3
CH-SH-01-1,ST-SH-01,SH,2026-01-15,10,10,0,0,10
CH-SH-01-2,ST-SH-01,SH,2026-01-15,11,9,2,1,11
CH-SH-01-3,ST-SH-01,SH,2026-01-15,4,4,0,0,4
CH-SH-02-1,ST-SH-02,SH,2026-01-15,11,11,0,0,11
CH-SH-02-2,ST-SH-02,SH,2026-01-15,18,17,1,1,18
CH-SH-02-3,ST-SH-02,SH,2026-01-15,5,5,0,0,5
CH-SH-03-1,ST-SH-03,SH,2026-01-15,16,16,0,0,16
CH-SH-03-2,ST-SH-03,SH,2026-01-15,3,2,1,1,3
CH-SH-03-3,ST-SH-03,SH,2026-01-15,3,3,0,0,3
CH-SH-04-1,ST-SH-04,SH,2026-01-15,17,16,1,1,17
CH-SH-04-2,ST-SH-04,SH,2026-01-15,24,24,0,0,22
CH-SH-04-3,ST-SH-04,SH,2026-01-15,6,6,0,0,6
CH-SH-05-1,ST-SH-05,SH,2026-01-15,8,7,1,1,8
CH-SH-05-2,ST-SH-05,SH,2026-01-15,15,14,1,1,15
CH-SH-05-3,ST-SH-05,SH,2026-01-15,5,5,0,0,5
CH-SY-01-1,ST-SY-01,SY,2026-01-15,8,8,0,0,8
CH-SY-01-2,ST-SY-01,SY,2026-01-15,11,11,0,0,11
CH-SY-01-3,ST-SY-01,SY,2026-01-15,4,4,0,0,4
CH-SY-02-1,ST-SY-02,SY,2026-01-15,9,8,1,1,9
CH-SY-02-2,ST-SY-02,SY,2026-01-15,13,13,0,0,13
CH-SY-02-3,ST-SY-02,SY,2026-01-15,4,4,0,0,4
CH-SY-03-1,ST-SY-03,SY,2026-01-15,11,11,0,0,11
CH-SY-03-2,ST-SY-03,SY,2026-01-15,4,4,0,0,4
CH-SY-03-3,ST-SY-03,SY,2026-01-15,2,2,0,0,2
CH-SY-04-1,ST-SY-04,SY,2026-01-15,12,12,0,0,12
CH-SY-04-2,ST-SY-04,SY,2026-01-15,19,19,0,0,19
CH-SY-04-3,ST-SY-04,SY,2026-01-15,5,5,0,0,5
CH-SY-05-1,ST-SY-05,SY,2026-01-15,11,10,1,1,11
CH-SY-05-2,ST-SY-05,SY,2026-01-15,11,11,0,0,11
CH-SY-05-3,ST-SY-05,SY,2026-01-15,4,4,0,0,4
CH-SZ-01-1,ST-SZ-01,SZ,2026-01-15,9,9,0,0,9
CH-SZ-01-2,ST-SZ-01,SZ,2026-01-15,9,9,0,0,9
CH-SZ-01-3,ST-SZ-01,SZ,2026-01-15,1,1,0,0,1
CH-SZ-02-1,ST-SZ-02,SZ,2026-01-15,14,14,0,0,14
CH-SZ-02-2,ST-SZ-02,SZ,2026-01-15,14,14,0,0,14
CH-SZ-02-3,ST-SZ-02,SZ,2026-01-15,5,4,1,1,5
CH-SZ-03-1,ST-SZ-03,SZ,2026-01-15,7,7,0,0,7
CH-SZ-03-2,ST-SZ-03,SZ,2026-01-15,1,1,0,0,1
CH-SZ-03-3,ST-SZ-03,SZ,2026-01-15,2,2,0,0,2
CH-SZ-04-1,ST-SZ-04,SZ,2026-01-15,15,14,1,1,15
CH-SZ-04-2,ST-SZ-04,SZ,2026-01-15,16,16,0,0,16
CH-SZ-04-3,ST-SZ-04,SZ,2026-01-15,5,5,0,0,5
CH-SZ-05-1,ST-SZ-05,SZ,2026-01-15,10,10,0,0,10
CH-SZ-05-2,ST-SZ-05,SZ,2026-01-15,10,10,0,0,10
CH-SZ-05-3,ST-SZ-05,SZ,2026-01-15,2,2,0,0,2
CH-BJ-01-1,ST-BJ-01,BJ,2026-01-16,11,11,0,0,11
CH-BJ-01-2,ST-BJ-01,BJ,2026-01-16,9,8,1,1,9
CH-BJ-01-3,ST-BJ-01,BJ,2026-01-16,4,4,0,0,4
CH-BJ-02-1,ST-BJ-02,BJ,2026-01-16,9,8,1,1,9
CH-BJ-02-2,ST-BJ-02,BJ,2026-01-16,16,15,1,1,16
CH-BJ-02-3,ST-BJ-02,BJ,2026-01-16,5,5,0,0,5
CH-BJ-03-1,ST-BJ-03,BJ,2026-01-16,8,7,1,1,8
CH-BJ-03-2,ST-BJ-03,BJ,2026-01-16,2,2,0,0,2
CH-BJ-03-3,ST-BJ-03,BJ,2026-01-16,2,2,0,0,2
CH-BJ-04-1,ST-BJ-04,BJ,2026-01-16,15,14,1,1,14
CH-BJ-04-2,ST-BJ-04,BJ,2026-01-16,16,16,0,0,16
CH-BJ-04-3,ST-BJ-04,BJ,2026-01-16,3,3,0,0,3
CH-BJ-05-1,ST-BJ-05,BJ,2026-01-16,11,11,0,0,11
CH-BJ-05-2,ST-BJ-05,BJ,2026-01-16,12,12,0,0,12
CH-BJ-05-3,ST-BJ-05,BJ,2026-01-16,4,4,0,0,4
CH-DL-01-1,ST-DL-01,DL,2026-01-16,9,9,0,0,9
CH-DL-01-2,ST-DL-01,DL,2026-01-16,10,10,0,0,10
CH-DL-01-3,ST-DL-01,DL,2026-01-16,4,4,0,0,4
CH-DL-02-1,ST-DL-02,DL,2026-01-16,8,7,1,1,8
CH-DL-02-2,ST-DL-02,DL,2026-01-16,10,10,0,0,10
CH-DL-02-3,ST-DL-02,DL,2026-01-16,5,5,0,0,5
CH-DL-03-1,ST-DL-03,DL,2026-01-16,4,4,0,0,4
CH-DL-03-2,ST-DL-03,DL,2026-01-16,2,2,0,0,2
CH-DL-03-3,ST-DL-03,DL,2026-01-16,2,2,0,0,2
CH-DL-04-1,ST-DL-04,DL,2026-01-16,15,13,2,1,15
CH-DL-04-2,ST-DL-04,DL,2026-01-16,17,17,0,0,17
CH-DL-04-3,ST-DL-04,DL,2026-01-16,5,4,1,1,5
CH-DL-05-1,ST-DL-05,DL,2026-01-16,8,8,0,0,8
CH-DL-05-2,ST-DL-05,DL,2026-01-16,10,10,0,0,10
CH-DL-05-3,ST-DL-05,DL,2026-01-16,4,4,0,0,4
CH-SH-01-1,ST-SH-01,SH,2026-01-16,11,9,2,1,11
CH-SH-01-2,ST-SH-01,SH,2026-01-16,16,16,0,0,16
CH-SH-01-3,ST-SH-01,SH,2026-01-16,4,4,0,0,4
CH-SH-02-1,ST-SH-02,SH,2026-01-16,13,13,0,0,13
CH-SH-02-2,ST-SH-02,SH,2026-01-16,18,18,0,0,18
CH-SH-02-3,ST-SH-02,SH,2026-01-16,5,5,0,0,5
CH-SH-03-1,ST-SH-03,SH,2026-01-16,9,9,0,0,9
CH-SH-03-2,ST-SH-03,SH,2026-01-16,2,2,0,0,2
CH-SH-03-3,ST-SH-03,SH,2026-01-16,3,3,0,0,3
CH-SH-04-1,ST-SH-04,SH,2026-01-16,17,16,1,1,15
CH-SH-04-2,ST-SH-04,SH,2026-01-16,20,20,0,0,20
CH-SH-04-3,ST-SH-04,SH,2026-01-16,4,4,0,0,4
CH-SH-05-1,ST-SH-05,SH,2026-01-16,8,8,0,0,8
CH-SH-05-2,ST-SH-05,SH,2026-01-16,18,17,1,1,18
CH-SH-05-3,ST-SH-05,SH,2026-01-16,4,4,0,0,4
CH-SY-01-1,ST-SY-01,SY,2026-01-16,8,6,2,1,8
CH-SY-01-2,ST-SY-01,SY,2026-01-16,10,9,1,1,10
CH-SY-01-3,ST-SY-01,SY,2026-01-16,4,4,0,0,4
CH-SY-02-1,ST-SY-02,SY,2026-01-16,9,9,0,0,9
CH-SY-02-2,ST-SY-02,SY,2026-01-16,10,10,0,0,10
CH-SY-02-3,ST-SY-02,SY,2026-01-16,5,5,0,0,5
CH-SY-03-1,ST-SY-03,SY,2026-01-16,8,8,0,0,8
CH-SY-03-2,ST-SY-03,SY,2026-01-16,3,3,0,0,3
CH-SY-03-3,ST-SY-03,SY,2026-01-16,3,3,0,0,3
CH-SY-04-1,ST-SY-04,SY,2026-01-16,12,12,0,0,12
CH-SY-04-2,ST-SY-04,SY,2026-01-16,14,14,0,0,14
CH-SY-04-3,ST-SY-04,SY,2026-01-16,5,5,0,0,5
CH-SY-05-1,ST-SY-05,SY,2026-01-16,5,5,0,0,5
CH-SY-05-2,ST-SY-05,SY,2026-01-16,9,8,1,1,9
CH-SY-05-3,ST-SY-05,SY,2026-01-16,4,4,0,0,4
CH-SZ-01-1,ST-SZ-01,SZ,2026-01-16,9,9,0,0,9
CH-SZ-01-2,ST-SZ-01,SZ,2026-01-16,16,16,0,0,16
CH-SZ-01-3,ST-SZ-01,SZ,2026-01-16,4,4,0,0,4
CH-SZ-02-1,ST-SZ-02,SZ,2026-01-16,12,12,0,0,12
CH-SZ-02-2,ST-SZ-02,SZ,2026-01-16,13,13,0,0,13
CH-SZ-02-3,ST-SZ-02,SZ,2026-01-16,4,4,0,0,4
CH-SZ-03-1,ST-SZ-03,SZ,2026-01-16,5,5,0,0,5
CH-SZ-03-2,ST-SZ-03,SZ,2026-01-16,3,3,0,0,3
CH-SZ-03-3,ST-SZ-03,SZ,2026-01-16,3,3,0,0,3
CH-SZ-04-1,ST-SZ-04,SZ,2026-01-16,15,14,1,1,14
CH-SZ-04-2,ST-SZ-04,SZ,2026-01-16,16,15,1,1,16
CH-SZ-04-3,ST-SZ-04,SZ,2026-01-16,5,5,0,0,5
CH-SZ-05-1,ST-SZ-05,SZ,2026-01-16,11,10,1,1,11
CH-SZ-05-2,ST-SZ-05,SZ,2026-01-16,12,11,1,1,12
CH-SZ-05-3,ST-SZ-05,SZ,2026-01-16,4,4,0,0,4
CH-BJ-01-1,ST-BJ-01,BJ,2026-01-17,0,0,0,0,0
CH-BJ-01-2,ST-BJ-01,BJ,2026-01-17,2,2,0,0,2
CH-BJ-01-3,ST-BJ-01,BJ,2026-01-17,2,2,0,0,2
CH-BJ-02-1,ST-BJ-02,BJ,2026-01-17,12,12,0,0,12
CH-BJ-02-2,ST-BJ-02,BJ,2026-01-17,16,16,0,0,16
CH-BJ-02-3,ST-BJ-02,BJ,2026-01-17,5,5,0,0,5
CH-BJ-03-1,ST-BJ-03,BJ,2026-01-17,6,6,0,0,6
CH-BJ-03-2,ST-BJ-03,BJ,2026-01-17,2,2,0,0,2
CH-BJ-03-3,ST-BJ-03,BJ,2026-01-17,1,1,0,0,1
CH-BJ-04-1,ST-BJ-04,BJ,2026-01-17,15,14,1,1,15
CH-BJ-04-2,ST-BJ-04,BJ,2026-01-17,18,18,0,0,18
CH-BJ-04-3,ST-BJ-04,BJ,2026-01-17,6,6,0,0,6
CH-BJ-05-1,ST-BJ-05,BJ,2026-01-17,8,7,1,1,8
CH-BJ-05-2,ST-BJ-05,BJ,2026-01-17,6,6,0,0,6
CH-BJ-05-3,ST-BJ-05,BJ,2026-01-17,5,5,0,0,5
CH-DL-01-1,ST-DL-01,DL,2026-01-17,5,4,1,1,5
CH-DL-01-2,ST-DL-01,DL,2026-01-17,5,4,1,1,5
CH-DL-01-3,ST-DL-01,DL,2026-01-17,5,5,0,0,5
CH-DL-02-1,ST-DL-02,DL,2026-01-17,13,13,0,0,13
CH-DL-02-2,ST-DL-02,DL,2026-01-17,14,13,1,1,14
CH-DL-02-3,ST-DL-02,DL,2026-01-17,4,4,0,0,4
CH-DL-03-1,ST-DL-03,DL,2026-01-17,5,4,1,1,5
CH-DL-03-2,ST-DL-03,DL,2026-01-17,2,2,0,0,2
CH-DL-03-3,ST-DL-03,DL,2026-01-17,2,2,0,0,2
CH-DL-04-1,ST-DL-04,DL,2026-01-17,15,14,1,1,14
CH-DL-04-2,ST-DL-04,DL,2026-01-17,17,17,0,0,16
CH-DL-04-3,ST-DL-04,DL,2026-01-17,8,7,1,1,8
CH-DL-05-1,ST-DL-05,DL,2026-01-17,5,5,0,0,5
CH-DL-05-2,ST-DL-05,DL,2026-01-17,6,6,0,0,6
CH-DL-05-3,ST-DL-05,DL,2026-01-17,3,3,0,0,3
CH-SH-01-1,ST-SH-01,SH,2026-01-17,4,4,0,0,4
CH-SH-01-2,ST-SH-01,SH,2026-01-17,4,4,0,0,4
CH-SH-01-3,ST-SH-01,SH,2026-01-17,4,4,0,0,4
CH-SH-02-1,ST-SH-02,SH,2026-01-17,11,10,1,1,11
CH-SH-02-2,ST-SH-02,SH,2026-01-17,12,12,0,0,12
CH-SH-02-3,ST-SH-02,SH,2026-01-17,4,4,0,0,4
CH-SH-03-1,ST-SH-03,SH,2026-01-17,14,13,1,1,14
CH-SH-03-2,ST-SH-03,SH,2026-01-17,3,3,0,0,3
CH-SH-03-3,ST-SH-03,SH,2026-01-17,2,2,0,0,2
CH-SH-04-1,ST-SH-04,SH,2026-01-17,16,15,1,1,16
CH-SH-04-2,ST-SH-04,SH,2026-01-17,18,18,0,0,17
CH-SH-04-3,ST-SH-04,SH,2026-01-17,7,6,1,1,7
CH-SH-05-1,ST-SH-05,SH,2026-01-17,5,5,0,0,5
CH-SH-05-2,ST-SH-05,SH,2026-01-17,8,6,2,1,8
CH-SH-05-3,ST-SH-05,SH,2026-01-17,2,2,0,0,2
CH-SY-01-1,ST-SY-01,SY,2026-01-17,6,5,1,1,6
CH-SY-01-2,ST-SY-01,SY,2026-01-17,5,5,0,0,5
CH-SY-01-3,ST-SY-01,SY,2026-01-17,3,3,0,0,3
CH-SY-02-1,ST-SY-02,SY,2026-01-17,11,9,2,1,11
CH-SY-02-2,ST-SY-02,SY,2026-01-17,10,10,0,0,10
CH-SY-02-3,ST-SY-02,SY,2026-01-17,4,4,0,0,4
CH-SY-03-1,ST-SY-03,SY,2026-01-17,8,8,0,0,8
CH-SY-03-2,ST-SY-03,SY,2026-01-17,2,2,0,0,2
CH-SY-03-3,ST-SY-03,SY,2026-01-17,2,2,0,0,2
CH-SY-04-1,ST-SY-04,SY,2026-01-17,16,15,1,1,16
CH-SY-04-2,ST-SY-04,SY,2026-01-17,15,14,1,1,15
CH-SY-04-3,ST-SY-04,SY,2026-01-17,4,4,0,0,4
CH-SY-05-1,ST-SY-05,SY,2026-01-17,3,3,0,0,3
CH-SY-05-2,ST-SY-05,SY,2026-01-17,6,6,0,0,6
CH-SY-05-3,ST-SY-05,SY,2026-01-17,3,3,0,0,3
CH-SZ-01-1,ST-SZ-01,SZ,2026-01-17,6,6,0,0,6
CH-SZ-01-2,ST-SZ-01,SZ,2026-01-17,4,4,0,0,4
CH-SZ-01-3,ST-SZ-01,SZ,2026-01-17,3,3,0,0,3
CH-SZ-02-1,ST-SZ-02,SZ,2026-01-17,10,9,1,1,10
CH-SZ-02-2,ST-SZ-02,SZ,2026-01-17,11,11,0,0,11
CH-SZ-02-3,ST-SZ-02,SZ,2026-01-17,5,5,0,0,5
CH-SZ-03-1,ST-SZ-03,SZ,2026-01-17,7,6,1,1,7
CH-SZ-03-2,ST-SZ-03,SZ,2026-01-17,2,2,0,0,2
CH-SZ-03-3,ST-SZ-03,SZ,2026-01-17,3,3,0,0,3
CH-SZ-04-1,ST-SZ-04,SZ,2026-01-17,12,11,1,1,12
CH-SZ-04-2,ST-SZ-04,SZ,2026-01-17,13,13,0,0,13
CH-SZ-04-3,ST-SZ-04,SZ,2026-01-17,7,7,0,0,7
CH-SZ-05-1,ST-SZ-05,SZ,2026-01-17,5,5,0,0,5
CH-SZ-05-2,ST-SZ-05,SZ,2026-01-17,9,9,0,0,9
CH-SZ-05-3,ST-SZ-05,SZ,2026-01-17,3,3,0,0,3
CH-BJ-01-1,ST-BJ-01,BJ,2026-01-18,4,4,0,0,4
CH-BJ-01-2,ST-BJ-01,BJ,2026-01-18,3,3,0,0,3
CH-BJ-01-3,ST-BJ-01,BJ,2026-01-18,1,1,0,0,1
CH-BJ-02-1,ST-BJ-02,BJ,2026-01-18,5,4,1,1,5
CH-BJ-02-2,ST-BJ-02,BJ,2026-01-18,9,8,1,1,9
CH-BJ-02-3,ST-BJ-02,BJ,2026-01-18,5,5,0,0,5
CH-BJ-03-1,ST-BJ-03,BJ,2026-01-18,5,5,0,0,5
CH-BJ-03-2,ST-BJ-03,BJ,2026-01-18,2,2,0,0,2
CH-BJ-03-3,ST-BJ-03,BJ,2026-01-18,2,2,0,0,2
CH-BJ-04-1,ST-BJ-04,BJ,2026-01-18,16,15,1,1,16
CH-BJ-04-2,ST-BJ-04,BJ,2026-01-18,22,22,0,0,22
CH-BJ-04-3,ST-BJ-04,BJ,2026-01-18,7,7,0,0,7
CH-BJ-05-1,ST-BJ-05,BJ,2026-01-18,4,4,0,0,4
CH-BJ-05-2,ST-BJ-05,BJ,2026-01-18,9,8,1,1,9
CH-BJ-05-3,ST-BJ-05,BJ,2026-01-18,3,3,0,0,3
CH-DL-01-1,ST-DL-01,DL,2026-01-18,6,6,0,0,6
CH-DL-01-2,ST-DL-01,DL,2026-01-18,6,6,0,0,6
CH-DL-01-3,ST-DL-01,DL,2026-01-18,4,4,0,0,4
CH-DL-02-1,ST-DL-02,DL,2026-01-18,9,9,0,0,9
CH-DL-02-2,ST-DL-02,DL,2026-01-18,15,15,0,0,15
CH-DL-02-3,ST-DL-02,DL,2026-01-18,5,5,0,0,5
CH-DL-03-1,ST-DL-03,DL,2026-01-18,8,8,0,0,8
CH-DL-03-2,ST-DL-03,DL,2026-01-18,1,1,0,0,1
CH-DL-03-3,ST-DL-03,DL,2026-01-18,1,1,0,0,1
CH-DL-04-1,ST-DL-04,DL,2026-01-18,14,13,1,1,14
CH-DL-04-2,ST-DL-04,DL,2026-01-18,16,16,0,0,16
CH-DL-04-3,ST-DL-04,DL,2026-01-18,5,5,0,0,5
CH-DL-05-1,ST-DL-05,DL,2026-01-18,6,4,2,1,6
CH-DL-05-2,ST-DL-05,DL,2026-01-18,4,4,0,0,4
CH-DL-05-3,ST-DL-05,DL,2026-01-18,3,3,0,0,3
CH-SH-01-1,ST-SH-01,SH,2026-01-18,2,2,0,0,2
CH-SH-01-2,ST-SH-01,SH,2026-01-18,4,4,0,0,4
CH-SH-01-3,ST-SH-01,SH,2026-01-18,4,4,0,0,4
CH-SH-02-1,ST-SH-02,SH,2026-01-18,11,10,1,1,11
CH-SH-02-2,ST-SH-02,SH,2026-01-18,14,14,0,0,14
CH-SH-02-3,ST-SH-02,SH,2026-01-18,4,4,0,0,4
CH-SH-03-1,ST-SH-03,SH,2026-01-18,10,9,1,1,10
CH-SH-03-2,ST-SH-03,SH,2026-01-18,1,1,0,0,1
CH-SH-03-3,ST-SH-03,SH,2026-01-18,2,2,0,0,2
CH-SH-04-1,ST-SH-04,SH,2026-01-18,10,10,0,0,10
CH-SH-04-2,ST-SH-04,SH,2026-01-18,14,14,0,0,14
CH-SH-04-3,ST-SH-04,SH,2026-01-18,4,4,0,0,4
CH-SH-05-1,ST-SH-05,SH,2026-01-18,4,3,1,1,4
CH-SH-05-2,ST-SH-05,SH,2026-01-18,5,5,0,0,5
CH-SH-05-3,ST-SH-05,SH,2026-01-18,3,3,0,0,3
CH-SY-01-1,ST-SY-01,SY,2026-01-18,6,5,1,1,6
CH-SY-01-2,ST-SY-01,SY,2026-01-18,4,4,0,0,4
CH-SY-01-3,ST-SY-01,SY,2026-01-18,4,4,0,0,4
CH-SY-02-1,ST-SY-02,SY,2026-01-18,8,8,0,0,8
CH-SY-02-2,ST-SY-02,SY,2026-01-18,9,9,0,0,9
CH-SY-02-3,ST-SY-02,SY,2026-01-18,4,4,0,0,4
CH-SY-03-1,ST-SY-03,SY,2026-01-18,5,5,0,0,5
CH-SY-03-2,ST-SY-03,SY,2026-01-18,2,2,0,0,2
CH-SY-03-3,ST-SY-03,SY,2026-01-18,2,2,0,0,2
CH-SY-04-1,ST-SY-04,SY,2026-01-18,13,12,1,1,13
CH-SY-04-2,ST-SY-04,SY,2026-01-18,19,19,0,0,19
CH-SY-04-3,ST-SY-04,SY,2026-01-18,5,5,0,0,5
CH-SY-05-1,ST-SY-05,SY,2026-01-18,5,4,1,1,5
CH-SY-05-2,ST-SY-05,SY,2026-01-18,3,3,0,0,3
CH-SY-05-3,ST-SY-05,SY,2026-01-18,4,4,0,0,4
CH-SZ-01-1,ST-SZ-01,SZ,2026-01-18,8,8,0,0,8
CH-SZ-01-2,ST-SZ-01,SZ,2026-01-18,9,9,0,0,9
CH-SZ-01-3,ST-SZ-01,SZ,2026-01-18,2,2,0,0,2
CH-SZ-02-1,ST-SZ-02,SZ,2026-01-18,13,13,0,0,13
CH-SZ-02-2,ST-SZ-02,SZ,2026-01-18,16,16,0,0,16
CH-SZ-02-3,ST-SZ-02,SZ,2026-01-18,6,6,0,0,6
CH-SZ-03-1,ST-SZ-03,SZ,2026-01-18,4,4,0,0,4
CH-SZ-03-2,ST-SZ-03,SZ,2026-01-18,3,3,0,0,3
CH-SZ-03-3,ST-SZ-03,SZ,2026-01-18,3,3,0,0,3
CH-SZ-04-1,ST-SZ-04,SZ,2026-01-18,13,13,0,0,13
CH-SZ-04-2,ST-SZ-04,SZ,2026-01-18,23,22,1,1,23
CH-SZ-04-3,ST-SZ-04,SZ,2026-01-18,6,6,0,0,5
CH-SZ-05-1,ST-SZ-05,SZ,2026-01-18,7,7,0,0,7
CH-SZ-05-2,ST-SZ-05,SZ,2026-01-18,7,7,0,0,7
CH-SZ-05-3,ST-SZ-05,SZ,2026-01-18,3,3,0,0,3
CH-BJ-01-1,ST-BJ-01,BJ,2026-01-19,7,7,0,0,7
CH-BJ-01-2,ST-BJ-01,BJ,2026-01-19,12,12,0,0,12
CH-BJ-01-3,ST-BJ-01,BJ,2026-01-19,4,4,0,0,4
CH-BJ-02-1,ST-BJ-02,BJ,2026-01-19,8,8,0,0,8
CH-BJ-02-2,ST-BJ-02,BJ,2026-01-19,13,12,1,1,13
CH-BJ-02-3,ST-BJ-02,BJ,2026-01-19,5,5,0,0,5
CH-BJ-03-1,ST-BJ-03,BJ,2026-01-19,6,6,0,0,6
CH-BJ-03-2,ST-BJ-03,BJ,2026-01-19,1,1,0,0,1
CH-BJ-03-3,ST-BJ-03,BJ,2026-01-19,1,1,0,0,1
CH-BJ-04-1,ST-BJ-04,BJ,2026-01-19,14,13,1,1,14
CH-BJ-04-2,ST-BJ-04,BJ,2026-01-19,18,18,0,0,18
CH-BJ-04-3,ST-BJ-04,BJ,2026-01-19,3,3,0,0,3
CH-BJ-05-1,ST-BJ-05,BJ,2026-01-19,11,11,0,0,11
CH-BJ-05-2,ST-BJ-05,BJ,2026-01-19,10,9,1,1,10
CH-BJ-05-3,ST-BJ-05,BJ,2026-01-19,4,4,0,0,4
CH-DL-01-1,ST-DL-01,DL,2026-01-19,10,10,0,0,10
CH-DL-01-2,ST-DL-01,DL,2026-01-19,11,11,0,0,11
CH-DL-01-3,ST-DL-01,DL,2026-01-19,3,3,0,0,3
CH-DL-02-1,ST-DL-02,DL,2026-01-19,11,10,1,1,11
CH-DL-02-2,ST-DL-02,DL,2026-01-19,13,12,1,1,13
CH-DL-02-3,ST-DL-02,DL,2026-01-19,4,4,0,0,4
CH-DL-03-1,ST-DL-03,DL,2026-01-19,10,9,1,1,10
CH-DL-03-2,ST-DL-03,DL,2026-01-19,3,3,0,0,3
CH-DL-03-3,ST-DL-03,DL,2026-01-19,1,1,0,0,1
CH-DL-04-1,ST-DL-04,DL,2026-01-19,17,17,0,0,16
CH-DL-04-2,ST-DL-04,DL,2026-01-19,18,18,0,0,18
CH-DL-04-3,ST-DL-04,DL,2026-01-19,7,7,0,0,7
CH-DL-05-1,ST-DL-05,DL,2026-01-19,8,8,0,0,8
CH-DL-05-2,ST-DL-05,DL,2026-01-19,8,8,0,0,8
CH-DL-05-3,ST-DL-05,DL,2026-01-19,4,4,0,0,4
CH-SH-01-1,ST-SH-01,SH,2026-01-19,12,11,1,1,12
CH-SH-01-2,ST-SH-01,SH,2026-01-19,10,10,0,0,10
CH-SH-01-3,ST-SH-01,SH,2026-01-19,5,5,0,0,5
CH-SH-02-1,ST-SH-02,SH,2026-01-19,12,12,0,0,12
CH-SH-02-2,ST-SH-02,SH,2026-01-19,15,15,0,0,15
CH-SH-02-3,ST-SH-02,SH,2026-01-19,6,6,0,0,6
CH-SH-03-1,ST-SH-03,SH,2026-01-19,6,6,0,0,6
CH-SH-03-2,ST-SH-03,SH,2026-01-19,2,2,0,0,2
CH-SH-03-3,ST-SH-03,SH,2026-01-19,3,3,0,0,3
CH-SH-04-1,ST-SH-04,SH,2026-01-19,17,16,1,1,16
CH-SH-04-2,ST-SH-04,SH,2026-01-19,16,16,0,0,16
CH-SH-04-3,ST-SH-04,SH,2026-01-19,4,4,0,0,4
CH-SH-05-1,ST-SH-05,SH,2026-01-19,6,5,1,1,6
CH-SH-05-2,ST-SH-05,SH,2026-01-19,9,9,0,0,9
CH-SH-05-3,ST-SH-05,SH,2026-01-19,4,4,0,0,4
CH-SY-01-1,ST-SY-01,SY,2026-01-19,7,6,1,1,7
CH-SY-01-2,ST-SY-01,SY,2026-01-19,8,8,0,0,8
CH-SY-01-3,ST-SY-01,SY,2026-01-19,4,4,0,0,4
CH-SY-02-1,ST-SY-02,SY,2026-01-19,12,11,1,1,12
CH-SY-02-2,ST-SY-02,SY,2026-01-19,9,8,1,1,9
CH-SY-02-3,ST-SY-02,SY,2026-01-19,5,5,0,0,5
CH-SY-03-1,ST-SY-03,SY,2026-01-19,8,8,0,0,8
CH-SY-03-2,ST-SY-03,SY,2026-01-19,2,2,0,0,2
CH-SY-03-3,ST-SY-03,SY,2026-01-19,2,2,0,0,2
CH-SY-04-1,ST-SY-04,SY,2026-01-19,13,13,0,0,12
CH-SY-04-2,ST-SY-04,SY,2026-01-19,15,15,0,0,15
CH-SY-04-3,ST-SY-04,SY,2026-01-19,3,3,0,0,3
CH-SY-05-1,ST-SY-05,SY,2026-01-19,4,4,0,0,4
CH-SY-05-2,ST-SY-05,SY,2026-01-19,6,5,1,1,6
CH-SY-05-3,ST-SY-05,SY,2026-01-19,2,2,0,0,2
CH-SZ-01-1,ST-SZ-01,SZ,2026-01-19,9,9,0,0,9
CH-SZ-01-2,ST-SZ-01,SZ,2026-01-19,11,11,0,0,11
CH-SZ-01-3,ST-SZ-01,SZ,2026-01-19,4,4,0,0,4
CH-SZ-02-1,ST-SZ-02,SZ,2026-01-19,13,13,0,0,13
CH-SZ-02-2,ST-SZ-02,SZ,2026-01-19,14,14,0,0,14
CH-SZ-02-3,ST-SZ-02,SZ,2026-01-19,4,4,0,0,4
CH-SZ-03-1,ST-SZ-03,SZ,2026-01-19,8,7,1,1,8
CH-SZ-03-2,ST-SZ-03,SZ,2026-01-19,2,2,0,0,2
CH-SZ-03-3,ST-SZ-03,SZ,2026-01-19,3,3,0,0,3
CH-SZ-04-1,ST-SZ-04,SZ,2026-01-19,14,14,0,0,14
CH-SZ-04-2,ST-SZ-04,SZ,2026-01-19,19,19,0,0,18
CH-SZ-04-3,ST-SZ-04,SZ,2026-01-19,5,5,0,0,5
CH-SZ-05-1,ST-SZ-05,SZ,2026-01-19,11,10,1,1,11
CH-SZ-05-2,ST-SZ-05,SZ,2026-01-19,15,15,0,0,15
CH-SZ-05-3,ST-SZ-05,SZ,2026-01-19,5,5,0,0,5
CH-BJ-01-1,ST-BJ-01,BJ,2026-01-20,8,8,0,0,8
CH-BJ-01-2,ST-BJ-01,BJ,2026-01-20,14,13,1,1,14
CH-BJ-01-3,ST-BJ-01,BJ,2026-01-20,5,5,0,0,5
CH-BJ-02-1,ST-BJ-02,BJ,2026-01-20,11,10,1,1,11
CH-BJ-02-2,ST-BJ-02,BJ,2026-01-20,14,13,1,1,14
CH-BJ-02-3,ST-BJ-02,BJ,2026-01-20,4,4,0,0,4
CH-BJ-03-1,ST-BJ-03,BJ,2026-01-20,7,7,0,0,7
CH-BJ-03-2,ST-BJ-03,BJ,2026-01-20,1,1,0,0,1
CH-BJ-03-3,ST-BJ-03,BJ,2026-01-20,3,3,0,0,3
CH-BJ-04-1,ST-BJ-04,BJ,2026-01-20,11,10,1,1,11
CH-BJ-04-2,ST-BJ-04,BJ,2026-01-20,18,18,0,0,18
CH-BJ-04-3,ST-BJ-04,BJ,2026-01-20,6,6,0,0,6
CH-BJ-05-1,ST-BJ-05,BJ,2026-01-20,9,9,0,0,9
CH-BJ-05-2,ST-BJ-05,BJ,2026-01-20,8,8,0,0,8
CH-BJ-05-3,ST-BJ-05,BJ,2026-01-20,4,4,0,0,4
CH-DL-01-1,ST-DL-01,DL,2026-01-20,6,6,0,0,6
CH-DL-01-2,ST-DL-01,DL,2026-01-20,7,7,0,0,7
CH-DL-01-3,ST-DL-01,DL,2026-01-20,5,5,0,0,5
CH-DL-02-1,ST-DL-02,DL,2026-01-20,10,10,0,0,10
CH-DL-02-2,ST-DL-02,DL,2026-01-20,12,11,1,1,12
CH-DL-02-3,ST-DL-02,DL,2026-01-20,6,5,1,1,6
CH-DL-03-1,ST-DL-03,DL,2026-01-20,9,7,2,1,9
CH-DL-03-2,ST-DL-03,DL,2026-01-20,2,2,0,0,2
CH-DL-03-3,ST-DL-03,DL,2026-01-20,4,4,0,0,4
CH-DL-04-1,ST-DL-04,DL,2026-01-20,19,16,3,1,17
CH-DL-04-2,ST-DL-04,DL,2026-01-20,22,21,1,1,21
CH-DL-04-3,ST-DL-04,DL,2026-01-20,6,5,1,1,6
CH-DL-05-1,ST-DL-05,DL,2026-01-20,11,9,2,1,11
CH-DL-05-2,ST-DL-05,DL,2026-01-20,11,11,0,0,11
CH-DL-05-3,ST-DL-05,DL,2026-01-20,5,5,0,0,5
CH-SH-01-1,ST-SH-01,SH,2026-01-20,11,10,1,1,11
CH-SH-01-2,ST-SH-01,SH,2026-01-20,10,9,1,1,10
CH-SH-01-3,ST-SH-01,SH,2026-01-20,5,5,0,0,5
CH-SH-02-1,ST-SH-02,SH,2026-01-20,11,11,0,0,11
CH-SH-02-2,ST-SH-02,SH,2026-01-20,20,20,0,0,20
CH-SH-02-3,ST-SH-02,SH,2026-01-20,6,6,0,0,6
CH-SH-03-1,ST-SH-03,SH,2026-01-20,8,8,0,0,8
CH-SH-03-2,ST-SH-03,SH,2026-01-20,2,2,0,0,2
CH-SH-03-3,ST-SH-03,SH,2026-01-20,3,3,0,0,3
CH-SH-04-1,ST-SH-04,SH,2026-01-20,9,9,0,0,9
CH-SH-04-2,ST-SH-04,SH,2026-01-20,16,14,2,1,15
CH-SH-04-3,ST-SH-04,SH,2026-01-20,2,2,0,0,2
CH-SH-05-1,ST-SH-05,SH,2026-01-20,12,12,0,0,12
CH-SH-05-2,ST-SH-05,SH,2026-01-20,11,11,0,0,11
CH-SH-05-3,ST-SH-05,SH,2026-01-20,3,3,0,0,3
CH-SY-01-1,ST-SY-01,SY,2026-01-20,8,8,0,0,8
CH-SY-01-2,ST-SY-01,SY,2026-01-20,8,7,1,1,8
CH-SY-01-3,ST-SY-01,SY,2026-01-20,3,3,0,0,3
CH-SY-02-1,ST-SY-02,SY,2026-01-20,13,13,0,0,13
CH-SY-02-2,ST-SY-02,SY,2026-01-20,10,10,0,0,10
CH-SY-02-3,ST-SY-02,SY,2026-01-20,5,5,0,0,5
CH-SY-03-1,ST-SY-03,SY,2026-01-20,9,7,2,1,9
CH-SY-03-2,ST-SY-03,SY,2026-01-20,3,3,0,0,3
CH-SY-03-3,ST-SY-03,SY,2026-01-20,2,2,0,0,2
CH-SY-04-1,ST-SY-04,SY,2026-01-20,16,15,1,1,16
CH-SY-04-2,ST-SY-04,SY,2026-01-20,15,14,1,1,15
CH-SY-04-3,ST-SY-04,SY,2026-01-20,5,4,1,1,5
CH-SY-05-1,ST-SY-05,SY,2026-01-20,6,5,1,1,6
CH-SY-05-2,ST-SY-05,SY,2026-01-20,7,7,0,0,7
CH-SY-05-3,ST-SY-05,SY,2026-01-20,4,4,0,0,4
CH-SZ-01-1,ST-SZ-01,SZ,2026-01-20,7,7,0,0,7
CH-SZ-01-2,ST-SZ-01,SZ,2026-01-20,10,10,0,0,10
CH-SZ-01-3,ST-SZ-01,SZ,2026-01-20,3,3,0,0,3
CH-SZ-02-1,ST-SZ-02,SZ,2026-01-20,10,9,1,1,10
CH-SZ-02-2,ST-SZ-02,SZ,2026-01-20,13,12,1,1,13
CH-SZ-02-3,ST-SZ-02,SZ,2026-01-20,4,4,0,0,4
CH-SZ-03-1,ST-SZ-03,SZ,2026-01-20,5,5,0,0,5
CH-SZ-03-2,ST-SZ-03,SZ,2026-01-20,3,3,0,0,3
CH-SZ-03-3,ST-SZ-03,SZ,2026-01-20,2,2,0,0,2
CH-SZ-04-1,ST-SZ-04,SZ,2026-01-20,23,23,0,0,23
CH-SZ-04-2,ST-SZ-04,SZ,2026-01-20,18,18,0,0,18
CH-SZ-04-3,ST-SZ-04,SZ,2026-01-20,6,6,0,0,6
CH-SZ-05-1,ST-SZ-05,SZ,2026-01-20,6,6,0,0,6
CH-SZ-05-2,ST-SZ-05,SZ,2026-01-20,10,10,0,0,10
CH-SZ-05-3,ST-SZ-05,SZ,2026-01-20,4,4,0,0,4
CH-BJ-01-1,ST-BJ-01,BJ,2026-01-21,10,9,1,1,10
CH-BJ-01-2,ST-BJ-01,BJ,2026-01-21,10,8,2,1,10
CH-BJ-01-3,ST-BJ-01,BJ,2026-01-21,5,5,0,0,5
CH-BJ-02-1,ST-BJ-02,BJ,2026-01-21,11,11,0,0,11
CH-BJ-02-2,ST-BJ-02,BJ,2026-01-21,15,15,0,0,15
CH-BJ-02-3,ST-BJ-02,BJ,2026-01-21,5,5,0,0,5
CH-BJ-03-1,ST-BJ-03,BJ,2026-01-21,6,6,0,0,6
CH-BJ-03-2,ST-BJ-03,BJ,2026-01-21,1,1,0,0,1
CH-BJ-03-3,ST-BJ-03,BJ,2026-01-21,2,2,0,0,2
CH-BJ-04-1,ST-BJ-04,BJ,2026-01-21,12,11,1,1,11
CH-BJ-04-2,ST-BJ-04,BJ,2026-01-21,16,16,0,0,16
CH-BJ-04-3,ST-BJ-04,BJ,2026-01-21,6,6,0,0,6
CH-BJ-05-1,ST-BJ-05,BJ,2026-01-21,9,7,2,1,9
CH-BJ-05-2,ST-BJ-05,BJ,2026-01-21,9,9,0,0,9
CH-BJ-05-3,ST-BJ-05,BJ,2026-01-21,4,4,0,0,4
CH-DL-01-1,ST-DL-01,DL,2026-01-21,8,7,1,1,8
CH-DL-01-2,ST-DL-01,DL,2026-01-21,14,13,1,1,14
CH-DL-01-3,ST-DL-01,DL,2026-01-21,3,3,0,0,3
CH-DL-02-1,ST-DL-02,DL,2026-01-21,9,8,1,1,9
CH-DL-02-2,ST-DL-02,DL,2026-01-21,13,13,0,0,13
CH-DL-02-3,ST-DL-02,DL,2026-01-21,4,4,0,0,4
CH-DL-03-1,ST-DL-03,DL,2026-01-21,10,9,1,1,10
CH-DL-03-2,ST-DL-03,DL,2026-01-21,2,2,0,0,2
CH-DL-03-3,ST-DL-03,DL,2026-01-21,2,2,0,0,2
CH-DL-04-1,ST-DL-04,DL,2026-01-21,15,15,0,0,15
CH-DL-04-2,ST-DL-04,DL,2026-01-21,17,17,0,0,17
CH-DL-04-3,ST-DL-04,DL,2026-01-21,5,5,0,0,5
CH-DL-05-1,ST-DL-05,DL,2026-01-21,8,7,1,1,8
CH-DL-05-2,ST-DL-05,DL,2026-01-21,9,9,0,0,9
CH-DL-05-3,ST-DL-05,DL,2026-01-21,5,4,1,1,5
CH-SH-01-1,ST-SH-01,SH,2026-01-21,11,10,1,1,11
CH-SH-01-2,ST-SH-01,SH,2026-01-21,10,10,0,0,10
CH-SH-01-3,ST-SH-01,SH,2026-01-21,2,2,0,0,2
CH-SH-02-1,ST-SH-02,SH,2026-01-21,7,7,0,0,7
CH-SH-02-2,ST-SH-02,SH,2026-01-21,11,11,0,0,11
CH-SH-02-3,ST-SH-02,SH,2026-01-21,5,5,0,0,5
CH-SH-03-1,ST-SH-03,SH,2026-01-21,8,7,1,1,8
CH-SH-03-2,ST-SH-03,SH,2026-01-21,3,3,0,0,3
CH-SH-03-3,ST-SH-03,SH,2026-01-21,2,2,0,0,2
CH-SH-04-1,ST-SH-04,SH,2026-01-21,11,11,0,0,10
CH-SH-04-2,ST-SH-04,SH,2026-01-21,19,18,1,1,19
CH-SH-04-3,ST-SH-04,SH,2026-01-21,5,5,0,0,5
CH-SH-05-1,ST-SH-05,SH,2026-01-21,9,7,2,1,9
CH-SH-05-2,ST-SH-05,SH,2026-01-21,8,8,0,0,8
CH-SH-05-3,ST-SH-05,SH,2026-01-21,3,3,0,0,3
CH-SY-01-1,ST-SY-01,SY,2026-01-21,7,6,1,1,7
CH-SY-01-2,ST-SY-01,SY,2026-01-21,8,7,1,1,8
CH-SY-01-3,ST-SY-01,SY,2026-01-21,3,3,0,0,3
CH-SY-02-1,ST-SY-02,SY,2026-01-21,10,8,2,1,10
CH-SY-02-2,ST-SY-02,SY,2026-01-21,13,13,0,0,13
CH-SY-02-3,ST-SY-02,SY,2026-01-21,4,4,0,0,4
CH-SY-03-1,ST-SY-03,SY,2026-01-21,7,7,0,0,7
CH-SY-03-2,ST-SY-03,SY,2026-01-21,3,3,0,0,3
CH-SY-03-3,ST-SY-03,SY,2026-01-21,2,2,0,0,2
CH-SY-04-1,ST-SY-04,SY,2026-01-21,12,12,0,0,12
CH-SY-04-2,ST-SY-04,SY,2026-01-21,11,11,0,0,11
CH-SY-04-3,ST-SY-04,SY,2026-01-21,6,5,1,1,6
CH-SY-05-1,ST-SY-05,SY,2026-01-21,6,5,1,1,6
CH-SY-05-2,ST-SY-05,SY,2026-01-21,11,11,0,0,11
CH-SY-05-3,ST-SY-05,SY,2026-01-21,3,3,0,0,3
CH-SZ-01-1,ST-SZ-01,SZ,2026-01-21,16,14,2,1,16
CH-SZ-01-2,ST-SZ-01,SZ,2026-01-21,10,10,0,0,10
CH-SZ-01-3,ST-SZ-01,SZ,2026-01-21,6,6,0,0,6
CH-SZ-02-1,ST-SZ-02,SZ,2026-01-21,12,10,2,1,12
CH-SZ-02-2,ST-SZ-02,SZ,2026-01-21,16,16,0,0,16
CH-SZ-02-3,ST-SZ-02,SZ,2026-01-21,6,6,0,0,6
CH-SZ-03-1,ST-SZ-03,SZ,2026-01-21,12,12,0,0,12
CH-SZ-03-2,ST-SZ-03,SZ,2026-01-21,3,3,0,0,3
CH-SZ-03-3,ST-SZ-03,SZ,2026-01-21,3,3,0,0,3
CH-SZ-04-1,ST-SZ-04,SZ,2026-01-21,15,13,2,1,15
CH-SZ-04-2,ST-SZ-04,SZ,2026-01-21,18,17,1,1,18
CH-SZ-04-3,ST-SZ-04,SZ,2026-01-21,5,5,0,0,5
CH-SZ-05-1,ST-SZ-05,SZ,2026-01-21,11,10,1,1,11
CH-SZ-05-2,ST-SZ-05,SZ,2026-01-21,7,7,0,0,7
CH-SZ-05-3,ST-SZ-05,SZ,2026-01-21,2,2,0,0,2
CH-BJ-01-1,ST-BJ-01,BJ,2026-01-22,7,7,0,0,7
CH-BJ-01-2,ST-BJ-01,BJ,2026-01-22,9,9,0,0,9
CH-BJ-01-3,ST-BJ-01,BJ,2026-01-22,3,3,0,0,3
CH-BJ-02-1,ST-BJ-02,BJ,2026-01-22,12,11,1,1,12
CH-BJ-02-2,ST-BJ-02,BJ,2026-01-22,13,13,0,0,13
CH-BJ-02-3,ST-BJ-02,BJ,2026-01-22,6,6,0,0,6
CH-BJ-03-1,ST-BJ-03,BJ,2026-01-22,7,7,0,0,7
CH-BJ-03-2,ST-BJ-03,BJ,2026-01-22,2,2,0,0,2
CH-BJ-03-3,ST-BJ-03,BJ,2026-01-22,2,2,0,0,2
CH-BJ-04-1,ST-BJ-04,BJ,2026-01-22,14,13,1,1,14
CH-BJ-04-2,ST-BJ-04,BJ,2026-01-22,18,18,0,0,18
CH-BJ-04-3,ST-BJ-04,BJ,2026-01-22,5,5,0,0,5
CH-BJ-05-1,ST-BJ-05,BJ,2026-01-22,5,5,0,0,5
CH-BJ-05-2,ST-BJ-05,BJ,2026-01-22,9,9,0,0,9
CH-BJ-05-3,ST-BJ-05,BJ,2026-01-22,4,4,0,0,4
CH-DL-01-1,ST-DL-01,DL,2026-01-22,12,11,1,1,12
CH-DL-01-2,ST-DL-01,DL,2026-01-22,11,10,1,1,11
CH-DL-01-3,ST-DL-01,DL,2026-01-22,5,5,0,0,5
CH-DL-02-1,ST-DL-02,DL,2026-01-22,12,11,1,1,12
CH-DL-02-2,ST-DL-02,DL,2026-01-22,13,13,0,0,13
CH-DL-02-3,ST-DL-02,DL,2026-01-22,4,3,1,1,4
CH-DL-03-1,ST-DL-03,DL,2026-01-22,7,6,1,1,7
CH-DL-03-2,ST-DL-03,DL,2026-01-22,2,2,0,0,2
CH-DL-03-3,ST-DL-03,DL,2026-01-22,3,3,0,0,3
CH-DL-04-1,ST-DL-04,DL,2026-01-22,15,15,0,0,15
CH-DL-04-2,ST-DL-04,DL,2026-01-22,22,21,1,1,22
CH-DL-04-3,ST-DL-04,DL,2026-01-22,6,6,0,0,5
CH-DL-05-1,ST-DL-05,DL,2026-01-22,8,8,0,0,8
CH-DL-05-2,ST-DL-05,DL,2026-01-22,6,6,0,0,6
CH-DL-05-3,ST-DL-05,DL,2026-01-22,3,3,0,0,3
CH-SH-01-1,ST-SH-01,SH,2026-01-22,10,8,2,1,10
CH-SH-01-2,ST-SH-01,SH,2026-01-22,7,6,1,1,7
CH-SH-01-3,ST-SH-01,SH,2026-01-22,3,3,0,0,3
CH-SH-02-1,ST-SH-02,SH,2026-01-22,8,8,0,0,8
CH-SH-02-2,ST-SH-02,SH,2026-01-22,12,12,0,0,12
CH-SH-02-3,ST-SH-02,SH,2026-01-22,4,4,0,0,4
CH-SH-03-1,ST-SH-03,SH,2026-01-22,9,8,1,1,9
CH-SH-03-2,ST-SH-03,SH,2026-01-22,3,3,0,0,3
CH-SH-03-3,ST-SH-03,SH,2026-01-22,3,3,0,0,3
CH-SH-04-1,ST-SH-04,SH,2026-01-22,12,10,2,1,12
CH-SH-04-2,ST-SH-04,SH,2026-01-22,17,17,0,0,17
CH-SH-04-3,ST-SH-04,SH,2026-01-22,3,3,0,0,3
CH-SH-05-1,ST-SH-05,SH,2026-01-22,5,5,0,0,5
CH-SH-05-2,ST-SH-05,SH,2026-01-22,9,8,1,1,9
CH-SH-05-3,ST-SH-05,SH,2026-01-22,4,4,0,0,4
CH-SY-01-1,ST-SY-01,SY,2026-01-22,7,7,0,0,7
CH-SY-01-2,ST-SY-01,SY,2026-01-22,13,12,1,1,13
CH-SY-01-3,ST-SY-01,SY,2026-01-22,5,5,0,0,5
CH-SY-02-1,ST-SY-02,SY,2026-01-22,9,8,1,1,9
CH-SY-02-2,ST-SY-02,SY,2026-01-22,11,11,0,0,11
CH-SY-02-3,ST-SY-02,SY,2026-01-22,4,4,0,0,4
CH-SY-03-1,ST-SY-03,SY,2026-01-22,5,5,0,0,5
CH-SY-03-2,ST-SY-03,SY,2026-01-22,3,3,0,0,3
CH-SY-03-3,ST-SY-03,SY,2026-01-22,2,2,0,0,2
CH-SY-04-1,ST-SY-04,SY,2026-01-22,16,15,1,1,15
CH-SY-04-2,ST-SY-04,SY,2026-01-22,16,16,0,0,16
CH-SY-04-3,ST-SY-04,SY,2026-01-22,5,5,0,0,5
CH-SY-05-1,ST-SY-05,SY,2026-01-22,4,4,0,0,4
CH-SY-05-2,ST-SY-05,SY,2026-01-22,4,4,0,0,4
CH-SY-05-3,ST-SY-05,SY,2026-01-22,4,4,0,0,4
CH-SZ-01-1,ST-SZ-01,SZ,2026-01-22,7,7,0,0,7
CH-SZ-01-2,ST-SZ-01,SZ,2026-01-22,12,12,0,0,12
CH-SZ-01-3,ST-SZ-01,SZ,2026-01-22,5,5,0,0,5
CH-SZ-02-1,ST-SZ-02,SZ,2026-01-22,9,9,0,0,9
CH-SZ-02-2,ST-SZ-02,SZ,2026-01-22,12,12,0,0,12
CH-SZ-02-3,ST-SZ-02,SZ,2026-01-22,4,4,0,0,4
CH-SZ-03-1,ST-SZ-03,SZ,2026-01-22,9,8,1,1,9
CH-SZ-03-2,ST-SZ-03,SZ,2026-01-22,3,3,0,0,3
CH-SZ-03-3,ST-SZ-03,SZ,2026-01-22,2,2,0,0,2
CH-SZ-04-1,ST-SZ-04,SZ,2026-01-22,11,11,0,0,11
CH-SZ-04-2,ST-SZ-04,SZ,2026-01-22,18,17,1,1,18
CH-SZ-04-3,ST-SZ-04,SZ,2026-01-22,6,6,0,0,6
CH-SZ-05-1,ST-SZ-05,SZ,2026-01-22,5,4,1,1,5
CH-SZ-05-2,ST-SZ-05,SZ,2026-01-22,10,10,0,0,10
CH-SZ-05-3,ST-SZ-05,SZ,2026-01-22,5,5,0,0,5
CH-BJ-01-1,ST-BJ-01,BJ,2026-01-23,8,8,0,0,8
CH-BJ-01-2,ST-BJ-01,BJ,2026-01-23,12,12,0,0,12
CH-BJ-01-3,ST-BJ-01,BJ,2026-01-23,4,4,0,0,4
CH-BJ-02-1,ST-BJ-02,BJ,2026-01-23,14,13,1,1,14
CH-BJ-02-2,ST-BJ-02,BJ,2026-01-23,14,14,0,0,14
CH-BJ-02-3,ST-BJ-02,BJ,2026-01-23,4,4,0,0,4
CH-BJ-03-1,ST-BJ-03,BJ,2026-01-23,8,8,0,0,8
CH-BJ-03-2,ST-BJ-03,BJ,2026-01-23,3,3,0,0,3
CH-BJ-03-3,ST-BJ-03,BJ,2026-01-23,4,4,0,0,4
CH-BJ-04-1,ST-BJ-04,BJ,2026-01-23,15,14,1,1,15
CH-BJ-04-2,ST-BJ-04,BJ,2026-01-23,19,19,0,0,19
CH-BJ-04-3,ST-BJ-04,BJ,2026-01-23,6,6,0,0,6
CH-BJ-05-1,ST-BJ-05,BJ,2026-01-23,8,8,0,0,8
CH-BJ-05-2,ST-BJ-05,BJ,2026-01-23,9,9,0,0,9
CH-BJ-05-3,ST-BJ-05,BJ,2026-01-23,4,4,0,0,4
CH-DL-01-1,ST-DL-01,DL,2026-01-23,8,8,0,0,8
CH-DL-01-2,ST-DL-01,DL,2026-01-23,11,11,0,0,11
CH-DL-01-3,ST-DL-01,DL,2026-01-23,5,5,0,0,5
CH-DL-02-1,ST-DL-02,DL,2026-01-23,11,11,0,0,11
CH-DL-02-2,ST-DL-02,DL,2026-01-23,14,14,0,0,14
CH-DL-02-3,ST-DL-02,DL,2026-01-23,3,3,0,0,3
CH-DL-03-1,ST-DL-03,DL,2026-01-23,9,8,1,1,9
CH-DL-03-2,ST-DL-03,DL,2026-01-23,3,3,0,0,3
CH-DL-03-3,ST-DL-03,DL,2026-01-23,2,2,0,0,2
CH-DL-04-1,ST-DL-04,DL,2026-01-23,15,12,3,1,14
CH-DL-04-2,ST-DL-04,DL,2026-01-23,23,20,3,1,23
CH-DL-04-3,ST-DL-04,DL,2026-01-23,5,4,1,1,5
CH-DL-05-1,ST-DL-05,DL,2026-01-23,10,8,2,1,10
CH-DL-05-2,ST-DL-05,DL,2026-01-23,8,7,1,1,8
CH-DL-05-3,ST-DL-05,DL,2026-01-23,4,4,0,0,4
CH-SH-01-1,ST-SH-01,SH,2026-01-23,8,8,0,0,8
CH-SH-01-2,ST-SH-01,SH,2026-01-23,8,8,0,0,8
CH-SH-01-3,ST-SH-01,SH,2026-01-23,4,4,0,0,4
CH-SH-02-1,ST-SH-02,SH,2026-01-23,9,9,0,0,9
CH-SH-02-2,ST-SH-02,SH,2026-01-23,14,14,0,0,14
CH-SH-02-3,ST-SH-02,SH,2026-01-23,5,5,0,0,5
CH-SH-03-1,ST-SH-03,SH,2026-01-23,4,4,0,0,4
CH-SH-03-2,ST-SH-03,SH,2026-01-23,1,1,0,0,1
CH-SH-03-3,ST-SH-03,SH,2026-01-23,3,3,0,0,3
CH-SH-04-1,ST-SH-04,SH,2026-01-23,12,12,0,0,12
CH-SH-04-2,ST-SH-04,SH,2026-01-23,16,15,1,1,16
CH-SH-04-3,ST-SH-04,SH,2026-01-23,4,3,1,1,4
CH-SH-05-1,ST-SH-05,SH,2026-01-23,8,8,0,0,8
CH-SH-05-2,ST-SH-05,SH,2026-01-23,11,11,0,0,11
CH-SH-05-3,ST-SH-05,SH,2026-01-23,6,5,1,1,6
CH-SY-01-1,ST-SY-01,SY,2026-01-23,5,5,0,0,5
CH-SY-01-2,ST-SY-01,SY,2026-01-23,8,8,0,0,8
CH-SY-01-3,ST-SY-01,SY,2026-01-23,4,4,0,0,4
CH-SY-02-1,ST-SY-02,SY,2026-01-23,9,9,0,0,9
CH-SY-02-2,ST-SY-02,SY,2026-01-23,12,12,0,0,12
CH-SY-02-3,ST-SY-02,SY,2026-01-23,3,3,0,0,3
CH-SY-03-1,ST-SY-03,SY,2026-01-23,8,7,1,1,8
CH-SY-03-2,ST-SY-03,SY,2026-01-23,3,3,0,0,3
CH-SY-03-3,ST-SY-03,SY,2026-01-23,4,4,0,0,4
CH-SY-04-1,ST-SY-04,SY,2026-01-23,15,13,2,1,15
CH-SY-04-2,ST-SY-04,SY,2026-01-23,19,18,1,1,19
CH-SY-04-3,ST-SY-04,SY,2026-01-23,4,4,0,0,4
CH-SY-05-1,ST-SY-05,SY,2026-01-23,6,6,0,0,6
CH-SY-05-2,ST-SY-05,SY,2026-01-23,8,8,0,0,8
CH-SY-05-3,ST-SY-05,SY,2026-01-23,5,5,0,0,5
CH-SZ-01-1,ST-SZ-01,SZ,2026-01-23,7,6,1,1,7
CH-SZ-01-2,ST-SZ-01,SZ,2026-01-23,11,11,0,0,11
CH-SZ-01-3,ST-SZ-01,SZ,2026-01-23,5,5,0,0,5
CH-SZ-02-1,ST-SZ-02,SZ,2026-01-23,8,8,0,0,8
CH-SZ-02-2,ST-SZ-02,SZ,2026-01-23,11,11,0,0,11
CH-SZ-02-3,ST-SZ-02,SZ,2026-01-23,4,4,0,0,4
CH-SZ-03-1,ST-SZ-03,SZ,2026-01-23,5,4,1,1,5
CH-SZ-03-2,ST-SZ-03,SZ,2026-01-23,3,3,0,0,3
CH-SZ-03-3,ST-SZ-03,SZ,2026-01-23,1,1,0,0,1
CH-SZ-04-1,ST-SZ-04,SZ,2026-01-23,12,11,1,1,12
CH-SZ-04-2,ST-SZ-04,SZ,2026-01-23,18,17,1,1,18
CH-SZ-04-3,ST-SZ-04,SZ,2026-01-23,3,3,0,0,3
CH-SZ-05-1,ST-SZ-05,SZ,2026-01-23,8,8,0,0,8
CH-SZ-05-2,ST-SZ-05,SZ,2026-01-23,11,10,1,1,11
CH-SZ-05-3,ST-SZ-05,SZ,2026-01-23,6,6,0,0,6
CH-BJ-01-1,ST-BJ-01,BJ,2026-01-24,3,3,0,0,3
CH-BJ-01-2,ST-BJ-01,BJ,2026-01-24,3,3,0,0,3
CH-BJ-01-3,ST-BJ-01,BJ,2026-01-24,2,2,0,0,2
CH-BJ-02-1,ST-BJ-02,BJ,2026-01-24,11,8,3,1,11
CH-BJ-02-2,ST-BJ-02,BJ,2026-01-24,14,12,2,1,14
CH-BJ-02-3,ST-BJ-02,BJ,2026-01-24,4,4,0,0,4
CH-BJ-03-1,ST-BJ-03,BJ,2026-01-24,9,9,0,0,9
CH-BJ-03-2,ST-BJ-03,BJ,2026-01-24,2,2,0,0,2
CH-BJ-03-3,ST-BJ-03,BJ,2026-01-24,3,3,0,0,3
CH-BJ-04-1,ST-BJ-04,BJ,2026-01-24,15,15,0,0,15
CH-BJ-04-2,ST-BJ-04,BJ,2026-01-24,19,19,0,0,19
CH-BJ-04-3,ST-BJ-04,BJ,2026-01-24,5,5,0,0,5
CH-BJ-05-1,ST-BJ-05,BJ,2026-01-24,8,6,2,1,8
CH-BJ-05-2,ST-BJ-05,BJ,2026-01-24,4,4,0,0,4
CH-BJ-05-3,ST-BJ-05,BJ,2026-01-24,3,3,0,0,3
CH-DL-01-1,ST-DL-01,DL,2026-01-24,6,6,0,0,6
CH-DL-01-2,ST-DL-01,DL,2026-01-24,3,2,1,1,3
CH-DL-01-3,ST-DL-01,DL,2026-01-24,3,3,0,0,3
CH-DL-02-1,ST-DL-02,DL,2026-01-24,13,13,0,0,13
CH-DL-02-2,ST-DL-02,DL,2026-01-24,15,15,0,0,15
CH-DL-02-3,ST-DL-02,DL,2026-01-24,4,4,0,0,4
CH-DL-03-1,ST-DL-03,DL,2026-01-24,10,9,1,1,10
CH-DL-03-2,ST-DL-03,DL,2026-01-24,3,3,0,0,3
CH-DL-03-3,ST-DL-03,DL,2026-01-24,3,3,0,0,3
CH-DL-04-1,ST-DL-04,DL,2026-01-24,18,17,1,1,18
CH-DL-04-2,ST-DL-04,DL,2026-01-24,20,20,0,0,19
CH-DL-04-3,ST-DL-04,DL,2026-01-24,5,5,0,0,5
CH-DL-05-1,ST-DL-05,DL,2026-01-24,7,6,1,1,7
CH-DL-05-2,ST-DL-05,DL,2026-01-24,9,7,2,1,9
CH-DL-05-3,ST-DL-05,DL,2026-01-24,3,3,0,0,3
CH-SH-01-1,ST-SH-01,SH,2026-01-24,3,3,0,0,3
CH-SH-01-2,ST-SH-01,SH,2026-01-24,3,3,0,0,3
CH-SH-01-3,ST-SH-01,SH,2026-01-24,3,3,0,0,3
CH-SH-02-1,ST-SH-02,SH,2026-01-24,18,16,2,1,18
CH-SH-02-2,ST-SH-02,SH,2026-01-24,14,14,0,0,14
CH-SH-02-3,ST-SH-02,SH,2026-01-24,3,3,0,0,3
CH-SH-03-1,ST-SH-03,SH,2026-01-24,2,2,0,0,2
CH-SH-03-2,ST-SH-03,SH,2026-01-24,1,1,0,0,1
CH-SH-03-3,ST-SH-03,SH,2026-01-24,3,3,0,0,3
CH-SH-04-1,ST-SH-04,SH,2026-01-24,15,15,0,0,15
CH-SH-04-2,ST-SH-04,SH,2026-01-24,18,18,0,0,18
CH-SH-04-3,ST-SH-04,SH,2026-01-24,4,4,0,0,4
CH-SH-05-1,ST-SH-05,SH,2026-01-24,5,4,1,1,5
CH-SH-05-2,ST-SH-05,SH,2026-01-24,5,5,0,0,5
CH-SH-05-3,ST-SH-05,SH,2026-01-24,3,3,0,0,3
CH-SY-01-1,ST-SY-01,SY,2026-01-24,4,4,0,0,4
CH-SY-01-2,ST-SY-01,SY,2026-01-24,5,5,0,0,5
CH-SY-01-3,ST-SY-01,SY,2026-01-24,3,3,0,0,3
CH-SY-02-1,ST-SY-02,SY,2026-01-24,9,9,0,0,9
CH-SY-02-2,ST-SY-02,SY,2026-01-24,13,13,0,0,13
CH-SY-02-3,ST-SY-02,SY,2026-01-24,5,4,1,1,5
CH-SY-03-1,ST-SY-03,SY,2026-01-24,5,5,0,0,5
CH-SY-03-2,ST-SY-03,SY,2026-01-24,4,4,0,0,4
CH-SY-03-3,ST-SY-03,SY,2026-01-24,2,2,0,0,2
CH-SY-04-1,ST-SY-04,SY,2026-01-24,15,15,0,0,15
CH-SY-04-2,ST-SY-04,SY,2026-01-24,16,16,0,0,16
CH-SY-04-3,ST-SY-04,SY,2026-01-24,5,5,0,0,5
CH-SY-05-1,ST-SY-05,SY,2026-01-24,6,6,0,0,6
CH-SY-05-2,ST-SY-05,SY,2026-01-24,8,8,0,0,8
CH-SY-05-3,ST-SY-05,SY,2026-01-24,5,5,0,0,5
CH-SZ-01-1,ST-SZ-01,SZ,2026-01-24,5,4,1,1,5
CH-SZ-01-2,ST-SZ-01,SZ,2026-01-24,5,5,0,0,5
CH-SZ-01-3,ST-SZ-01,SZ,2026-01-24,1,1,0,0,1
CH-SZ-02-1,ST-SZ-02,SZ,2026-01-24,13,12,1,1,13
CH-SZ-02-2,ST-SZ-02,SZ,2026-01-24,16,16,0,0,16
CH-SZ-02-3,ST-SZ-02,SZ,2026-01-24,5,5,0,0,5
CH-SZ-03-1,ST-SZ-03,SZ,2026-01-24,11,11,0,0,11
CH-SZ-03-2,ST-SZ-03,SZ,2026-01-24,3,3,0,0,3
CH-SZ-03-3,ST-SZ-03,SZ,2026-01-24,2,2,0,0,2
CH-SZ-04-1,ST-SZ-04,SZ,2026-01-24,16,15,1,1,16
CH-SZ-04-2,ST-SZ-04,SZ,2026-01-24,19,18,1,1,18
CH-SZ-04-3,ST-SZ-04,SZ,2026-01-24,5,5,0,0,5
CH-SZ-05-1,ST-SZ-05,SZ,2026-01-24,6,6,0,0,6
CH-SZ-05-2,ST-SZ-05,SZ,2026-01-24,3,3,0,0,3
CH-SZ-05-3,ST-SZ-05,SZ,2026-01-24,4,4,0,0,4
CH-BJ-01-1,ST-BJ-01,BJ,2026-01-25,5,5,0,0,5
CH-BJ-01-2,ST-BJ-01,BJ,2026-01-25,5,5,0,0,5
CH-BJ-01-3,ST-BJ-01,BJ,2026-01-25,4,4,0,0,4
CH-BJ-02-1,ST-BJ-02,BJ,2026-01-25,6,6,0,0,6
CH-BJ-02-2,ST-BJ-02,BJ,2026-01-25,10,9,1,1,10
CH-BJ-02-3,ST-BJ-02,BJ,2026-01-25,6,5,1,1,5
CH-BJ-03-1,ST-BJ-03,BJ,2026-01-25,9,9,0,0,9
CH-BJ-03-2,ST-BJ-03,BJ,2026-01-25,2,2,0,0,2
CH-BJ-03-3,ST-BJ-03,BJ,2026-01-25,2,2,0,0,2
CH-BJ-04-1,ST-BJ-04,BJ,2026-01-25,13,13,0,0,13
CH-BJ-04-2,ST-BJ-04,BJ,2026-01-25,17,17,0,0,17
CH-BJ-04-3,ST-BJ-04,BJ,2026-01-25,7,6,1,1,7
CH-BJ-05-1,ST-BJ-05,BJ,2026-01-25,5,4,1,1,5
CH-BJ-05-2,ST-BJ-05,BJ,2026-01-25,3,3,0,0,3
CH-BJ-05-3,ST-BJ-05,BJ,2026-01-25,3,3,0,0,3
CH-DL-01-1,ST-DL-01,DL,2026-01-25,4,4,0,0,4
CH-DL-01-2,ST-DL-01,DL,2026-01-25,6,5,1,1,6
CH-DL-01-3,ST-DL-01,DL,2026-01-25,2,2,0,0,2
CH-DL-02-1,ST-DL-02,DL,2026-01-25,12,11,1,1,12
CH-DL-02-2,ST-DL-02,DL,2026-01-25,12,12,0,0,12
CH-DL-02-3,ST-DL-02,DL,2026-01-25,5,5,0,0,5
CH-DL-03-1,ST-DL-03,DL,2026-01-25,9,9,0,0,9
CH-DL-03-2,ST-DL-03,DL,2026-01-25,3,3,0,0,3
CH-DL-03-3,ST-DL-03,DL,2026-01-25,3,3,0,0,3
CH-DL-04-1,ST-DL-04,DL,2026-01-25,15,15,0,0,15
CH-DL-04-2,ST-DL-04,DL,2026-01-25,19,19,0,0,19
CH-DL-04-3,ST-DL-04,DL,2026-01-25,5,5,0,0,5
CH-DL-05-1,ST-DL-05,DL,2026-01-25,5,4,1,1,5
CH-DL-05-2,ST-DL-05,DL,2026-01-25,8,8,0,0,8
CH-DL-05-3,ST-DL-05,DL,2026-01-25,4,4,0,0,4
CH-SH-01-1,ST-SH-01,SH,2026-01-25,2,2,0,0,2
CH-SH-01-2,ST-SH-01,SH,2026-01-25,3,3,0,0,3
CH-SH-01-3,ST-SH-01,SH,2026-01-25,3,3,0,0,3
CH-SH-02-1,ST-SH-02,SH,2026-01-25,6,6,0,0,6
CH-SH-02-2,ST-SH-02,SH,2026-01-25,15,15,0,0,15
CH-SH-02-3,ST-SH-02,SH,2026-01-25,5,5,0,0,5
CH-SH-03-1,ST-SH-03,SH,2026-01-25,10,10,0,0,10
CH-SH-03-2,ST-SH-03,SH,2026-01-25,3,3,0,0,3
CH-SH-03-3,ST-SH-03,SH,2026-01-25,3,3,0,0,3
CH-SH-04-1,ST-SH-04,SH,2026-01-25,10,10,0,0,10
CH-SH-04-2,ST-SH-04,SH,2026-01-25,19,19,0,0,19
CH-SH-04-3,ST-SH-04,SH,2026-01-25,4,3,1,1,4
CH-SH-05-1,ST-SH-05,SH,2026-01-25,6,5,1,1,6
CH-SH-05-2,ST-SH-05,SH,2026-01-25,7,7,0,0,7
CH-SH-05-3,ST-SH-05,SH,2026-01-25,4,4,0,0,4
CH-SY-01-1,ST-SY-01,SY,2026-01-25,5,4,1,1,5
CH-SY-01-2,ST-SY-01,SY,2026-01-25,7,6,1,1,7
CH-SY-01-3,ST-SY-01,SY,2026-01-25,2,2,0,0,2
CH-SY-02-1,ST-SY-02,SY,2026-01-25,11,10,1,1,11
CH-SY-02-2,ST-SY-02,SY,2026-01-25,9,9,0,0,9
CH-SY-02-3,ST-SY-02,SY,2026-01-25,3,3,0,0,3
CH-SY-03-1,ST-SY-03,SY,2026-01-25,5,4,1,1,5
CH-SY-03-2,ST-SY-03,SY,2026-01-25,1,1,0,0,1
CH-SY-03-3,ST-SY-03,SY,2026-01-25,5,5,0,0,5
CH-SY-04-1,ST-SY-04,SY,2026-01-25,10,10,0,0,10
CH-SY-04-2,ST-SY-04,SY,2026-01-25,14,13,1,1,14
CH-SY-04-3,ST-SY-04,SY,2026-01-25,4,4,0,0,4
CH-SY-05-1,ST-SY-05,SY,2026-01-25,2,2,0,0,2
CH-SY-05-2,ST-SY-05,SY,2026-01-25,3,3,0,0,3
CH-SY-05-3,ST-SY-05,SY,2026-01-25,4,4,0,0,4
CH-SZ-01-1,ST-SZ-01,SZ,2026-01-25,6,5,1,1,6
CH-SZ-01-2,ST-SZ-01,SZ,2026-01-25,3,3,0,0,3
CH-SZ-01-3,ST-SZ-01,SZ,2026-01-25,2,2,0,0,2
CH-SZ-02-1,ST-SZ-02,SZ,2026-01-25,13,12,1,1,13
CH-SZ-02-2,ST-SZ-02,SZ,2026-01-25,13,12,1,1,13
CH-SZ-02-3,ST-SZ-02,SZ,2026-01-25,6,5,1,1,6
CH-SZ-03-1,ST-SZ-03,SZ,2026-01-25,8,6,2,1,8
CH-SZ-03-2,ST-SZ-03,SZ,2026-01-25,2,2,0,0,2
CH-SZ-03-3,ST-SZ-03,SZ,2026-01-25,4,4,0,0,4
CH-SZ-04-1,ST-SZ-04,SZ,2026-01-25,11,11,0,0,11
CH-SZ-04-2,ST-SZ-04,SZ,2026-01-25,24,24,0,0,24
CH-SZ-04-3,ST-SZ-04,SZ,2026-01-25,5,5,0,0,5
CH-SZ-05-1,ST-SZ-05,SZ,2026-01-25,9,9,0,0,9
CH-SZ-05-2,ST-SZ-05,SZ,2026-01-25,8,8,0,0,8
CH-SZ-05-3,ST-SZ-05,SZ,2026-01-25,3,3,0,0,3
CH-BJ-01-1,ST-BJ-01,BJ,2026-01-26,10,9,1,1,10
CH-BJ-01-2,ST-BJ-01,BJ,2026-01-26,10,10,0,0,10
CH-BJ-01-3,ST-BJ-01,BJ,2026-01-26,3,3,0,0,3
CH-BJ-02-1,ST-BJ-02,BJ,2026-01-26,11,11,0,0,11
CH-BJ-02-2,ST-BJ-02,BJ,2026-01-26,14,14,0,0,14
CH-BJ-02-3,ST-BJ-02,BJ,2026-01-26,5,5,0,0,5
CH-BJ-03-1,ST-BJ-03,BJ,2026-01-26,10,9,1,1,10
CH-BJ-03-2,ST-BJ-03,BJ,2026-01-26,3,3,0,0,3
CH-BJ-03-3,ST-BJ-03,BJ,2026-01-26,3,3,0,0,3
CH-BJ-04-1,ST-BJ-04,BJ,2026-01-26,19,17,2,1,19
CH-BJ-04-2,ST-BJ-04,BJ,2026-01-26,24,24,0,0,23
CH-BJ-04-3,ST-BJ-04,BJ,2026-01-26,5,5,0,0,5
CH-BJ-05-1,ST-BJ-05,BJ,2026-01-26,9,9,0,0,9
CH-BJ-05-2,ST-BJ-05,BJ,2026-01-26,7,7,0,0,7
CH-BJ-05-3,ST-BJ-05,BJ,2026-01-26,4,4,0,0,4
CH-DL-01-1,ST-DL-01,DL,2026-01-26,7,7,0,0,7
CH-DL-01-2,ST-DL-01,DL,2026-01-26,12,11,1,1,12
CH-DL-01-3,ST-DL-01,DL,2026-01-26,3,3,0,0,3
CH-DL-02-1,ST-DL-02,DL,2026-01-26,9,9,0,0,9
CH-DL-02-2,ST-DL-02,DL,2026-01-26,12,11,1,1,12
CH-DL-02-3,ST-DL-02,DL,2026-01-26,6,5,1,1,6
CH-DL-03-1,ST-DL-03,DL,2026-01-26,9,9,0,0,9
CH-DL-03-2,ST-DL-03,DL,2026-01-26,3,3,0,0,3
CH-DL-03-3,ST-DL-03,DL,2026-01-26,3,3,0,0,3
CH-DL-04-1,ST-DL-04,DL,2026-01-26,14,14,0,0,14
CH-DL-04-2,ST-DL-04,DL,2026-01-26,20,19,1,1,20
CH-DL-04-3,ST-DL-04,DL,2026-01-26,6,6,0,0,6
CH-DL-05-1,ST-DL-05,DL,2026-01-26,5,5,0,0,5
CH-DL-05-2,ST-DL-05,DL,2026-01-26,10,10,0,0,10
CH-DL-05-3,ST-DL-05,DL,2026-01-26,6,6,0,0,6
CH-SH-01-1,ST-SH-01,SH,2026-01-26,7,5,2,1,7
CH-SH-01-2,ST-SH-01,SH,2026-01-26,4,4,0,0,4
CH-SH-01-3,ST-SH-01,SH,2026-01-26,3,3,0,0,3
CH-SH-02-1,ST-SH-02,SH,2026-01-26,11,10,1,1,11
CH-SH-02-2,ST-SH-02,SH,2026-01-26,11,11,0,0,11
CH-SH-02-3,ST-SH-02,SH,2026-01-26,2,2,0,0,2
CH-SH-03-1,ST-SH-03,SH,2026-01-26,8,8,0,0,8
CH-SH-03-2,ST-SH-03,SH,2026-01-26,3,3,0,0,3
CH-SH-03-3,ST-SH-03,SH,2026-01-26,2,2,0,0,2
CH-SH-04-1,ST-SH-04,SH,2026-01-26,9,9,0,0,9
CH-SH-04-2,ST-SH-04,SH,2026-01-26,18,18,0,0,16
CH-SH-04-3,ST-SH-04,SH,2026-01-26,4,4,0,0,4
CH-SH-05-1,ST-SH-05,SH,2026-01-26,7,7,0,0,7
CH-SH-05-2,ST-SH-05,SH,2026-01-26,5,5,0,0,5
CH-SH-05-3,ST-SH-05,SH,2026-01-26,3,3,0,0,3
CH-SY-01-1,ST-SY-01,SY,2026-01-26,8,7,1,1,8
CH-SY-01-2,ST-SY-01,SY,2026-01-26,10,10,0,0,10
CH-SY-01-3,ST-SY-01,SY,2026-01-26,3,3,0,0,3
CH-SY-02-1,ST-SY-02,SY,2026-01-26,9,9,0,0,9
CH-SY-02-2,ST-SY-02,SY,2026-01-26,14,14,0,0,14
CH-SY-02-3,ST-SY-02,SY,2026-01-26,3,3,0,0,3
CH-SY-03-1,ST-SY-03,SY,2026-01-26,4,4,0,0,4
CH-SY-03-2,ST-SY-03,SY,2026-01-26,1,1,0,0,1
CH-SY-03-3,ST-SY-03,SY,2026-01-26,2,2,0,0,2
CH-SY-04-1,ST-SY-04,SY,2026-01-26,11,11,0,0,11
CH-SY-04-2,ST-SY-04,SY,2026-01-26,22,22,0,0,22
CH-SY-04-3,ST-SY-04,SY,2026-01-26,4,4,0,0,4
CH-SY-05-1,ST-SY-05,SY,2026-01-26,8,6,2,1,8
CH-SY-05-2,ST-SY-05,SY,2026-01-26,7,7,0,0,7
CH-SY-05-3,ST-SY-05,SY,2026-01-26,5,5,0,0,5
CH-SZ-01-1,ST-SZ-01,SZ,2026-01-26,8,8,0,0,8
CH-SZ-01-2,ST-SZ-01,SZ,2026-01-26,9,9,0,0,9
CH-SZ-01-3,ST-SZ-01,SZ,2026-01-26,4,4,0,0,4
CH-SZ-02-1,ST-SZ-02,SZ,2026-01-26,12,12,0,0,12
CH-SZ-02-2,ST-SZ-02,SZ,2026-01-26,8,8,0,0,8
CH-SZ-02-3,ST-SZ-02,SZ,2026-01-26,3,3,0,0,3
CH-SZ-03-1,ST-SZ-03,SZ,2026-01-26,9,8,1,1,9
CH-SZ-03-2,ST-SZ-03,SZ,2026-01-26,2,2,0,0,2
CH-SZ-03-3,ST-SZ-03,SZ,2026-01-26,2,2,0,0,2
CH-SZ-04-1,ST-SZ-04,SZ,2026-01-26,14,13,1,1,13
CH-SZ-04-2,ST-SZ-04,SZ,2026-01-26,17,17,0,0,17
CH-SZ-04-3,ST-SZ-04,SZ,2026-01-26,4,4,0,0,4
CH-SZ-05-1,ST-SZ-05,SZ,2026-01-26,10,9,1,1,10
CH-SZ-05-2,ST-SZ-05,SZ,2026-01-26,15,14,1,1,15
CH-SZ-05-3,ST-SZ-05,SZ,2026-01-26,4,4,0,0,4
CH-BJ-01-1,ST-BJ-01,BJ,2026-01-27,10,8,2,1,10
CH-BJ-01-2,ST-BJ-01,BJ,2026-01-27,11,10,1,1,11
CH-BJ-01-3,ST-BJ-01,BJ,2026-01-27,5,5,0,0,5
CH-BJ-02-1,ST-BJ-02,BJ,2026-01-27,9,7,2,1,9
CH-BJ-02-2,ST-BJ-02,BJ,2026-01-27,12,11,1,1,12
CH-BJ-02-3,ST-BJ-02,BJ,2026-01-27,3,3,0,0,3
CH-BJ-03-1,ST-BJ-03,BJ,2026-01-27,5,5,0,0,5
CH-BJ-03-2,ST-BJ-03,BJ,2026-01-27,2,2,0,0,2
CH-BJ-03-3,ST-BJ-03,BJ,2026-01-27,3,3,0,0,3
CH-BJ-04-1,ST-BJ-04,BJ,2026-01-27,12,11,1,1,11
CH-BJ-04-2,ST-BJ-04,BJ,2026-01-27,18,17,1,1,18
CH-BJ-04-3,ST-BJ-04,BJ,2026-01-27,4,4,0,0,4
CH-BJ-05-1,ST-BJ-05,BJ,2026-01-27,6,6,0,0,6
CH-BJ-05-2,ST-BJ-05,BJ,2026-01-27,8,8,0,0,8
CH-BJ-05-3,ST-BJ-05,BJ,2026-01-27,4,4,0,0,4
CH-DL-01-1,ST-DL-01,DL,2026-01-27,10,10,0,0,10
CH-DL-01-2,ST-DL-01,DL,2026-01-27,8,8,0,0,8
CH-DL-01-3,ST-DL-01,DL,2026-01-27,3,3,0,0,3
CH-DL-02-1,ST-DL-02,DL,2026-01-27,11,11,0,0,11
CH-DL-02-2,ST-DL-02,DL,2026-01-27,12,12,0,0,12
CH-DL-02-3,ST-DL-02,DL,2026-01-27,5,5,0,0,5
CH-DL-03-1,ST-DL-03,DL,2026-01-27,9,9,0,0,9
CH-DL-03-2,ST-DL-03,DL,2026-01-27,2,2,0,0,2
CH-DL-03-3,ST-DL-03,DL,2026-01-27,2,2,0,0,2
CH-DL-04-1,ST-DL-04,DL,2026-01-27,16,16,0,0,15
CH-DL-04-2,ST-DL-04,DL,2026-01-27,19,18,1,1,17
CH-DL-04-3,ST-DL-04,DL,2026-01-27,3,3,0,0,3
CH-DL-05-1,ST-DL-05,DL,2026-01-27,7,6,1,1,7
CH-DL-05-2,ST-DL-05,DL,2026-01-27,12,12,0,0,12
CH-DL-05-3,ST-DL-05,DL,2026-01-27,3,3,0,0,3
CH-SH-01-1,ST-SH-01,SH,2026-01-27,8,7,1,1,8
CH-SH-01-2,ST-SH-01,SH,2026-01-27,7,7,0,0,7
CH-SH-01-3,ST-SH-01,SH,2026-01-27,4,4,0,0,4
CH-SH-02-1,ST-SH-02,SH,2026-01-27,13,13,0,0,13
CH-SH-02-2,ST-SH-02,SH,2026-01-27,12,11,1,1,12
CH-SH-02-3,ST-SH-02,SH,2026-01-27,3,3,0,0,3
CH-SH-03-1,ST-SH-03,SH,2026-01-27,3,3,0,0,3
CH-SH-03-2,ST-SH-03,SH,2026-01-27,2,2,0,0,2
CH-SH-03-3,ST-SH-03,SH,2026-01-27,3,2,1,1,3
CH-SH-04-1,ST-SH-04,SH,2026-01-27,17,15,2,1,17
CH-SH-04-2,ST-SH-04,SH,2026-01-27,18,18,0,0,18
CH-SH-04-3,ST-SH-04,SH,2026-01-27,6,5,1,1,6
CH-SH-05-1,ST-SH-05,SH,2026-01-27,6,6,0,0,6
CH-SH-05-2,ST-SH-05,SH,2026-01-27,9,9,0,0,9
CH-SH-05-3,ST-SH-05,SH,2026-01-27,3,3,0,0,3
CH-SY-01-1,ST-SY-01,SY,2026-01-27,11,10,1,1,11
CH-SY-01-2,ST-SY-01,SY,2026-01-27,10,10,0,0,10
CH-SY-01-3,ST-SY-01,SY,2026-01-27,6,6,0,0,6
CH-SY-02-1,ST-SY-02,SY,2026-01-27,13,11,2,1,13
CH-SY-02-2,ST-SY-02,SY,2026-01-27,9,9,0,0,9
CH-SY-02-3,ST-SY-02,SY,2026-01-27,5,5,0,0,5
CH-SY-03-1,ST-SY-03,SY,2026-01-27,8,8,0,0,8
CH-SY-03-2,ST-SY-03,SY,2026-01-27,3,3,0,0,3
CH-SY-03-3,ST-SY-03,SY,2026-01-27,4,4,0,0,4
CH-SY-04-1,ST-SY-04,SY,2026-01-27,14,12,2,1,14
CH-SY-04-2,ST-SY-04,SY,2026-01-27,18,16,2,1,17
CH-SY-04-3,ST-SY-04,SY,2026-01-27,5,5,0,0,5
CH-SY-05-1,ST-SY-05,SY,2026-01-27,8,8,0,0,8
CH-SY-05-2,ST-SY-05,SY,2026-01-27,7,7,0,0,7
CH-SY-05-3,ST-SY-05,SY,2026-01-27,2,2,0,0,2
CH-SZ-01-1,ST-SZ-01,SZ,2026-01-27,9,9,0,0,9
CH-SZ-01-2,ST-SZ-01,SZ,2026-01-27,11,11,0,0,11
CH-SZ-01-3,ST-SZ-01,SZ,2026-01-27,3,3,0,0,3
CH-SZ-02-1,ST-SZ-02,SZ,2026-01-27,12,11,1,1,12
CH-SZ-02-2,ST-SZ-02,SZ,2026-01-27,11,11,0,0,11
CH-SZ-02-3,ST-SZ-02,SZ,2026-01-27,4,4,0,0,4
CH-SZ-03-1,ST-SZ-03,SZ,2026-01-27,10,8,2,1,10
CH-SZ-03-2,ST-SZ-03,SZ,2026-01-27,3,3,0,0,3
CH-SZ-03-3,ST-SZ-03,SZ,2026-01-27,3,3,0,0,3
CH-SZ-04-1,ST-SZ-04,SZ,2026-01-27,19,19,0,0,19
CH-SZ-04-2,ST-SZ-04,SZ,2026-01-27,24,24,0,0,23
CH-SZ-04-3,ST-SZ-04,SZ,2026-01-27,6,6,0,0,6
CH-SZ-05-1,ST-SZ-05,SZ,2026-01-27,11,11,0,0,11
CH-SZ-05-2,ST-SZ-05,SZ,2026-01-27,9,9,0,0,9
CH-SZ-05-3,ST-SZ-05,SZ,2026-01-27,5,5,0,0,5
CH-BJ-01-1,ST-BJ-01,BJ,2026-01-28,7,6,1,1,7
CH-BJ-01-2,ST-BJ-01,BJ,2026-01-28,8,8,0,0,8
CH-BJ-01-3,ST-BJ-01,BJ,2026-01-28,4,4,0,0,4
CH-BJ-02-1,ST-BJ-02,BJ,2026-01-28,9,9,0,0,9
CH-BJ-02-2,ST-BJ-02,BJ,2026-01-28,13,12,1,1,13
CH-BJ-02-3,ST-BJ-02,BJ,2026-01-28,2,2,0,0,2
CH-BJ-03-1,ST-BJ-03,BJ,2026-01-28,10,9,1,1,10
CH-BJ-03-2,ST-BJ-03,BJ,2026-01-28,1,1,0,0,1
CH-BJ-03-3,ST-BJ-03,BJ,2026-01-28,3,3,0,0,3
CH-BJ-04-1,ST-BJ-04,BJ,2026-01-28,18,17,1,1,17
CH-BJ-04-2,ST-BJ-04,BJ,2026-01-28,22,21,1,1,22
CH-BJ-04-3,ST-BJ-04,BJ,2026-01-28,6,6,0,0,6
CH-BJ-05-1,ST-BJ-05,BJ,2026-01-28,5,5,0,0,5
CH-BJ-05-2,ST-BJ-05,BJ,2026-01-28,8,8,0,0,8
CH-BJ-05-3,ST-BJ-05,BJ,2026-01-28,4,3,1,1,4
CH-DL-01-1,ST-DL-01,DL,2026-01-28,9,9,0,0,9
CH-DL-01-2,ST-DL-01,DL,2026-01-28,14,14,0,0,14
CH-DL-01-3,ST-DL-01,DL,2026-01-28,3,3,0,0,3
CH-DL-02-1,ST-DL-02,DL,2026-01-28,7,7,0,0,7
CH-DL-02-2,ST-DL-02,DL,2026-01-28,11,11,0,0,11
CH-DL-02-3,ST-DL-02,DL,2026-01-28,5,5,0,0,5
CH-DL-03-1,ST-DL-03,DL,2026-01-28,6,6,0,0,6
CH-DL-03-2,ST-DL-03,DL,2026-01-28,2,2,0,0,2
CH-DL-03-3,ST-DL-03,DL,2026-01-28,3,3,0,0,3
CH-DL-04-1,ST-DL-04,DL,2026-01-28,15,15,0,0,14
CH-DL-04-2,ST-DL-04,DL,2026-01-28,13,13,0,0,13
CH-DL-04-3,ST-DL-04,DL,2026-01-28,5,5,0,0,5
CH-DL-05-1,ST-DL-05,DL,2026-01-28,9,8,1,1,9
CH-DL-05-2,ST-DL-05,DL,2026-01-28,10,10,0,0,10
CH-DL-05-3,ST-DL-05,DL,2026-01-28,5,5,0,0,5
CH-SH-01-1,ST-SH-01,SH,2026-01-28,8,8,0,0,8
CH-SH-01-2,ST-SH-01,SH,2026-01-28,9,8,1,1,9
CH-SH-01-3,ST-SH-01,SH,2026-01-28,4,4,0,0,4
CH-SH-02-1,ST-SH-02,SH,2026-01-28,11,10,1,1,11
CH-SH-02-2,ST-SH-02,SH,2026-01-28,11,11,0,0,11
CH-SH-02-3,ST-SH-02,SH,2026-01-28,5,5,0,0,5
CH-SH-03-1,ST-SH-03,SH,2026-01-28,8,8,0,0,8
CH-SH-03-2,ST-SH-03,SH,2026-01-28,3,3,0,0,3
CH-SH-03-3,ST-SH-03,SH,2026-01-28,2,2,0,0,2
CH-SH-04-1,ST-SH-04,SH,2026-01-28,18,17,1,1,17
CH-SH-04-2,ST-SH-04,SH,2026-01-28,21,21,0,0,20
CH-SH-04-3,ST-SH-04,SH,2026-01-28,4,4,0,0,4
CH-SH-05-1,ST-SH-05,SH,2026-01-28,6,6,0,0,6
CH-SH-05-2,ST-SH-05,SH,2026-01-28,8,8,0,0,8
CH-SH-05-3,ST-SH-05,SH,2026-01-28,3,3,0,0,3
CH-SY-01-1,ST-SY-01,SY,2026-01-28,10,10,0,0,10
CH-SY-01-2,ST-SY-01,SY,2026-01-28,8,8,0,0,8
CH-SY-01-3,ST-SY-01,SY,2026-01-28,5,5,0,0,5
CH-SY-02-1,ST-SY-02,SY,2026-01-28,7,7,0,0,7
CH-SY-02-2,ST-SY-02,SY,2026-01-28,11,11,0,0,11
CH-SY-02-3,ST-SY-02,SY,2026-01-28,2,2,0,0,2
CH-SY-03-1,ST-SY-03,SY,2026-01-28,7,7,0,0,7
CH-SY-03-2,ST-SY-03,SY,2026-01-28,2,2,0,0,2
CH-SY-03-3,ST-SY-03,SY,2026-01-28,2,2,0,0,2
CH-SY-04-1,ST-SY-04,SY,2026-01-28,14,12,2,1,11
CH-SY-04-2,ST-SY-04,SY,2026-01-28,24,20,4,1,23
CH-SY-04-3,ST-SY-04,SY,2026-01-28,6,6,0,0,6
CH-SY-05-1,ST-SY-05,SY,2026-01-28,7,7,0,0,7
CH-SY-05-2,ST-SY-05,SY,2026-01-28,11,11,0,0,11
CH-SY-05-3,ST-SY-05,SY,2026-01-28,6,6,0,0,6
CH-SZ-01-1,ST-SZ-01,SZ,2026-01-28,9,8,1,1,9
CH-SZ-01-2,ST-SZ-01,SZ,2026-01-28,10,10,0,0,10
CH-SZ-01-3,ST-SZ-01,SZ,2026-01-28,3,3,0,0,3
CH-SZ-02-1,ST-SZ-02,SZ,2026-01-28,14,13,1,1,14
CH-SZ-02-2,ST-SZ-02,SZ,2026-01-28,10,10,0,0,10
CH-SZ-02-3,ST-SZ-02,SZ,2026-01-28,3,3,0,0,3
CH-SZ-03-1,ST-SZ-03,SZ,2026-01-28,7,6,1,1,7
CH-SZ-03-2,ST-SZ-03,SZ,2026-01-28,2,2,0,0,2
CH-SZ-03-3,ST-SZ-03,SZ,2026-01-28,2,2,0,0,2
CH-SZ-04-1,ST-SZ-04,SZ,2026-01-28,15,15,0,0,15
CH-SZ-04-2,ST-SZ-04,SZ,2026-01-28,23,23,0,0,23
CH-SZ-04-3,ST-SZ-04,SZ,2026-01-28,3,3,0,0,3
CH-SZ-05-1,ST-SZ-05,SZ,2026-01-28,10,8,2,1,10
CH-SZ-05-2,ST-SZ-05,SZ,2026-01-28,9,9,0,0,9
CH-SZ-05-3,ST-SZ-05,SZ,2026-01-28,5,5,0,0,5
CH-BJ-01-1,ST-BJ-01,BJ,2026-01-29,5,5,0,0,5
CH-BJ-01-2,ST-BJ-01,BJ,2026-01-29,9,9,0,0,9
CH-BJ-01-3,ST-BJ-01,BJ,2026-01-29,4,4,0,0,4
CH-BJ-02-1,ST-BJ-02,BJ,2026-01-29,12,12,0,0,12
CH-BJ-02-2,ST-BJ-02,BJ,2026-01-29,10,10,0,0,10
CH-BJ-02-3,ST-BJ-02,BJ,2026-01-29,4,4,0,0,4
CH-BJ-03-1,ST-BJ-03,BJ,2026-01-29,5,5,0,0,5
CH-BJ-03-2,ST-BJ-03,BJ,2026-01-29,2,2,0,0,2
CH-BJ-03-3,ST-BJ-03,BJ,2026-01-29,1,1,0,0,1
CH-BJ-04-1,ST-BJ-04,BJ,2026-01-29,14,14,0,0,12
CH-BJ-04-2,ST-BJ-04,BJ,2026-01-29,17,16,1,1,17
CH-BJ-04-3,ST-BJ-04,BJ,2026-01-29,4,4,0,0,4
CH-BJ-05-1,ST-BJ-05,BJ,2026-01-29,7,7,0,0,7
CH-BJ-05-2,ST-BJ-05,BJ,2026-01-29,11,11,0,0,11
CH-BJ-05-3,ST-BJ-05,BJ,2026-01-29,5,5,0,0,5
CH-DL-01-1,ST-DL-01,DL,2026-01-29,12,9,3,1,12
CH-DL-01-2,ST-DL-01,DL,2026-01-29,10,10,0,0,10
CH-DL-01-3,ST-DL-01,DL,2026-01-29,3,3,0,0,3
CH-DL-02-1,ST-DL-02,DL,2026-01-29,8,8,0,0,8
CH-DL-02-2,ST-DL-02,DL,2026-01-29,9,9,0,0,9
CH-DL-02-3,ST-DL-02,DL,2026-01-29,6,6,0,0,6
CH-DL-03-1,ST-DL-03,DL,2026-01-29,6,5,1,1,6
CH-DL-03-2,ST-DL-03,DL,2026-01-29,2,2,0,0,2
CH-DL-03-3,ST-DL-03,DL,2026-01-29,2,2,0,0,2
CH-DL-04-1,ST-DL-04,DL,2026-01-29,10,10,0,0,10
CH-DL-04-2,ST-DL-04,DL,2026-01-29,15,15,0,0,14
CH-DL-04-3,ST-DL-04,DL,2026-01-29,5,5,0,0,5
CH-DL-05-1,ST-DL-05,DL,2026-01-29,9,7,2,1,9
CH-DL-05-2,ST-DL-05,DL,2026-01-29,5,5,0,0,5
CH-DL-05-3,ST-DL-05,DL,2026-01-29,4,4,0,0,4
CH-SH-01-1,ST-SH-01,SH,2026-01-29,10,10,0,0,10
CH-SH-01-2,ST-SH-01,SH,2026-01-29,12,12,0,0,12
CH-SH-01-3,ST-SH-01,SH,2026-01-29,3,3,0,0,3
CH-SH-02-1,ST-SH-02,SH,2026-01-29,11,11,0,0,11
CH-SH-02-2,ST-SH-02,SH,2026-01-29,14,14,0,0,14
CH-SH-02-3,ST-SH-02,SH,2026-01-29,6,6,0,0,6
CH-SH-03-1,ST-SH-03,SH,2026-01-29,9,9,0,0,9
CH-SH-03-2,ST-SH-03,SH,2026-01-29,2,2,0,0,2
CH-SH-03-3,ST-SH-03,SH,2026-01-29,4,4,0,0,4
CH-SH-04-1,ST-SH-04,SH,2026-01-29,11,11,0,0,11
CH-SH-04-2,ST-SH-04,SH,2026-01-29,22,20,2,1,21
CH-SH-04-3,ST-SH-04,SH,2026-01-29,5,5,0,0,5
CH-SH-05-1,ST-SH-05,SH,2026-01-29,9,8,1,1,9
CH-SH-05-2,ST-SH-05,SH,2026-01-29,10,10,0,0,10
CH-SH-05-3,ST-SH-05,SH,2026-01-29,4,4,0,0,4
CH-SY-01-1,ST-SY-01,SY,2026-01-29,7,7,0,0,7
CH-SY-01-2,ST-SY-01,SY,2026-01-29,10,10,0,0,10
CH-SY-01-3,ST-SY-01,SY,2026-01-29,5,5,0,0,5
CH-SY-02-1,ST-SY-02,SY,2026-01-29,10,9,1,1,10
CH-SY-02-2,ST-SY-02,SY,2026-01-29,12,12,0,0,12
CH-SY-02-3,ST-SY-02,SY,2026-01-29,5,5,0,0,5
CH-SY-03-1,ST-SY-03,SY,2026-01-29,8,8,0,0,8
CH-SY-03-2,ST-SY-03,SY,2026-01-29,5,4,1,1,5
CH-SY-03-3,ST-SY-03,SY,2026-01-29,3,3,0,0,3
CH-SY-04-1,ST-SY-04,SY,2026-01-29,12,12,0,0,11
CH-SY-04-2,ST-SY-04,SY,2026-01-29,20,19,1,1,20
CH-SY-04-3,ST-SY-04,SY,2026-01-29,5,5,0,0,5
CH-SY-05-1,ST-SY-05,SY,2026-01-29,9,9,0,0,9
CH-SY-05-2,ST-SY-05,SY,2026-01-29,11,11,0,0,11
CH-SY-05-3,ST-SY-05,SY,2026-01-29,4,4,0,0,4
CH-SZ-01-1,ST-SZ-01,SZ,2026-01-29,13,11,2,1,13
CH-SZ-01-2,ST-SZ-01,SZ,2026-01-29,12,11,1,1,12
CH-SZ-01-3,ST-SZ-01,SZ,2026-01-29,6,6,0,0,6
CH-SZ-02-1,ST-SZ-02,SZ,2026-01-29,11,10,1,1,11
CH-SZ-02-2,ST-SZ-02,SZ,2026-01-29,17,15,2,1,17
CH-SZ-02-3,ST-SZ-02,SZ,2026-01-29,4,4,0,0,4
CH-SZ-03-1,ST-SZ-03,SZ,2026-01-29,4,4,0,0,4
CH-SZ-03-2,ST-SZ-03,SZ,2026-01-29,2,2,0,0,2
CH-SZ-03-3,ST-SZ-03,SZ,2026-01-29,3,3,0,0,3
CH-SZ-04-1,ST-SZ-04,SZ,2026-01-29,13,13,0,0,12
CH-SZ-04-2,ST-SZ-04,SZ,2026-01-29,18,17,1,1,18
CH-SZ-04-3,ST-SZ-04,SZ,2026-01-29,4,4,0,0,4
CH-SZ-05-1,ST-SZ-05,SZ,2026-01-29,13,12,1,1,13
CH-SZ-05-2,ST-SZ-05,SZ,2026-01-29,8,8,0,0,8
CH-SZ-05-3,ST-SZ-05,SZ,2026-01-29,3,3,0,0,3
CH-BJ-01-1,ST-BJ-01,BJ,2026-01-30,8,8,0,0,8
CH-BJ-01-2,ST-BJ-01,BJ,2026-01-30,12,12,0,0,12
CH-BJ-01-3,ST-BJ-01,BJ,2026-01-30,5,5,0,0,5
CH-BJ-02-1,ST-BJ-02,BJ,2026-01-30,11,10,1,1,11
CH-BJ-02-2,ST-BJ-02,BJ,2026-01-30,16,16,0,0,16
CH-BJ-02-3,ST-BJ-02,BJ,2026-01-30,4,4,0,0,4
CH-BJ-03-1,ST-BJ-03,BJ,2026-01-30,11,11,0,0,11
CH-BJ-03-2,ST-BJ-03,BJ,2026-01-30,3,3,0,0,3
CH-BJ-03-3,ST-BJ-03,BJ,2026-01-30,2,2,0,0,2
CH-BJ-04-1,ST-BJ-04,BJ,2026-01-30,20,19,1,1,19
CH-BJ-04-2,ST-BJ-04,BJ,2026-01-30,16,16,0,0,16
CH-BJ-04-3,ST-BJ-04,BJ,2026-01-30,6,5,1,1,6
CH-BJ-05-1,ST-BJ-05,BJ,2026-01-30,8,8,0,0,8
CH-BJ-05-2,ST-BJ-05,BJ,2026-01-30,11,10,1,1,11
CH-BJ-05-3,ST-BJ-05,BJ,2026-01-30,3,3,0,0,3
CH-DL-01-1,ST-DL-01,DL,2026-01-30,7,6,1,1,7
CH-DL-01-2,ST-DL-01,DL,2026-01-30,9,9,0,0,9
CH-DL-01-3,ST-DL-01,DL,2026-01-30,3,3,0,0,3
CH-DL-02-1,ST-DL-02,DL,2026-01-30,8,8,0,0,8
CH-DL-02-2,ST-DL-02,DL,2026-01-30,13,12,1,1,13
CH-DL-02-3,ST-DL-02,DL,2026-01-30,4,4,0,0,4
CH-DL-03-1,ST-DL-03,DL,2026-01-30,7,7,0,0,7
CH-DL-03-2,ST-DL-03,DL,2026-01-30,3,3,0,0,3
CH-DL-03-3,ST-DL-03,DL,2026-01-30,2,2,0,0,2
CH-DL-04-1,ST-DL-04,DL,2026-01-30,15,14,1,1,15
CH-DL-04-2,ST-DL-04,DL,2026-01-30,21,21,0,0,21
CH-DL-04-3,ST-DL-04,DL,2026-01-30,6,6,0,0,6
CH-DL-05-1,ST-DL-05,DL,2026-01-30,6,5,1,1,6
CH-DL-05-2,ST-DL-05,DL,2026-01-30,10,9,1,1,10
CH-DL-05-3,ST-DL-05,DL,2026-01-30,3,3,0,0,3
CH-SH-01-1,ST-SH-01,SH,2026-01-30,9,9,0,0,9
CH-SH-01-2,ST-SH-01,SH,2026-01-30,11,11,0,0,11
CH-SH-01-3,ST-SH-01,SH,2026-01-30,2,2,0,0,2
CH-SH-02-1,ST-SH-02,SH,2026-01-30,8,8,0,0,8
CH-SH-02-2,ST-SH-02,SH,2026-01-30,9,9,0,0,9
CH-SH-02-3,ST-SH-02,SH,2026-01-30,4,4,0,0,4
CH-SH-03-1,ST-SH-03,SH,2026-01-30,9,9,0,0,9
CH-SH-03-2,ST-SH-03,SH,2026-01-30,1,1,0,0,1
CH-SH-03-3,ST-SH-03,SH,2026-01-30,3,3,0,0,3
CH-SH-04-1,ST-SH-04,SH,2026-01-30,12,12,0,0,12
CH-SH-04-2,ST-SH-04,SH,2026-01-30,19,18,1,1,19
CH-SH-04-3,ST-SH-04,SH,2026-01-30,3,3,0,0,3
CH-SH-05-1,ST-SH-05,SH,2026-01-30,7,7,0,0,7
CH-SH-05-2,ST-SH-05,SH,2026-01-30,10,10,0,0,10
CH-SH-05-3,ST-SH-05,SH,2026-01-30,3,3,0,0,3
CH-SY-01-1,ST-SY-01,SY,2026-01-30,9,9,0,0,9
CH-SY-01-2,ST-SY-01,SY,2026-01-30,11,11,0,0,11
CH-SY-01-3,ST-SY-01,SY,2026-01-30,4,4,0,0,4
CH-SY-02-1,ST-SY-02,SY,2026-01-30,7,7,0,0,7
CH-SY-02-2,ST-SY-02,SY,2026-01-30,15,15,0,0,15
CH-SY-02-3,ST-SY-02,SY,2026-01-30,4,4,0,0,4
CH-SY-03-1,ST-SY-03,SY,2026-01-30,8,8,0,0,8
CH-SY-03-2,ST-SY-03,SY,2026-01-30,3,3,0,0,3
CH-SY-03-3,ST-SY-03,SY,2026-01-30,4,4,0,0,4
CH-SY-04-1,ST-SY-04,SY,2026-01-30,14,13,1,1,14
CH-SY-04-2,ST-SY-04,SY,2026-01-30,12,12,0,0,12
CH-SY-04-3,ST-SY-04,SY,2026-01-30,5,5,0,0,5
CH-SY-05-1,ST-SY-05,SY,2026-01-30,8,8,0,0,8
CH-SY-05-2,ST-SY-05,SY,2026-01-30,10,9,1,1,10
CH-SY-05-3,ST-SY-05,SY,2026-01-30,4,4,0,0,4
CH-SZ-01-1,ST-SZ-01,SZ,2026-01-30,8,6,2,1,8
CH-SZ-01-2,ST-SZ-01,SZ,2026-01-30,8,8,0,0,8
CH-SZ-01-3,ST-SZ-01,SZ,2026-01-30,3,3,0,0,3
CH-SZ-02-1,ST-SZ-02,SZ,2026-01-30,10,10,0,0,10
CH-SZ-02-2,ST-SZ-02,SZ,2026-01-30,8,8,0,0,8
CH-SZ-02-3,ST-SZ-02,SZ,2026-01-30,2,2,0,0,2
CH-SZ-03-1,ST-SZ-03,SZ,2026-01-30,7,7,0,0,7
CH-SZ-03-2,ST-SZ-03,SZ,2026-01-30,3,3,0,0,3
CH-SZ-03-3,ST-SZ-03,SZ,2026-01-30,2,2,0,0,2
CH-SZ-04-1,ST-SZ-04,SZ,2026-01-30,13,13,0,0,13
CH-SZ-04-2,ST-SZ-04,SZ,2026-01-30,20,19,1,1,20
CH-SZ-04-3,ST-SZ-04,SZ,2026-01-30,3,3,0,0,3
CH-SZ-05-1,ST-SZ-05,SZ,2026-01-30,6,6,0,0,6
CH-SZ-05-2,ST-SZ-05,SZ,2026-01-30,7,7,0,0,7
CH-SZ-05-3,ST-SZ-05,SZ,2026-01-30,4,4,0,0,4
CH-BJ-01-1,ST-BJ-01,BJ,2026-01-31,5,5,0,0,5
CH-BJ-01-2,ST-BJ-01,BJ,2026-01-31,3,3,0,0,3
CH-BJ-01-3,ST-BJ-01,BJ,2026-01-31,2,2,0,0,2
CH-BJ-02-1,ST-BJ-02,BJ,2026-01-31,9,9,0,0,9
CH-BJ-02-2,ST-BJ-02,BJ,2026-01-31,10,10,0,0,10
CH-BJ-02-3,ST-BJ-02,BJ,2026-01-31,1,1,0,0,1
CH-BJ-03-1,ST-BJ-03,BJ,2026-01-31,7,7,0,0,7
CH-BJ-03-2,ST-BJ-03,BJ,2026-01-31,2,2,0,0,2
CH-BJ-03-3,ST-BJ-03,BJ,2026-01-31,1,1,0,0,1
CH-BJ-04-1,ST-BJ-04,BJ,2026-01-31,13,12,1,1,13
CH-BJ-04-2,ST-BJ-04,BJ,2026-01-31,20,20,0,0,20
CH-BJ-04-3,ST-BJ-04,BJ,2026-01-31,5,5,0,0,5
CH-BJ-05-1,ST-BJ-05,BJ,2026-01-31,5,5,0,0,5
CH-BJ-05-2,ST-BJ-05,BJ,2026-01-31,5,5,0,0,5
CH-BJ-05-3,ST-BJ-05,BJ,2026-01-31,3,3,0,0,3
CH-DL-01-1,ST-DL-01,DL,2026-01-31,4,4,0,0,4
CH-DL-01-2,ST-DL-01,DL,2026-01-31,6,6,0,0,6
CH-DL-01-3,ST-DL-01,DL,2026-01-31,4,4,0,0,4
CH-DL-02-1,ST-DL-02,DL,2026-01-31,12,11,1,1,12
CH-DL-02-2,ST-DL-02,DL,2026-01-31,14,13,1,1,14
CH-DL-02-3,ST-DL-02,DL,2026-01-31,6,4,2,1,6
CH-DL-03-1,ST-DL-03,DL,2026-01-31,7,6,1,1,7
CH-DL-03-2,ST-DL-03,DL,2026-01-31,3,3,0,0,3
CH-DL-03-3,ST-DL-03,DL,2026-01-31,2,2,0,0,2
CH-DL-04-1,ST-DL-04,DL,2026-01-31,12,12,0,0,11
CH-DL-04-2,ST-DL-04,DL,2026-01-31,17,16,1,1,17
CH-DL-04-3,ST-DL-04,DL,2026-01-31,5,5,0,0,4
CH-DL-05-1,ST-DL-05,DL,2026-01-31,2,2,0,0,2
CH-DL-05-2,ST-DL-05,DL,2026-01-31,2,2,0,0,2
CH-DL-05-3,ST-DL-05,DL,2026-01-31,3,3,0,0,3
CH-SH-01-1,ST-SH-01,SH,2026-01-31,2,2,0,0,2
CH-SH-01-2,ST-SH-01,SH,2026-01-31,2,2,0,0,2
CH-SH-01-3,ST-SH-01,SH,2026-01-31,1,1,0,0,1
CH-SH-02-1,ST-SH-02,SH,2026-01-31,13,13,0,0,13
CH-SH-02-2,ST-SH-02,SH,2026-01-31,16,15,1,1,16
CH-SH-02-3,ST-SH-02,SH,2026-01-31,3,3,0,0,3
CH-SH-03-1,ST-SH-03,SH,2026-01-31,9,9,0,0,9
CH-SH-03-2,ST-SH-03,SH,2026-01-31,3,3,0,0,3
CH-SH-03-3,ST-SH-03,SH,2026-01-31,3,3,0,0,3
CH-SH-04-1,ST-SH-04,SH,2026-01-31,14,14,0,0,13
CH-SH-04-2,ST-SH-04,SH,2026-01-31,16,15,1,1,16
CH-SH-04-3,ST-SH-04,SH,2026-01-31,4,4,0,0,4
CH-SH-05-1,ST-SH-05,SH,2026-01-31,2,2,0,0,2
CH-SH-05-2,ST-SH-05,SH,2026-01-31,6,6,0,0,6
CH-SH-05-3,ST-SH-05,SH,2026-01-31,3,3,0,0,3
CH-SY-01-1,ST-SY-01,SY,2026-01-31,5,5,0,0,5
CH-SY-01-2,ST-SY-01,SY,2026-01-31,4,4,0,0,4
CH-SY-01-3,ST-SY-01,SY,2026-01-31,4,4,0,0,4
CH-SY-02-1,ST-SY-02,SY,2026-01-31,11,10,1,1,11
CH-SY-02-2,ST-SY-02,SY,2026-01-31,13,12,1,1,13
CH-SY-02-3,ST-SY-02,SY,2026-01-31,6,5,1,1,6
CH-SY-03-1,ST-SY-03,SY,2026-01-31,6,6,0,0,6
CH-SY-03-2,ST-SY-03,SY,2026-01-31,3,3,0,0,3
CH-SY-03-3,ST-SY-03,SY,2026-01-31,2,2,0,0,2
CH-SY-04-1,ST-SY-04,SY,2026-01-31,11,11,0,0,11
CH-SY-04-2,ST-SY-04,SY,2026-01-31,16,15,1,1,16
CH-SY-04-3,ST-SY-04,SY,2026-01-31,5,5,0,0,5
CH-SY-05-1,ST-SY-05,SY,2026-01-31,4,3,1,1,4
CH-SY-05-2,ST-SY-05,SY,2026-01-31,3,3,0,0,3
CH-SY-05-3,ST-SY-05,SY,2026-01-31,3,3,0,0,3
CH-SZ-01-1,ST-SZ-01,SZ,2026-01-31,2,2,0,0,2
CH-SZ-01-2,ST-SZ-01,SZ,2026-01-31,5,5,0,0,5
CH-SZ-01-3,ST-SZ-01,SZ,2026-01-31,3,3,0,0,3
CH-SZ-02-1,ST-SZ-02,SZ,2026-01-31,8,8,0,0,8
CH-SZ-02-2,ST-SZ-02,SZ,2026-01-31,17,17,0,0,17
CH-SZ-02-3,ST-SZ-02,SZ,2026-01-31,3,3,0,0,3
CH-SZ-03-1,ST-SZ-03,SZ,2026-01-31,6,6,0,0,6
CH-SZ-03-2,ST-SZ-03,SZ,2026-01-31,3,3,0,0,3
CH-SZ-03-3,ST-SZ-03,SZ,2026-01-31,4,4,0,0,4
CH-SZ-04-1,ST-SZ-04,SZ,2026-01-31,14,14,0,0,14
CH-SZ-04-2,ST-SZ-04,SZ,2026-01-31,18,16,2,1,18
CH-SZ-04-3,ST-SZ-04,SZ,2026-01-31,3,3,0,0,3
CH-SZ-05-1,ST-SZ-05,SZ,2026-01-31,8,7,1,1,8
CH-SZ-05-2,ST-SZ-05,SZ,2026-01-31,5,5,0,0,5
CH-SZ-05-3,ST-SZ-05,SZ,2026-01-31,3,3,0,0,3
CH-BJ-01-1,ST-BJ-01,BJ,2026-02-01,3,3,0,0,3
CH-BJ-01-2,ST-BJ-01,BJ,2026-02-01,4,4,0,0,4
CH-BJ-01-3,ST-BJ-01,BJ,2026-02-01,1,1,0,0,1
CH-BJ-02-1,ST-BJ-02,BJ,2026-02-01,9,9,0,0,9
CH-BJ-02-2,ST-BJ-02,BJ,2026-02-01,14,14,0,0,14
CH-BJ-02-3,ST-BJ-02,BJ,2026-02-01,4,4,0,0,4
CH-BJ-03-1,ST-BJ-03,BJ,2026-02-01,4,4,0,0,4
CH-BJ-03-2,ST-BJ-03,BJ,2026-02-01,2,2,0,0,2
CH-BJ-03-3,ST-BJ-03,BJ,2026-02-01,1,1,0,0,1
CH-BJ-04-1,ST-BJ-04,BJ,2026-02-01,14,12,2,1,14
CH-BJ-04-2,ST-BJ-04,BJ,2026-02-01,19,19,0,0,19
CH-BJ-04-3,ST-BJ-04,BJ,2026-02-01,6,6,0,0,6
CH-BJ-05-1,ST-BJ-05,BJ,2026-02-01,5,5,0,0,5
CH-BJ-05-2,ST-BJ-05,BJ,2026-02-01,6,5,1,1,6
CH-BJ-05-3,ST-BJ-05,BJ,2026-02-01,3,3,0,0,3
CH-DL-01-1,ST-DL-01,DL,2026-02-01,5,4,1,1,5
CH-DL-01-2,ST-DL-01,DL,2026-02-01,6,6,0,0,6
CH-DL-01-3,ST-DL-01,DL,2026-02-01,3,3,0,0,3
CH-DL-02-1,ST-DL-02,DL,2026-02-01,11,10,1,1,11
CH-DL-02-2,ST-DL-02,DL,2026-02-01,14,14,0,0,14
CH-DL-02-3,ST-DL-02,DL,2026-02-01,5,5,0,0,5
CH-DL-03-1,ST-DL-03,DL,2026-02-01,6,6,0,0,6
CH-DL-03-2,ST-DL-03,DL,2026-02-01,3,3,0,0,3
CH-DL-03-3,ST-DL-03,DL,2026-02-01,2,2,0,0,2
CH-DL-04-1,ST-DL-04,DL,2026-02-01,17,15,2,1,16
CH-DL-04-2,ST-DL-04,DL,2026-02-01,19,19,0,0,19
CH-DL-04-3,ST-DL-04,DL,2026-02-01,3,3,0,0,3
CH-DL-05-1,ST-DL-05,DL,2026-02-01,4,4,0,0,4
CH-DL-05-2,ST-DL-05,DL,2026-02-01,3,3,0,0,3
CH-DL-05-3,ST-DL-05,DL,2026-02-01,2,2,0,0,2
CH-SH-01-1,ST-SH-01,SH,2026-02-01,6,5,1,1,6
CH-SH-01-2,ST-SH-01,SH,2026-02-01,0,0,0,0,0
CH-SH-01-3,ST-SH-01,SH,2026-02-01,5,5,0,0,5
CH-SH-02-1,ST-SH-02,SH,2026-02-01,11,11,0,0,11
CH-SH-02-2,ST-SH-02,SH,2026-02-01,18,18,0,0,18
CH-SH-02-3,ST-SH-02,SH,2026-02-01,5,5,0,0,5
CH-SH-03-1,ST-SH-03,SH,2026-02-01,5,5,0,0,5
CH-SH-03-2,ST-SH-03,SH,2026-02-01,2,2,0,0,2
CH-SH-03-3,ST-SH-03,SH,2026-02-01,1,1,0,0,1
CH-SH-04-1,ST-SH-04,SH,2026-02-01,13,11,2,1,13
CH-SH-04-2,ST-SH-04,SH,2026-02-01,14,14,0,0,14
CH-SH-04-3,ST-SH-04,SH,2026-02-01,3,3,0,0,3
CH-SH-05-1,ST-SH-05,SH,2026-02-01,6,6,0,0,6
CH-SH-05-2,ST-SH-05,SH,2026-02-01,8,7,1,1,8
CH-SH-05-3,ST-SH-05,SH,2026-02-01,3,3,0,0,3
CH-SY-01-1,ST-SY-01,SY,2026-02-01,3,3,0,0,3
CH-SY-01-2,ST-SY-01,SY,2026-02-01,3,3,0,0,3
CH-SY-01-3,ST-SY-01,SY,2026-02-01,3,3,0,0,3
CH-SY-02-1,ST-SY-02,SY,2026-02-01,13,12,1,1,13
CH-SY-02-2,ST-SY-02,SY,2026-02-01,13,11,2,1,13
CH-SY-02-3,ST-SY-02,SY,2026-02-01,6,5,1,1,6
CH-SY-03-1,ST-SY-03,SY,2026-02-01,8,8,0,0,8
CH-SY-03-2,ST-SY-03,SY,2026-02-01,3,3,0,0,3
CH-SY-03-3,ST-SY-03,SY,2026-02-01,2,2,0,0,2
CH-SY-04-1,ST-SY-04,SY,2026-02-01,15,14,1,1,15
CH-SY-04-2,ST-SY-04,SY,2026-02-01,15,15,0,0,15
CH-SY-04-3,ST-SY-04,SY,2026-02-01,4,4,0,0,4
CH-SY-05-1,ST-SY-05,SY,2026-02-01,8,7,1,1,8
CH-SY-05-2,ST-SY-05,SY,2026-02-01,8,8,0,0,8
CH-SY-05-3,ST-SY-05,SY,2026-02-01,3,3,0,0,3
CH-SZ-01-1,ST-SZ-01,SZ,2026-02-01,3,3,0,0,3
CH-SZ-01-2,ST-SZ-01,SZ,2026-02-01,2,2,0,0,2
CH-SZ-01-3,ST-SZ-01,SZ,2026-02-01,3,3,0,0,3
CH-SZ-02-1,ST-SZ-02,SZ,2026-02-01,9,9,0,0,9
CH-SZ-02-2,ST-SZ-02,SZ,2026-02-01,14,14,0,0,14
CH-SZ-02-3,ST-SZ-02,SZ,2026-02-01,5,5,0,0,5
CH-SZ-03-1,ST-SZ-03,SZ,2026-02-01,8,7,1,1,8
CH-SZ-03-2,ST-SZ-03,SZ,2026-02-01,3,3,0,0,3
CH-SZ-03-3,ST-SZ-03,SZ,2026-02-01,3,3,0,0,3
CH-SZ-04-1,ST-SZ-04,SZ,2026-02-01,11,10,1,1,10
CH-SZ-04-2,ST-SZ-04,SZ,2026-02-01,17,17,0,0,17
CH-SZ-04-3,ST-SZ-04,SZ,2026-02-01,3,3,0,0,3
CH-SZ-05-1,ST-SZ-05,SZ,2026-02-01,3,1,2,1,3
CH-SZ-05-2,ST-SZ-05,SZ,2026-02-01,3,2,1,1,3
CH-SZ-05-3,ST-SZ-05,SZ,2026-02-01,3,3,0,0,3
CH-BJ-01-1,ST-BJ-01,BJ,2026-02-02,14,13,1,1,14
CH-BJ-01-2,ST-BJ-01,BJ,2026-02-02,9,8,1,1,9
CH-BJ-01-3,ST-BJ-01,BJ,2026-02-02,5,5,0,0,5
CH-BJ-02-1,ST-BJ-02,BJ,2026-02-02,9,8,1,1,9
CH-BJ-02-2,ST-BJ-02,BJ,2026-02-02,13,13,0,0,13
CH-BJ-02-3,ST-BJ-02,BJ,2026-02-02,4,4,0,0,4
CH-BJ-03-1,ST-BJ-03,BJ,2026-02-02,11,10,1,1,11
CH-BJ-03-2,ST-BJ-03,BJ,2026-02-02,2,2,0,0,2
CH-BJ-03-3,ST-BJ-03,BJ,2026-02-02,2,2,0,0,2
CH-BJ-04-1,ST-BJ-04,BJ,2026-02-02,13,11,2,1,12
CH-BJ-04-2,ST-BJ-04,BJ,2026-02-02,16,16,0,0,16
CH-BJ-04-3,ST-BJ-04,BJ,2026-02-02,3,3,0,0,3
CH-BJ-05-1,ST-BJ-05,BJ,2026-02-02,7,7,0,0,7
CH-BJ-05-2,ST-BJ-05,BJ,2026-02-02,11,11,0,0,11
CH-BJ-05-3,ST-BJ-05,BJ,2026-02-02,3,3,0,0,3
CH-DL-01-1,ST-DL-01,DL,2026-02-02,10,10,0,0,10
CH-DL-01-2,ST-DL-01,DL,2026-02-02,9,9,0,0,9
CH-DL-01-3,ST-DL-01,DL,2026-02-02,4,4,0,0,4
CH-DL-02-1,ST-DL-02,DL,2026-02-02,13,11,2,1,13
CH-DL-02-2,ST-DL-02,DL,2026-02-02,11,11,0,0,11
CH-DL-02-3,ST-DL-02,DL,2026-02-02,5,4,1,1,5
CH-DL-03-1,ST-DL-03,DL,2026-02-02,7,7,0,0,6
CH-DL-03-2,ST-DL-03,DL,2026-02-02,1,1,0,0,1
CH-DL-03-3,ST-DL-03,DL,2026-02-02,2,2,0,0,2
CH-DL-04-1,ST-DL-04,DL,2026-02-02,12,12,0,0,12
CH-DL-04-2,ST-DL-04,DL,2026-02-02,16,16,0,0,16
CH-DL-04-3,ST-DL-04,DL,2026-02-02,5,5,0,0,5
CH-DL-05-1,ST-DL-05,DL,2026-02-02,6,5,1,1,6
CH-DL-05-2,ST-DL-05,DL,2026-02-02,8,8,0,0,8
CH-DL-05-3,ST-DL-05,DL,2026-02-02,3,3,0,0,3
CH-SH-01-1,ST-SH-01,SH,2026-02-02,11,9,2,1,11
CH-SH-01-2,ST-SH-01,SH,2026-02-02,7,7,0,0,7
CH-SH-01-3,ST-SH-01,SH,2026-02-02,4,4,0,0,4
CH-SH-02-1,ST-SH-02,SH,2026-02-02,13,12,1,1,13
CH-SH-02-2,ST-SH-02,SH,2026-02-02,18,18,0,0,18
CH-SH-02-3,ST-SH-02,SH,2026-02-02,6,6,0,0,6
CH-SH-03-1,ST-SH-03,SH,2026-02-02,7,6,1,1,7
CH-SH-03-2,ST-SH-03,SH,2026-02-02,2,2,0,0,2
CH-SH-03-3,ST-SH-03,SH,2026-02-02,2,2,0,0,2
CH-SH-04-1,ST-SH-04,SH,2026-02-02,8,8,0,0,8
CH-SH-04-2,ST-SH-04,SH,2026-02-02,16,15,1,1,16
CH-SH-04-3,ST-SH-04,SH,2026-02-02,5,5,0,0,5
CH-SH-05-1,ST-SH-05,SH,2026-02-02,7,6,1,1,7
CH-SH-05-2,ST-SH-05,SH,2026-02-02,10,9,1,1,10
CH-SH-05-3,ST-SH-05,SH,2026-02-02,5,5,0,0,5
CH-SY-01-1,ST-SY-01,SY,2026-02-02,8,8,0,0,8
CH-SY-01-2,ST-SY-01,SY,2026-02-02,11,11,0,0,11
CH-SY-01-3,ST-SY-01,SY,2026-02-02,6,6,0,0,6
CH-SY-02-1,ST-SY-02,SY,2026-02-02,7,6,1,1,7
CH-SY-02-2,ST-SY-02,SY,2026-02-02,8,8,0,0,8
CH-SY-02-3,ST-SY-02,SY,2026-02-02,4,4,0,0,4
CH-SY-03-1,ST-SY-03,SY,2026-02-02,7,6,1,1,7
CH-SY-03-2,ST-SY-03,SY,2026-02-02,2,2,0,0,2
CH-SY-03-3,ST-SY-03,SY,2026-02-02,1,1,0,0,1
CH-SY-04-1,ST-SY-04,SY,2026-02-02,16,14,2,1,16
CH-SY-04-2,ST-SY-04,SY,2026-02-02,22,21,1,1,20
CH-SY-04-3,ST-SY-04,SY,2026-02-02,7,7,0,0,7
CH-SY-05-1,ST-SY-05,SY,2026-02-02,5,5,0,0,5
CH-SY-05-2,ST-SY-05,SY,2026-02-02,11,10,1,1,11
CH-SY-05-3,ST-SY-05,SY,2026-02-02,3,3,0,0,3
CH-SZ-01-1,ST-SZ-01,SZ,2026-02-02,12,12,0,0,12
CH-SZ-01-2,ST-SZ-01,SZ,2026-02-02,10,10,0,0,10
CH-SZ-01-3,ST-SZ-01,SZ,2026-02-02,3,3,0,0,3
CH-SZ-02-1,ST-SZ-02,SZ,2026-02-02,12,12,0,0,12
CH-SZ-02-2,ST-SZ-02,SZ,2026-02-02,16,15,1,1,16
CH-SZ-02-3,ST-SZ-02,SZ,2026-02-02,3,3,0,0,3
CH-SZ-03-1,ST-SZ-03,SZ,2026-02-02,9,9,0,0,9
CH-SZ-03-2,ST-SZ-03,SZ,2026-02-02,2,2,0,0,2
CH-SZ-03-3,ST-SZ-03,SZ,2026-02-02,3,3,0,0,3
CH-SZ-04-1,ST-SZ-04,SZ,2026-02-02,17,17,0,0,17
CH-SZ-04-2,ST-SZ-04,SZ,2026-02-02,15,15,0,0,15
CH-SZ-04-3,ST-SZ-04,SZ,2026-02-02,6,5,1,1,5
CH-SZ-05-1,ST-SZ-05,SZ,2026-02-02,9,9,0,0,9
CH-SZ-05-2,ST-SZ-05,SZ,2026-02-02,9,9,0,0,9
CH-SZ-05-3,ST-SZ-05,SZ,2026-02-02,3,3,0,0,3
CH-BJ-01-1,ST-BJ-01,BJ,2026-02-03,7,7,0,0,7
CH-BJ-01-2,ST-BJ-01,BJ,2026-02-03,8,8,0,0,8
CH-BJ-01-3,ST-BJ-01,BJ,2026-02-03,4,4,0,0,4
CH-BJ-02-1,ST-BJ-02,BJ,2026-02-03,10,10,0,0,10
CH-BJ-02-2,ST-BJ-02,BJ,2026-02-03,9,9,0,0,9
CH-BJ-02-3,ST-BJ-02,BJ,2026-02-03,4,4,0,0,4
CH-BJ-03-1,ST-BJ-03,BJ,2026-02-03,2,2,0,0,2
CH-BJ-03-2,ST-BJ-03,BJ,2026-02-03,3,3,0,0,3
CH-BJ-03-3,ST-BJ-03,BJ,2026-02-03,2,2,0,0,2
CH-BJ-04-1,ST-BJ-04,BJ,2026-02-03,14,13,1,1,14
CH-BJ-04-2,ST-BJ-04,BJ,2026-02-03,20,19,1,1,19
CH-BJ-04-3,ST-BJ-04,BJ,2026-02-03,4,4,0,0,4
CH-BJ-05-1,ST-BJ-05,BJ,2026-02-03,6,6,0,0,6
CH-BJ-05-2,ST-BJ-05,BJ,2026-02-03,9,8,1,1,9
CH-BJ-05-3,ST-BJ-05,BJ,2026-02-03,3,3,0,0,3
CH-DL-01-1,ST-DL-01,DL,2026-02-03,9,7,2,1,9
CH-DL-01-2,ST-DL-01,DL,2026-02-03,12,12,0,0,12
CH-DL-01-3,ST-DL-01,DL,2026-02-03,3,3,0,0,3
CH-DL-02-1,ST-DL-02,DL,2026-02-03,9,9,0,0,9
CH-DL-02-2,ST-DL-02,DL,2026-02-03,9,9,0,0,9
CH-DL-02-3,ST-DL-02,DL,2026-02-03,4,4,0,0,4
CH-DL-03-1,ST-DL-03,DL,2026-02-03,8,8,0,0,8
CH-DL-03-2,ST-DL-03,DL,2026-02-03,3,3,0,0,3
CH-DL-03-3,ST-DL-03,DL,2026-02-03,2,2,0,0,2
CH-DL-04-1,ST-DL-04,DL,2026-02-03,18,16,2,1,18
CH-DL-04-2,ST-DL-04,DL,2026-02-03,25,25,0,0,25
CH-DL-04-3,ST-DL-04,DL,2026-02-03,5,5,0,0,5
CH-DL-05-1,ST-DL-05,DL,2026-02-03,8,7,1,1,8
CH-DL-05-2,ST-DL-05,DL,2026-02-03,10,10,0,0,10
CH-DL-05-3,ST-DL-05,DL,2026-02-03,4,4,0,0,4
CH-SH-01-1,ST-SH-01,SH,2026-02-03,10,10,0,0,10
CH-SH-01-2,ST-SH-01,SH,2026-02-03,6,6,0,0,6
CH-SH-01-3,ST-SH-01,SH,2026-02-03,2,2,0,0,2
CH-SH-02-1,ST-SH-02,SH,2026-02-03,14,14,0,0,14
CH-SH-02-2,ST-SH-02,SH,2026-02-03,12,11,1,1,12
CH-SH-02-3,ST-SH-02,SH,2026-02-03,4,4,0,0,4
CH-SH-03-1,ST-SH-03,SH,2026-02-03,8,7,1,1,8
CH-SH-03-2,ST-SH-03,SH,2026-02-03,2,2,0,0,2
CH-SH-03-3,ST-SH-03,SH,2026-02-03,3,3,0,0,3
CH-SH-04-1,ST-SH-04,SH,2026-02-03,12,11,1,1,12
CH-SH-04-2,ST-SH-04,SH,2026-02-03,17,17,0,0,16
CH-SH-04-3,ST-SH-04,SH,2026-02-03,6,6,0,0,6
CH-SH-05-1,ST-SH-05,SH,2026-02-03,7,6,1,1,7
CH-SH-05-2,ST-SH-05,SH,2026-02-03,8,8,0,0,8
CH-SH-05-3,ST-SH-05,SH,2026-02-03,4,4,0,0,4
CH-SY-01-1,ST-SY-01,SY,2026-02-03,8,7,1,1,8
CH-SY-01-2,ST-SY-01,SY,2026-02-03,12,12,0,0,12
CH-SY-01-3,ST-SY-01,SY,2026-02-03,5,5,0,0,5
CH-SY-02-1,ST-SY-02,SY,2026-02-03,8,7,1,1,8
CH-SY-02-2,ST-SY-02,SY,2026-02-03,16,16,0,0,16
CH-SY-02-3,ST-SY-02,SY,2026-02-03,4,4,0,0,4
CH-SY-03-1,ST-SY-03,SY,2026-02-03,10,10,0,0,10
CH-SY-03-2,ST-SY-03,SY,2026-02-03,1,1,0,0,1
CH-SY-03-3,ST-SY-03,SY,2026-02-03,2,2,0,0,2
CH-SY-04-1,ST-SY-04,SY,2026-02-03,14,14,0,0,14
CH-SY-04-2,ST-SY-04,SY,2026-02-03,15,13,2,1,15
CH-SY-04-3,ST-SY-04,SY,2026-02-03,5,5,0,0,5
CH-SY-05-1,ST-SY-05,SY,2026-02-03,10,9,1,1,10
CH-SY-05-2,ST-SY-05,SY,2026-02-03,8,8,0,0,8
CH-SY-05-3,ST-SY-05,SY,2026-02-03,4,4,0,0,4
CH-SZ-01-1,ST-SZ-01,SZ,2026-02-03,12,11,1,1,12
CH-SZ-01-2,ST-SZ-01,SZ,2026-02-03,13,13,0,0,13
CH-SZ-01-3,ST-SZ-01,SZ,2026-02-03,4,4,0,0,4
CH-SZ-02-1,ST-SZ-02,SZ,2026-02-03,10,9,1,1,10
CH-SZ-02-2,ST-SZ-02,SZ,2026-02-03,11,11,0,0,11
CH-SZ-02-3,ST-SZ-02,SZ,2026-02-03,4,4,0,0,4
CH-SZ-03-1,ST-SZ-03,SZ,2026-02-03,10,10,0,0,10
CH-SZ-03-2,ST-SZ-03,SZ,2026-02-03,4,4,0,0,4
CH-SZ-03-3,ST-SZ-03,SZ,2026-02-03,2,2,0,0,2
CH-SZ-04-1,ST-SZ-04,SZ,2026-02-03,11,10,1,1,11
CH-SZ-04-2,ST-SZ-04,SZ,2026-02-03,21,21,0,0,20
CH-SZ-04-3,ST-SZ-04,SZ,2026-02-03,4,4,0,0,4
CH-SZ-05-1,ST-SZ-05,SZ,2026-02-03,9,8,1,1,9
CH-SZ-05-2,ST-SZ-05,SZ,2026-02-03,12,12,0,0,12
CH-SZ-05-3,ST-SZ-05,SZ,2026-02-03,4,4,0,0,4
CH-BJ-01-1,ST-BJ-01,BJ,2026-02-04,10,10,0,0,10
CH-BJ-01-2,ST-BJ-01,BJ,2026-02-04,10,10,0,0,10
CH-BJ-01-3,ST-BJ-01,BJ,2026-02-04,4,4,0,0,4
CH-BJ-02-1,ST-BJ-02,BJ,2026-02-04,10,10,0,0,10
CH-BJ-02-2,ST-BJ-02,BJ,2026-02-04,10,10,0,0,10
CH-BJ-02-3,ST-BJ-02,BJ,2026-02-04,5,5,0,0,5
CH-BJ-03-1,ST-BJ-03,BJ,2026-02-04,7,6,1,1,7
CH-BJ-03-2,ST-BJ-03,BJ,2026-02-04,3,3,0,0,3
CH-BJ-03-3,ST-BJ-03,BJ,2026-02-04,2,2,0,0,2
CH-BJ-04-1,ST-BJ-04,BJ,2026-02-04,17,17,0,0,16
CH-BJ-04-2,ST-BJ-04,BJ,2026-02-04,18,17,1,1,16
CH-BJ-04-3,ST-BJ-04,BJ,2026-02-04,8,7,1,1,8
CH-BJ-05-1,ST-BJ-05,BJ,2026-02-04,6,6,0,0,6
CH-BJ-05-2,ST-BJ-05,BJ,2026-02-04,12,12,0,0,12
CH-BJ-05-3,ST-BJ-05,BJ,2026-02-04,3,3,0,0,3
CH-DL-01-1,ST-DL-01,DL,2026-02-04,5,5,0,0,5
CH-DL-01-2,ST-DL-01,DL,2026-02-04,2,2,0,0,2
CH-DL-01-3,ST-DL-01,DL,2026-02-04,3,3,0,0,3
CH-DL-02-1,ST-DL-02,DL,2026-02-04,13,13,0,0,13
CH-DL-02-2,ST-DL-02,DL,2026-02-04,17,17,0,0,17
CH-DL-02-3,ST-DL-02,DL,2026-02-04,7,6,1,1,7
CH-DL-03-1,ST-DL-03,DL,2026-02-04,6,5,1,1,6
CH-DL-03-2,ST-DL-03,DL,2026-02-04,3,3,0,0,3
CH-DL-03-3,ST-DL-03,DL,2026-02-04,5,4,1,1,5
CH-DL-04-1,ST-DL-04,DL,2026-02-04,15,15,0,0,15
CH-DL-04-2,ST-DL-04,DL,2026-02-04,17,17,0,0,16
CH-DL-04-3,ST-DL-04,DL,2026-02-04,8,6,2,1,8
CH-DL-05-1,ST-DL-05,DL,2026-02-04,6,6,0,0,6
CH-DL-05-2,ST-DL-05,DL,2026-02-04,11,11,0,0,11
CH-DL-05-3,ST-DL-05,DL,2026-02-04,4,4,0,0,4
CH-SH-01-1,ST-SH-01,SH,2026-02-04,7,5,2,1,7
CH-SH-01-2,ST-SH-01,SH,2026-02-04,8,7,1,1,8
CH-SH-01-3,ST-SH-01,SH,2026-02-04,3,3,0,0,3
CH-SH-02-1,ST-SH-02,SH,2026-02-04,10,8,2,1,10
CH-SH-02-2,ST-SH-02,SH,2026-02-04,13,13,0,0,13
CH-SH-02-3,ST-SH-02,SH,2026-02-04,2,2,0,0,2
CH-SH-03-1,ST-SH-03,SH,2026-02-04,5,5,0,0,5
CH-SH-03-2,ST-SH-03,SH,2026-02-04,2,2,0,0,2
CH-SH-03-3,ST-SH-03,SH,2026-02-04,2,2,0,0,2
CH-SH-04-1,ST-SH-04,SH,2026-02-04,12,12,0,0,12
CH-SH-04-2,ST-SH-04,SH,2026-02-04,14,14,0,0,14
CH-SH-04-3,ST-SH-04,SH,2026-02-04,3,3,0,0,3
CH-SH-05-1,ST-SH-05,SH,2026-02-04,4,3,1,1,4
CH-SH-05-2,ST-SH-05,SH,2026-02-04,6,6,0,0,6
CH-SH-05-3,ST-SH-05,SH,2026-02-04,4,4,0,0,4
CH-SY-01-1,ST-SY-01,SY,2026-02-04,7,7,0,0,7
CH-SY-01-2,ST-SY-01,SY,2026-02-04,11,11,0,0,11
CH-SY-01-3,ST-SY-01,SY,2026-02-04,4,4,0,0,4
CH-SY-02-1,ST-SY-02,SY,2026-02-04,10,10,0,0,10
CH-SY-02-2,ST-SY-02,SY,2026-02-04,14,14,0,0,14
CH-SY-02-3,ST-SY-02,SY,2026-02-04,4,3,1,1,4
CH-SY-03-1,ST-SY-03,SY,2026-02-04,4,4,0,0,4
CH-SY-03-2,ST-SY-03,SY,2026-02-04,1,1,0,0,1
CH-SY-03-3,ST-SY-03,SY,2026-02-04,2,2,0,0,2
CH-SY-04-1,ST-SY-04,SY,2026-02-04,12,11,1,1,12
CH-SY-04-2,ST-SY-04,SY,2026-02-04,18,17,1,1,18
CH-SY-04-3,ST-SY-04,SY,2026-02-04,5,5,0,0,5
CH-SY-05-1,ST-SY-05,SY,2026-02-04,10,10,0,0,10
CH-SY-05-2,ST-SY-05,SY,2026-02-04,10,10,0,0,10
CH-SY-05-3,ST-SY-05,SY,2026-02-04,5,4,1,1,5
CH-SZ-01-1,ST-SZ-01,SZ,2026-02-04,9,8,1,1,9
CH-SZ-01-2,ST-SZ-01,SZ,2026-02-04,16,14,2,1,16
CH-SZ-01-3,ST-SZ-01,SZ,2026-02-04,4,4,0,0,4
CH-SZ-02-1,ST-SZ-02,SZ,2026-02-04,12,11,1,1,12
CH-SZ-02-2,ST-SZ-02,SZ,2026-02-04,8,8,0,0,8
CH-SZ-02-3,ST-SZ-02,SZ,2026-02-04,5,5,0,0,5
CH-SZ-03-1,ST-SZ-03,SZ,2026-02-04,6,6,0,0,6
CH-SZ-03-2,ST-SZ-03,SZ,2026-02-04,2,2,0,0,2
CH-SZ-03-3,ST-SZ-03,SZ,2026-02-04,2,2,0,0,2
CH-SZ-04-1,ST-SZ-04,SZ,2026-02-04,16,16,0,0,16
CH-SZ-04-2,ST-SZ-04,SZ,2026-02-04,19,19,0,0,18
CH-SZ-04-3,ST-SZ-04,SZ,2026-02-04,4,4,0,0,4
CH-SZ-05-1,ST-SZ-05,SZ,2026-02-04,12,10,2,1,12
CH-SZ-05-2,ST-SZ-05,SZ,2026-02-04,15,13,2,1,15
CH-SZ-05-3,ST-SZ-05,SZ,2026-02-04,3,3,0,0,3
CH-BJ-01-1,ST-BJ-01,BJ,2026-02-05,9,9,0,0,9
CH-BJ-01-2,ST-BJ-01,BJ,2026-02-05,11,10,1,1,11
CH-BJ-01-3,ST-BJ-01,BJ,2026-02-05,3,3,0,0,3
CH-BJ-02-1,ST-BJ-02,BJ,2026-02-05,8,8,0,0,8
CH-BJ-02-2,ST-BJ-02,BJ,2026-02-05,11,11,0,0,11
CH-BJ-02-3,ST-BJ-02,BJ,2026-02-05,5,5,0,0,5
CH-BJ-03-1,ST-BJ-03,BJ,2026-02-05,11,11,0,0,11
CH-BJ-03-2,ST-BJ-03,BJ,2026-02-05,2,2,0,0,2
CH-BJ-03-3,ST-BJ-03,BJ,2026-02-05,4,4,0,0,4
CH-BJ-04-1,ST-BJ-04,BJ,2026-02-05,12,12,0,0,12
CH-BJ-04-2,ST-BJ-04,BJ,2026-02-05,17,16,1,1,17
CH-BJ-04-3,ST-BJ-04,BJ,2026-02-05,4,4,0,0,4
CH-BJ-05-1,ST-BJ-05,BJ,2026-02-05,6,6,0,0,6
CH-BJ-05-2,ST-BJ-05,BJ,2026-02-05,10,10,0,0,10
CH-BJ-05-3,ST-BJ-05,BJ,2026-02-05,3,3,0,0,3
CH-DL-01-1,ST-DL-01,DL,2026-02-05,12,9,3,1,12
CH-DL-01-2,ST-DL-01,DL,2026-02-05,8,8,0,0,8
CH-DL-01-3,ST-DL-01,DL,2026-02-05,4,4,0,0,4
CH-DL-02-1,ST-DL-02,DL,2026-02-05,9,8,1,1,9
CH-DL-02-2,ST-DL-02,DL,2026-02-05,14,13,1,1,14
CH-DL-02-3,ST-DL-02,DL,2026-02-05,4,4,0,0,4
CH-DL-03-1,ST-DL-03,DL,2026-02-05,9,8,1,1,9
CH-DL-03-2,ST-DL-03,DL,2026-02-05,2,2,0,0,2
CH-DL-03-3,ST-DL-03,DL,2026-02-05,3,3,0,0,3
CH-DL-04-1,ST-DL-04,DL,2026-02-05,17,17,0,0,16
CH-DL-04-2,ST-DL-04,DL,2026-02-05,23,22,1,1,22
CH-DL-04-3,ST-DL-04,DL,2026-02-05,6,6,0,0,6
CH-DL-05-1,ST-DL-05,DL,2026-02-05,8,8,0,0,8
CH-DL-05-2,ST-DL-05,DL,2026-02-05,10,10,0,0,10
CH-DL-05-3,ST-DL-05,DL,2026-02-05,3,3,0,0,3
CH-SH-01-1,ST-SH-01,SH,2026-02-05,9,8,1,1,9
CH-SH-01-2,ST-SH-01,SH,2026-02-05,5,5,0,0,5
CH-SH-01-3,ST-SH-01,SH,2026-02-05,4,4,0,0,4
CH-SH-02-1,ST-SH-02,SH,2026-02-05,15,14,1,1,15
CH-SH-02-2,ST-SH-02,SH,2026-02-05,12,12,0,0,12
CH-SH-02-3,ST-SH-02,SH,2026-02-05,5,5,0,0,5
CH-SH-03-1,ST-SH-03,SH,2026-02-05,12,11,1,1,12
CH-SH-03-2,ST-SH-03,SH,2026-02-05,1,1,0,0,1
CH-SH-03-3,ST-SH-03,SH,2026-02-05,2,2,0,0,2
CH-SH-04-1,ST-SH-04,SH,2026-02-05,11,10,1,1,11
CH-SH-04-2,ST-SH-04,SH,2026-02-05,18,17,1,1,18
CH-SH-04-3,ST-SH-04,SH,2026-02-05,3,3,0,0,3
CH-SH-05-1,ST-SH-05,SH,2026-02-05,9,9,0,0,9
CH-SH-05-2,ST-SH-05,SH,2026-02-05,8,7,1,1,8
CH-SH-05-3,ST-SH-05,SH,2026-02-05,4,4,0,0,4
CH-SY-01-1,ST-SY-01,SY,2026-02-05,9,9,0,0,9
CH-SY-01-2,ST-SY-01,SY,2026-02-05,11,11,0,0,11
CH-SY-01-3,ST-SY-01,SY,2026-02-05,3,3,0,0,3
CH-SY-02-1,ST-SY-02,SY,2026-02-05,11,11,0,0,11
CH-SY-02-2,ST-SY-02,SY,2026-02-05,11,11,0,0,11
CH-SY-02-3,ST-SY-02,SY,2026-02-05,5,5,0,0,5
CH-SY-03-1,ST-SY-03,SY,2026-02-05,9,9,0,0,9
CH-SY-03-2,ST-SY-03,SY,2026-02-05,3,3,0,0,3
CH-SY-03-3,ST-SY-03,SY,2026-02-05,3,3,0,0,3
CH-SY-04-1,ST-SY-04,SY,2026-02-05,14,12,2,1,14
CH-SY-04-2,ST-SY-04,SY,2026-02-05,18,18,0,0,18
CH-SY-04-3,ST-SY-04,SY,2026-02-05,5,5,0,0,5
CH-SY-05-1,ST-SY-05,SY,2026-02-05,7,6,1,1,7
CH-SY-05-2,ST-SY-05,SY,2026-02-05,11,11,0,0,11
CH-SY-05-3,ST-SY-05,SY,2026-02-05,2,2,0,0,2
CH-SZ-01-1,ST-SZ-01,SZ,2026-02-05,7,6,1,1,7
CH-SZ-01-2,ST-SZ-01,SZ,2026-02-05,8,8,0,0,8
CH-SZ-01-3,ST-SZ-01,SZ,2026-02-05,4,4,0,0,4
CH-SZ-02-1,ST-SZ-02,SZ,2026-02-05,11,11,0,0,11
CH-SZ-02-2,ST-SZ-02,SZ,2026-02-05,16,15,1,1,16
CH-SZ-02-3,ST-SZ-02,SZ,2026-02-05,5,5,0,0,5
CH-SZ-03-1,ST-SZ-03,SZ,2026-02-05,8,7,1,1,8
CH-SZ-03-2,ST-SZ-03,SZ,2026-02-05,2,2,0,0,2
CH-SZ-03-3,ST-SZ-03,SZ,2026-02-05,2,2,0,0,2
CH-SZ-04-1,ST-SZ-04,SZ,2026-02-05,15,13,2,1,14
CH-SZ-04-2,ST-SZ-04,SZ,2026-02-05,27,27,0,0,26
CH-SZ-04-3,ST-SZ-04,SZ,2026-02-05,5,5,0,0,5
CH-SZ-05-1,ST-SZ-05,SZ,2026-02-05,8,8,0,0,8
CH-SZ-05-2,ST-SZ-05,SZ,2026-02-05,11,11,0,0,11
CH-SZ-05-3,ST-SZ-05,SZ,2026-02-05,4,4,0,0,4
CH-BJ-01-1,ST-BJ-01,BJ,2026-02-06,7,7,0,0,7
CH-BJ-01-2,ST-BJ-01,BJ,2026-02-06,9,9,0,0,9
CH-BJ-01-3,ST-BJ-01,BJ,2026-02-06,3,3,0,0,3
CH-BJ-02-1,ST-BJ-02,BJ,2026-02-06,11,11,0,0,10
CH-BJ-02-2,ST-BJ-02,BJ,2026-02-06,13,12,1,1,13
CH-BJ-02-3,ST-BJ-02,BJ,2026-02-06,3,3,0,0,3
CH-BJ-03-1,ST-BJ-03,BJ,2026-02-06,7,6,1,1,7
CH-BJ-03-2,ST-BJ-03,BJ,2026-02-06,3,3,0,0,3
CH-BJ-03-3,ST-BJ-03,BJ,2026-02-06,2,2,0,0,2
CH-BJ-04-1,ST-BJ-04,BJ,2026-02-06,14,14,0,0,14
CH-BJ-04-2,ST-BJ-04,BJ,2026-02-06,20,20,0,0,20
CH-BJ-04-3,ST-BJ-04,BJ,2026-02-06,5,5,0,0,5
CH-BJ-05-1,ST-BJ-05,BJ,2026-02-06,6,6,0,0,6
CH-BJ-05-2,ST-BJ-05,BJ,2026-02-06,11,11,0,0,11
CH-BJ-05-3,ST-BJ-05,BJ,2026-02-06,4,4,0,0,4
CH-DL-01-1,ST-DL-01,DL,2026-02-06,7,7,0,0,7
CH-DL-01-2,ST-DL-01,DL,2026-02-06,10,10,0,0,10
CH-DL-01-3,ST-DL-01,DL,2026-02-06,3,3,0,0,3
CH-DL-02-1,ST-DL-02,DL,2026-02-06,10,10,0,0,10
CH-DL-02-2,ST-DL-02,DL,2026-02-06,13,13,0,0,13
CH-DL-02-3,ST-DL-02,DL,2026-02-06,4,4,0,0,4
CH-DL-03-1,ST-DL-03,DL,2026-02-06,6,6,0,0,6
CH-DL-03-2,ST-DL-03,DL,2026-02-06,2,2,0,0,2
CH-DL-03-3,ST-DL-03,DL,2026-02-06,3,3,0,0,3
CH-DL-04-1,ST-DL-04,DL,2026-02-06,15,14,1,1,15
CH-DL-04-2,ST-DL-04,DL,2026-02-06,19,19,0,0,19
CH-DL-04-3,ST-DL-04,DL,2026-02-06,5,4,1,1,5
CH-DL-05-1,ST-DL-05,DL,2026-02-06,8,8,0,0,8
CH-DL-05-2,ST-DL-05,DL,2026-02-06,7,7,0,0,7
CH-DL-05-3,ST-DL-05,DL,2026-02-06,5,5,0,0,5
CH-SH-01-1,ST-SH-01,SH,2026-02-06,6,5,1,1,6
CH-SH-01-2,ST-SH-01,SH,2026-02-06,10,9,1,1,10
CH-SH-01-3,ST-SH-01,SH,2026-02-06,3,3,0,0,3
CH-SH-02-1,ST-SH-02,SH,2026-02-06,9,8,1,1,9
CH-SH-02-2,ST-SH-02,SH,2026-02-06,9,9,0,0,9
CH-SH-02-3,ST-SH-02,SH,2026-02-06,5,5,0,0,5
CH-SH-03-1,ST-SH-03,SH,2026-02-06,5,4,1,1,5
CH-SH-03-2,ST-SH-03,SH,2026-02-06,3,3,0,0,3
CH-SH-03-3,ST-SH-03,SH,2026-02-06,4,3,1,1,4
CH-SH-04-1,ST-SH-04,SH,2026-02-06,12,11,1,1,12
CH-SH-04-2,ST-SH-04,SH,2026-02-06,18,18,0,0,17
CH-SH-04-3,ST-SH-04,SH,2026-02-06,3,3,0,0,3
CH-SH-05-1,ST-SH-05,SH,2026-02-06,7,5,2,1,7
CH-SH-05-2,ST-SH-05,SH,2026-02-06,10,10,0,0,10
CH-SH-05-3,ST-SH-05,SH,2026-02-06,5,5,0,0,5
CH-SY-01-1,ST-SY-01,SY,2026-02-06,8,7,1,1,8
CH-SY-01-2,ST-SY-01,SY,2026-02-06,8,8,0,0,8
CH-SY-01-3,ST-SY-01,SY,2026-02-06,3,3,0,0,3
CH-SY-02-1,ST-SY-02,SY,2026-02-06,8,8,0,0,8
CH-SY-02-2,ST-SY-02,SY,2026-02-06,11,11,0,0,11
CH-SY-02-3,ST-SY-02,SY,2026-02-06,4,4,0,0,4
CH-SY-03-1,ST-SY-03,SY,2026-02-06,4,3,1,1,4
CH-SY-03-2,ST-SY-03,SY,2026-02-06,4,4,0,0,4
CH-SY-03-3,ST-SY-03,SY,2026-02-06,3,3,0,0,3
CH-SY-04-1,ST-SY-04,SY,2026-02-06,14,13,1,1,14
CH-SY-04-2,ST-SY-04,SY,2026-02-06,16,16,0,0,16
CH-SY-04-3,ST-SY-04,SY,2026-02-06,7,6,1,1,7
CH-SY-05-1,ST-SY-05,SY,2026-02-06,7,7,0,0,7
CH-SY-05-2,ST-SY-05,SY,2026-02-06,5,5,0,0,5
CH-SY-05-3,ST-SY-05,SY,2026-02-06,4,4,0,0,4
CH-SZ-01-1,ST-SZ-01,SZ,2026-02-06,9,8,1,1,9
CH-SZ-01-2,ST-SZ-01,SZ,2026-02-06,9,9,0,0,9
CH-SZ-01-3,ST-SZ-01,SZ,2026-02-06,4,4,0,0,4
CH-SZ-02-1,ST-SZ-02,SZ,2026-02-06,8,8,0,0,8
CH-SZ-02-2,ST-SZ-02,SZ,2026-02-06,10,9,1,1,10
CH-SZ-02-3,ST-SZ-02,SZ,2026-02-06,5,5,0,0,5
CH-SZ-03-1,ST-SZ-03,SZ,2026-02-06,8,8,0,0,8
CH-SZ-03-2,ST-SZ-03,SZ,2026-02-06,5,5,0,0,5
CH-SZ-03-3,ST-SZ-03,SZ,2026-02-06,4,4,0,0,4
CH-SZ-04-1,ST-SZ-04,SZ,2026-02-06,20,18,2,1,20
CH-SZ-04-2,ST-SZ-04,SZ,2026-02-06,20,20,0,0,18
CH-SZ-04-3,ST-SZ-04,SZ,2026-02-06,6,6,0,0,6
CH-SZ-05-1,ST-SZ-05,SZ,2026-02-06,7,7,0,0,7
CH-SZ-05-2,ST-SZ-05,SZ,2026-02-06,8,8,0,0,8
CH-SZ-05-3,ST-SZ-05,SZ,2026-02-06,4,4,0,0,4
CH-BJ-01-1,ST-BJ-01,BJ,2026-02-07,4,4,0,0,4
CH-BJ-01-2,ST-BJ-01,BJ,2026-02-07,3,3,0,0,3
CH-BJ-01-3,ST-BJ-01,BJ,2026-02-07,5,5,0,0,5
CH-BJ-02-1,ST-BJ-02,BJ,2026-02-07,10,10,0,0,10
CH-BJ-02-2,ST-BJ-02,BJ,2026-02-07,12,10,2,1,12
CH-BJ-02-3,ST-BJ-02,BJ,2026-02-07,5,5,0,0,5
CH-BJ-03-1,ST-BJ-03,BJ,2026-02-07,7,7,0,0,7
CH-BJ-03-2,ST-BJ-03,BJ,2026-02-07,4,4,0,0,4
CH-BJ-03-3,ST-BJ-03,BJ,2026-02-07,1,1,0,0,1
CH-BJ-04-1,ST-BJ-04,BJ,2026-02-07,14,13,1,1,14
CH-BJ-04-2,ST-BJ-04,BJ,2026-02-07,16,16,0,0,16
CH-BJ-04-3,ST-BJ-04,BJ,2026-02-07,6,6,0,0,6
CH-BJ-05-1,ST-BJ-05,BJ,2026-02-07,5,5,0,0,5
CH-BJ-05-2,ST-BJ-05,BJ,2026-02-07,6,6,0,0,6
CH-BJ-05-3,ST-BJ-05,BJ,2026-02-07,4,4,0,0,4
CH-DL-01-1,ST-DL-01,DL,2026-02-07,6,5,1,1,6
CH-DL-01-2,ST-DL-01,DL,2026-02-07,7,7,0,0,7
CH-DL-01-3,ST-DL-01,DL,2026-02-07,3,3,0,0,3
CH-DL-02-1,ST-DL-02,DL,2026-02-07,9,9,0,0,9
CH-DL-02-2,ST-DL-02,DL,2026-02-07,14,14,0,0,14
CH-DL-02-3,ST-DL-02,DL,2026-02-07,7,7,0,0,7
CH-DL-03-1,ST-DL-03,DL,2026-02-07,6,6,0,0,6
CH-DL-03-2,ST-DL-03,DL,2026-02-07,3,3,0,0,3
CH-DL-03-3,ST-DL-03,DL,2026-02-07,4,4,0,0,4
CH-DL-04-1,ST-DL-04,DL,2026-02-07,15,15,0,0,15
CH-DL-04-2,ST-DL-04,DL,2026-02-07,16,16,0,0,16
CH-DL-04-3,ST-DL-04,DL,2026-02-07,5,5,0,0,5
CH-DL-05-1,ST-DL-05,DL,2026-02-07,2,2,0,0,2
CH-DL-05-2,ST-DL-05,DL,2026-02-07,4,4,0,0,4
CH-DL-05-3,ST-DL-05,DL,2026-02-07,1,1,0,0,1
CH-SH-01-1,ST-SH-01,SH,2026-02-07,3,3,0,0,3
CH-SH-01-2,ST-SH-01,SH,2026-02-07,6,5,1,1,6
CH-SH-01-3,ST-SH-01,SH,2026-02-07,4,4,0,0,4
CH-SH-02-1,ST-SH-02,SH,2026-02-07,13,12,1,1,13
CH-SH-02-2,ST-SH-02,SH,2026-02-07,15,14,1,1,15
CH-SH-02-3,ST-SH-02,SH,2026-02-07,6,5,1,1,6
CH-SH-03-1,ST-SH-03,SH,2026-02-07,5,5,0,0,5
CH-SH-03-2,ST-SH-03,SH,2026-02-07,3,3,0,0,3
CH-SH-03-3,ST-SH-03,SH,2026-02-07,3,3,0,0,3
CH-SH-04-1,ST-SH-04,SH,2026-02-07,16,14,2,1,16
CH-SH-04-2,ST-SH-04,SH,2026-02-07,13,13,0,0,13
CH-SH-04-3,ST-SH-04,SH,2026-02-07,4,4,0,0,4
CH-SH-05-1,ST-SH-05,SH,2026-02-07,2,2,0,0,2
CH-SH-05-2,ST-SH-05,SH,2026-02-07,6,6,0,0,6
CH-SH-05-3,ST-SH-05,SH,2026-02-07,2,2,0,0,2
CH-SY-01-1,ST-SY-01,SY,2026-02-07,2,2,0,0,2
CH-SY-01-2,ST-SY-01,SY,2026-02-07,2,2,0,0,2
CH-SY-01-3,ST-SY-01,SY,2026-02-07,2,2,0,0,2
CH-SY-02-1,ST-SY-02,SY,2026-02-07,8,8,0,0,8
CH-SY-02-2,ST-SY-02,SY,2026-02-07,12,12,0,0,12
CH-SY-02-3,ST-SY-02,SY,2026-02-07,5,5,0,0,5
CH-SY-03-1,ST-SY-03,SY,2026-02-07,9,9,0,0,9
CH-SY-03-2,ST-SY-03,SY,2026-02-07,3,3,0,0,3
CH-SY-03-3,ST-SY-03,SY,2026-02-07,4,4,0,0,4
CH-SY-04-1,ST-SY-04,SY,2026-02-07,18,16,2,1,18
CH-SY-04-2,ST-SY-04,SY,2026-02-07,16,16,0,0,16
CH-SY-04-3,ST-SY-04,SY,2026-02-07,6,6,0,0,6
CH-SY-05-1,ST-SY-05,SY,2026-02-07,3,3,0,0,3
CH-SY-05-2,ST-SY-05,SY,2026-02-07,4,4,0,0,4
CH-SY-05-3,ST-SY-05,SY,2026-02-07,4,4,0,0,4
CH-SZ-01-1,ST-SZ-01,SZ,2026-02-07,3,3,0,0,3
CH-SZ-01-2,ST-SZ-01,SZ,2026-02-07,3,3,0,0,3
CH-SZ-01-3,ST-SZ-01,SZ,2026-02-07,3,3,0,0,3
CH-SZ-02-1,ST-SZ-02,SZ,2026-02-07,8,8,0,0,8
CH-SZ-02-2,ST-SZ-02,SZ,2026-02-07,14,14,0,0,14
CH-SZ-02-3,ST-SZ-02,SZ,2026-02-07,5,5,0,0,5
CH-SZ-03-1,ST-SZ-03,SZ,2026-02-07,8,7,1,1,8
CH-SZ-03-2,ST-SZ-03,SZ,2026-02-07,2,2,0,0,2
CH-SZ-03-3,ST-SZ-03,SZ,2026-02-07,2,2,0,0,2
CH-SZ-04-1,ST-SZ-04,SZ,2026-02-07,14,13,1,1,14
CH-SZ-04-2,ST-SZ-04,SZ,2026-02-07,17,17,0,0,17
CH-SZ-04-3,ST-SZ-04,SZ,2026-02-07,5,5,0,0,5
CH-SZ-05-1,ST-SZ-05,SZ,2026-02-07,5,4,1,1,5
CH-SZ-05-2,ST-SZ-05,SZ,2026-02-07,5,5,0,0,5
CH-SZ-05-3,ST-SZ-05,SZ,2026-02-07,2,2,0,0,2
CH-BJ-01-1,ST-BJ-01,BJ,2026-02-08,5,5,0,0,5
CH-BJ-01-2,ST-BJ-01,BJ,2026-02-08,5,5,0,0,5
CH-BJ-01-3,ST-BJ-01,BJ,2026-02-08,3,3,0,0,3
CH-BJ-02-1,ST-BJ-02,BJ,2026-02-08,8,7,1,1,8
CH-BJ-02-2,ST-BJ-02,BJ,2026-02-08,10,10,0,0,9
CH-BJ-02-3,ST-BJ-02,BJ,2026-02-08,4,4,0,0,4
CH-BJ-03-1,ST-BJ-03,BJ,2026-02-08,5,5,0,0,5
CH-BJ-03-2,ST-BJ-03,BJ,2026-02-08,2,2,0,0,2
CH-BJ-03-3,ST-BJ-03,BJ,2026-02-08,2,2,0,0,2
CH-BJ-04-1,ST-BJ-04,BJ,2026-02-08,12,12,0,0,12
CH-BJ-04-2,ST-BJ-04,BJ,2026-02-08,17,17,0,0,17
CH-BJ-04-3,ST-BJ-04,BJ,2026-02-08,4,4,0,0,4
CH-BJ-05-1,ST-BJ-05,BJ,2026-02-08,6,6,0,0,6
CH-BJ-05-2,ST-BJ-05,BJ,2026-02-08,4,4,0,0,4
CH-BJ-05-3,ST-BJ-05,BJ,2026-02-08,3,3,0,0,3
CH-DL-01-1,ST-DL-01,DL,2026-02-08,2,2,0,0,2
CH-DL-01-2,ST-DL-01,DL,2026-02-08,4,4,0,0,4
CH-DL-01-3,ST-DL-01,DL,2026-02-08,5,5,0,0,5
CH-DL-02-1,ST-DL-02,DL,2026-02-08,10,10,0,0,10
CH-DL-02-2,ST-DL-02,DL,2026-02-08,16,16,0,0,16
CH-DL-02-3,ST-DL-02,DL,2026-02-08,6,6,0,0,6
CH-DL-03-1,ST-DL-03,DL,2026-02-08,9,7,2,1,9
CH-DL-03-2,ST-DL-03,DL,2026-02-08,3,3,0,0,3
CH-DL-03-3,ST-DL-03,DL,2026-02-08,2,2,0,0,2
CH-DL-04-1,ST-DL-04,DL,2026-02-08,15,15,0,0,15
CH-DL-04-2,ST-DL-04,DL,2026-02-08,17,17,0,0,17
CH-DL-04-3,ST-DL-04,DL,2026-02-08,7,7,0,0,7
CH-DL-05-1,ST-DL-05,DL,2026-02-08,4,4,0,0,4
CH-DL-05-2,ST-DL-05,DL,2026-02-08,6,6,0,0,6
CH-DL-05-3,ST-DL-05,DL,2026-02-08,4,4,0,0,4
CH-SH-01-1,ST-SH-01,SH,2026-02-08,6,6,0,0,6
CH-SH-01-2,ST-SH-01,SH,2026-02-08,3,3,0,0,3
CH-SH-01-3,ST-SH-01,SH,2026-02-08,5,5,0,0,5
CH-SH-02-1,ST-SH-02,SH,2026-02-08,8,7,1,1,8
CH-SH-02-2,ST-SH-02,SH,2026-02-08,12,12,0,0,12
CH-SH-02-3,ST-SH-02,SH,2026-02-08,6,5,1,1,6
CH-SH-03-1,ST-SH-03,SH,2026-02-08,6,5,1,1,6
CH-SH-03-2,ST-SH-03,SH,2026-02-08,2,2,0,0,2
CH-SH-03-3,ST-SH-03,SH,2026-02-08,3,3,0,0,3
CH-SH-04-1,ST-SH-04,SH,2026-02-08,13,13,0,0,13
CH-SH-04-2,ST-SH-04,SH,2026-02-08,15,15,0,0,15
CH-SH-04-3,ST-SH-04,SH,2026-02-08,6,5,1,1,6
CH-SH-05-1,ST-SH-05,SH,2026-02-08,3,2,1,1,3
CH-SH-05-2,ST-SH-05,SH,2026-02-08,7,7,0,0,7
CH-SH-05-3,ST-SH-05,SH,2026-02-08,2,2,0,0,2
CH-SY-01-1,ST-SY-01,SY,2026-02-08,3,3,0,0,3
CH-SY-01-2,ST-SY-01,SY,2026-02-08,2,2,0,0,2
CH-SY-01-3,ST-SY-01,SY,2026-02-08,3,3,0,0,3
CH-SY-02-1,ST-SY-02,SY,2026-02-08,12,10,2,1,12
CH-SY-02-2,ST-SY-02,SY,2026-02-08,15,15,0,0,15
CH-SY-02-3,ST-SY-02,SY,2026-02-08,5,5,0,0,5
CH-SY-03-1,ST-SY-03,SY,2026-02-08,6,6,0,0,6
CH-SY-03-2,ST-SY-03,SY,2026-02-08,3,3,0,0,3
CH-SY-03-3,ST-SY-03,SY,2026-02-08,2,2,0,0,2
CH-SY-04-1,ST-SY-04,SY,2026-02-08,17,17,0,0,17
CH-SY-04-2,ST-SY-04,SY,2026-02-08,19,19,0,0,19
CH-SY-04-3,ST-SY-04,SY,2026-02-08,6,5,1,1,6
CH-SY-05-1,ST-SY-05,SY,2026-02-08,3,3,0,0,3
CH-SY-05-2,ST-SY-05,SY,2026-02-08,3,3,0,0,3
CH-SY-05-3,ST-SY-05,SY,2026-02-08,3,3,0,0,3
CH-SZ-01-1,ST-SZ-01,SZ,2026-02-08,5,5,0,0,5
CH-SZ-01-2,ST-SZ-01,SZ,2026-02-08,6,6,0,0,6
CH-SZ-01-3,ST-SZ-01,SZ,2026-02-08,4,4,0,0,4
CH-SZ-02-1,ST-SZ-02,SZ,2026-02-08,12,11,1,1,12
CH-SZ-02-2,ST-SZ-02,SZ,2026-02-08,10,10,0,0,10
CH-SZ-02-3,ST-SZ-02,SZ,2026-02-08,4,4,0,0,4
CH-SZ-03-1,ST-SZ-03,SZ,2026-02-08,9,9,0,0,9
CH-SZ-03-2,ST-SZ-03,SZ,2026-02-08,3,3,0,0,3
CH-SZ-03-3,ST-SZ-03,SZ,2026-02-08,3,3,0,0,3
CH-SZ-04-1,ST-SZ-04,SZ,2026-02-08,18,18,0,0,18
CH-SZ-04-2,ST-SZ-04,SZ,2026-02-08,20,20,0,0,20
CH-SZ-04-3,ST-SZ-04,SZ,2026-02-08,4,4,0,0,4
CH-SZ-05-1,ST-SZ-05,SZ,2026-02-08,4,4,0,0,4
CH-SZ-05-2,ST-SZ-05,SZ,2026-02-08,7,7,0,0,7
CH-SZ-05-3,ST-SZ-05,SZ,2026-02-08,3,3,0,0,3
CH-BJ-01-1,ST-BJ-01,BJ,2026-02-09,8,8,0,0,8
CH-BJ-01-2,ST-BJ-01,BJ,2026-02-09,9,9,0,0,9
CH-BJ-01-3,ST-BJ-01,BJ,2026-02-09,4,4,0,0,4
CH-BJ-02-1,ST-BJ-02,BJ,2026-02-09,9,8,1,1,9
CH-BJ-02-2,ST-BJ-02,BJ,2026-02-09,9,9,0,0,9
CH-BJ-02-3,ST-BJ-02,BJ,2026-02-09,5,5,0,0,5
CH-BJ-03-1,ST-BJ-03,BJ,2026-02-09,10,10,0,0,10
CH-BJ-03-2,ST-BJ-03,BJ,2026-02-09,2,2,0,0,2
CH-BJ-03-3,ST-BJ-03,BJ,2026-02-09,2,2,0,0,2
CH-BJ-04-1,ST-BJ-04,BJ,2026-02-09,16,16,0,0,16
CH-BJ-04-2,ST-BJ-04,BJ,2026-02-09,21,19,2,1,21
CH-BJ-04-3,ST-BJ-04,BJ,2026-02-09,4,4,0,0,4
CH-BJ-05-1,ST-BJ-05,BJ,2026-02-09,8,8,0,0,8
CH-BJ-05-2,ST-BJ-05,BJ,2026-02-09,12,9,3,1,12
CH-BJ-05-3,ST-BJ-05,BJ,2026-02-09,5,5,0,0,5
CH-DL-01-1,ST-DL-01,DL,2026-02-09,9,8,1,1,9
CH-DL-01-2,ST-DL-01,DL,2026-02-09,13,12,1,1,13
CH-DL-01-3,ST-DL-01,DL,2026-02-09,3,3,0,0,3
CH-DL-02-1,ST-DL-02,DL,2026-02-09,9,8,1,1,9
CH-DL-02-2,ST-DL-02,DL,2026-02-09,13,13,0,0,13
CH-DL-02-3,ST-DL-02,DL,2026-02-09,5,5,0,0,5
CH-DL-03-1,ST-DL-03,DL,2026-02-09,11,11,0,0,11
CH-DL-03-2,ST-DL-03,DL,2026-02-09,2,2,0,0,2
CH-DL-03-3,ST-DL-03,DL,2026-02-09,3,3,0,0,3
CH-DL-04-1,ST-DL-04,DL,2026-02-09,13,13,0,0,13
CH-DL-04-2,ST-DL-04,DL,2026-02-09,19,18,1,1,19
CH-DL-04-3,ST-DL-04,DL,2026-02-09,5,5,0,0,5
CH-DL-05-1,ST-DL-05,DL,2026-02-09,9,8,1,1,9
CH-DL-05-2,ST-DL-05,DL,2026-02-09,10,10,0,0,10
CH-DL-05-3,ST-DL-05,DL,2026-02-09,4,4,0,0,4
CH-SH-01-1,ST-SH-01,SH,2026-02-09,7,7,0,0,7
CH-SH-01-2,ST-SH-01,SH,2026-02-09,11,10,1,1,11
CH-SH-01-3,ST-SH-01,SH,2026-02-09,5,5,0,0,5
CH-SH-02-1,ST-SH-02,SH,2026-02-09,13,12,1,1,13
CH-SH-02-2,ST-SH-02,SH,2026-02-09,13,13,0,0,13
CH-SH-02-3,ST-SH-02,SH,2026-02-09,3,3,0,0,3
CH-SH-03-1,ST-SH-03,SH,2026-02-09,6,6,0,0,6
CH-SH-03-2,ST-SH-03,SH,2026-02-09,2,2,0,0,2
CH-SH-03-3,ST-SH-03,SH,2026-02-09,2,2,0,0,2
CH-SH-04-1,ST-SH-04,SH,2026-02-09,12,11,1,1,12
CH-SH-04-2,ST-SH-04,SH,2026-02-09,16,15,1,1,16
CH-SH-04-3,ST-SH-04,SH,2026-02-09,4,4,0,0,4
CH-SH-05-1,ST-SH-05,SH,2026-02-09,9,6,3,1,9
CH-SH-05-2,ST-SH-05,SH,2026-02-09,5,4,1,1,5
CH-SH-05-3,ST-SH-05,SH,2026-02-09,3,3,0,0,3
CH-SY-01-1,ST-SY-01,SY,2026-02-09,8,8,0,0,8
CH-SY-01-2,ST-SY-01,SY,2026-02-09,15,13,2,1,15
CH-SY-01-3,ST-SY-01,SY,2026-02-09,5,4,1,1,5
CH-SY-02-1,ST-SY-02,SY,2026-02-09,13,12,1,1,13
CH-SY-02-2,ST-SY-02,SY,2026-02-09,12,12,0,0,12
CH-SY-02-3,ST-SY-02,SY,2026-02-09,3,3,0,0,3
CH-SY-03-1,ST-SY-03,SY,2026-02-09,7,7,0,0,7
CH-SY-03-2,ST-SY-03,SY,2026-02-09,2,2,0,0,2
CH-SY-03-3,ST-SY-03,SY,2026-02-09,2,2,0,0,2
CH-SY-04-1,ST-SY-04,SY,2026-02-09,22,18,4,1,22
CH-SY-04-2,ST-SY-04,SY,2026-02-09,16,16,0,0,16
CH-SY-04-3,ST-SY-04,SY,2026-02-09,4,4,0,0,4
CH-SY-05-1,ST-SY-05,SY,2026-02-09,6,5,1,1,6
CH-SY-05-2,ST-SY-05,SY,2026-02-09,7,7,0,0,7
CH-SY-05-3,ST-SY-05,SY,2026-02-09,3,3,0,0,3
CH-SZ-01-1,ST-SZ-01,SZ,2026-02-09,10,9,1,1,10
CH-SZ-01-2,ST-SZ-01,SZ,2026-02-09,13,12,1,1,13
CH-SZ-01-3,ST-SZ-01,SZ,2026-02-09,3,3,0,0,3
CH-SZ-02-1,ST-SZ-02,SZ,2026-02-09,10,9,1,1,10
CH-SZ-02-2,ST-SZ-02,SZ,2026-02-09,10,10,0,0,10
CH-SZ-02-3,ST-SZ-02,SZ,2026-02-09,4,4,0,0,4
CH-SZ-03-1,ST-SZ-03,SZ,2026-02-09,7,6,1,1,7
CH-SZ-03-2,ST-SZ-03,SZ,2026-02-09,2,2,0,0,2
CH-SZ-03-3,ST-SZ-03,SZ,2026-02-09,1,1,0,0,1
CH-SZ-04-1,ST-SZ-04,SZ,2026-02-09,17,16,1,1,17
CH-SZ-04-2,ST-SZ-04,SZ,2026-02-09,22,21,1,1,22
CH-SZ-04-3,ST-SZ-04,SZ,2026-02-09,4,4,0,0,4
CH-SZ-05-1,ST-SZ-05,SZ,2026-02-09,7,7,0,0,7
CH-SZ-05-2,ST-SZ-05,SZ,2026-02-09,7,7,0,0,7
CH-SZ-05-3,ST-SZ-05,SZ,2026-02-09,4,4,0,0,4
CH-BJ-01-1,ST-BJ-01,BJ,2026-02-10,9,9,0,0,9
CH-BJ-01-2,ST-BJ-01,BJ,2026-02-10,11,11,0,0,11
CH-BJ-01-3,ST-BJ-01,BJ,2026-02-10,4,4,0,0,4
CH-BJ-02-1,ST-BJ-02,BJ,2026-02-10,9,9,0,0,9
CH-BJ-02-2,ST-BJ-02,BJ,2026-02-10,14,14,0,0,14
CH-BJ-02-3,ST-BJ-02,BJ,2026-02-10,4,4,0,0,4
CH-BJ-03-1,ST-BJ-03,BJ,2026-02-10,5,5,0,0,5
CH-BJ-03-2,ST-BJ-03,BJ,2026-02-10,1,1,0,0,1
CH-BJ-03-3,ST-BJ-03,BJ,2026-02-10,1,1,0,0,1
CH-BJ-04-1,ST-BJ-04,BJ,2026-02-10,13,12,1,1,13
CH-BJ-04-2,ST-BJ-04,BJ,2026-02-10,16,16,0,0,16
CH-BJ-04-3,ST-BJ-04,BJ,2026-02-10,7,6,1,1,7
CH-BJ-05-1,ST-BJ-05,BJ,2026-02-10,11,10,1,1,11
CH-BJ-05-2,ST-BJ-05,BJ,2026-02-10,7,7,0,0,7
CH-BJ-05-3,ST-BJ-05,BJ,2026-02-10,3,3,0,0,3
CH-DL-01-1,ST-DL-01,DL,2026-02-10,11,9,2,1,11
CH-DL-01-2,ST-DL-01,DL,2026-02-10,11,10,1,1,11
CH-DL-01-3,ST-DL-01,DL,2026-02-10,5,4,1,1,5
CH-DL-02-1,ST-DL-02,DL,2026-02-10,8,8,0,0,8
CH-DL-02-2,ST-DL-02,DL,2026-02-10,16,16,0,0,16
CH-DL-02-3,ST-DL-02,DL,2026-02-10,2,2,0,0,2
CH-DL-03-1,ST-DL-03,DL,2026-02-10,7,6,1,1,7
CH-DL-03-2,ST-DL-03,DL,2026-02-10,3,3,0,0,3
CH-DL-03-3,ST-DL-03,DL,2026-02-10,3,3,0,0,3
CH-DL-04-1,ST-DL-04,DL,2026-02-10,18,18,0,0,18
CH-DL-04-2,ST-DL-04,DL,2026-02-10,19,19,0,0,19
CH-DL-04-3,ST-DL-04,DL,2026-02-10,5,5,0,0,5
CH-DL-05-1,ST-DL-05,DL,2026-02-10,4,4,0,0,4
CH-DL-05-2,ST-DL-05,DL,2026-02-10,7,7,0,0,7
CH-DL-05-3,ST-DL-05,DL,2026-02-10,5,5,0,0,5
CH-SH-01-1,ST-SH-01,SH,2026-02-10,9,8,1,1,9
CH-SH-01-2,ST-SH-01,SH,2026-02-10,12,12,0,0,12
CH-SH-01-3,ST-SH-01,SH,2026-02-10,5,5,0,0,5
CH-SH-02-1,ST-SH-02,SH,2026-02-10,10,10,0,0,10
CH-SH-02-2,ST-SH-02,SH,2026-02-10,16,16,0,0,16
CH-SH-02-3,ST-SH-02,SH,2026-02-10,6,6,0,0,6
CH-SH-03-1,ST-SH-03,SH,2026-02-10,6,6,0,0,6
CH-SH-03-2,ST-SH-03,SH,2026-02-10,1,1,0,0,1
CH-SH-03-3,ST-SH-03,SH,2026-02-10,4,4,0,0,4
CH-SH-04-1,ST-SH-04,SH,2026-02-10,17,13,4,1,16
CH-SH-04-2,ST-SH-04,SH,2026-02-10,17,17,0,0,17
CH-SH-04-3,ST-SH-04,SH,2026-02-10,4,4,0,0,4
CH-SH-05-1,ST-SH-05,SH,2026-02-10,7,6,1,1,7
CH-SH-05-2,ST-SH-05,SH,2026-02-10,9,9,0,0,9
CH-SH-05-3,ST-SH-05,SH,2026-02-10,3,3,0,0,3
CH-SY-01-1,ST-SY-01,SY,2026-02-10,6,6,0,0,6
CH-SY-01-2,ST-SY-01,SY,2026-02-10,6,6,0,0,6
CH-SY-01-3,ST-SY-01,SY,2026-02-10,5,4,1,1,5
CH-SY-02-1,ST-SY-02,SY,2026-02-10,9,9,0,0,9
CH-SY-02-2,ST-SY-02,SY,2026-02-10,11,10,1,1,11
CH-SY-02-3,ST-SY-02,SY,2026-02-10,5,5,0,0,5
CH-SY-03-1,ST-SY-03,SY,2026-02-10,8,8,0,0,8
CH-SY-03-2,ST-SY-03,SY,2026-02-10,2,2,0,0,2
CH-SY-03-3,ST-SY-03,SY,2026-02-10,3,3,0,0,3
CH-SY-04-1,ST-SY-04,SY,2026-02-10,16,15,1,1,16
CH-SY-04-2,ST-SY-04,SY,2026-02-10,25,24,1,1,25
CH-SY-04-3,ST-SY-04,SY,2026-02-10,5,5,0,0,5
CH-SY-05-1,ST-SY-05,SY,2026-02-10,8,8,0,0,8
CH-SY-05-2,ST-SY-05,SY,2026-02-10,7,7,0,0,7
CH-SY-05-3,ST-SY-05,SY,2026-02-10,4,4,0,0,4
CH-SZ-01-1,ST-SZ-01,SZ,2026-02-10,7,7,0,0,7
CH-SZ-01-2,ST-SZ-01,SZ,2026-02-10,11,11,0,0,11
CH-SZ-01-3,ST-SZ-01,SZ,2026-02-10,3,3,0,0,3
CH-SZ-02-1,ST-SZ-02,SZ,2026-02-10,8,8,0,0,8
CH-SZ-02-2,ST-SZ-02,SZ,2026-02-10,8,7,1,1,8
CH-SZ-02-3,ST-SZ-02,SZ,2026-02-10,3,3,0,0,3
CH-SZ-03-1,ST-SZ-03,SZ,2026-02-10,5,5,0,0,5
CH-SZ-03-2,ST-SZ-03,SZ,2026-02-10,2,2,0,0,2
CH-SZ-03-3,ST-SZ-03,SZ,2026-02-10,1,1,0,0,1
CH-SZ-04-1,ST-SZ-04,SZ,2026-02-10,14,13,1,1,14
CH-SZ-04-2,ST-SZ-04,SZ,2026-02-10,17,17,0,0,17
CH-SZ-04-3,ST-SZ-04,SZ,2026-02-10,5,5,0,0,5
CH-SZ-05-1,ST-SZ-05,SZ,2026-02-10,9,8,1,1,9
CH-SZ-05-2,ST-SZ-05,SZ,2026-02-10,10,10,0,0,10
CH-SZ-05-3,ST-SZ-05,SZ,2026-02-10,4,4,0,0,4
CH-BJ-01-1,ST-BJ-01,BJ,2026-02-11,11,11,0,0,11
CH-BJ-01-2,ST-BJ-01,BJ,2026-02-11,12,12,0,0,12
CH-BJ-01-3,ST-BJ-01,BJ,2026-02-11,3,3,0,0,3
CH-BJ-02-1,ST-BJ-02,BJ,2026-02-11,10,10,0,0,10
CH-BJ-02-2,ST-BJ-02,BJ,2026-02-11,13,13,0,0,13
CH-BJ-02-3,ST-BJ-02,BJ,2026-02-11,4,4,0,0,4
CH-BJ-03-1,ST-BJ-03,BJ,2026-02-11,8,8,0,0,8
CH-BJ-03-2,ST-BJ-03,BJ,2026-02-11,1,1,0,0,1
CH-BJ-03-3,ST-BJ-03,BJ,2026-02-11,1,1,0,0,1
CH-BJ-04-1,ST-BJ-04,BJ,2026-02-11,8,8,0,0,8
CH-BJ-04-2,ST-BJ-04,BJ,2026-02-11,17,17,0,0,17
CH-BJ-04-3,ST-BJ-04,BJ,2026-02-11,4,4,0,0,4
CH-BJ-05-1,ST-BJ-05,BJ,2026-02-11,8,7,1,1,8
CH-BJ-05-2,ST-BJ-05,BJ,2026-02-11,10,10,0,0,10
CH-BJ-05-3,ST-BJ-05,BJ,2026-02-11,4,4,0,0,4
CH-DL-01-1,ST-DL-01,DL,2026-02-11,8,8,0,0,8
CH-DL-01-2,ST-DL-01,DL,2026-02-11,8,8,0,0,8
CH-DL-01-3,ST-DL-01,DL,2026-02-11,2,2,0,0,2
CH-DL-02-1,ST-DL-02,DL,2026-02-11,10,9,1,1,10
CH-DL-02-2,ST-DL-02,DL,2026-02-11,12,11,1,1,12
CH-DL-02-3,ST-DL-02,DL,2026-02-11,4,4,0,0,4
CH-DL-03-1,ST-DL-03,DL,2026-02-11,11,11,0,0,11
CH-DL-03-2,ST-DL-03,DL,2026-02-11,4,4,0,0,4
CH-DL-03-3,ST-DL-03,DL,2026-02-11,3,3,0,0,3
CH-DL-04-1,ST-DL-04,DL,2026-02-11,15,13,2,1,14
CH-DL-04-2,ST-DL-04,DL,2026-02-11,17,17,0,0,17
CH-DL-04-3,ST-DL-04,DL,2026-02-11,5,5,0,0,5
CH-DL-05-1,ST-DL-05,DL,2026-02-11,11,10,1,1,11
CH-DL-05-2,ST-DL-05,DL,2026-02-11,9,9,0,0,9
CH-DL-05-3,ST-DL-05,DL,2026-02-11,1,1,0,0,1
CH-SH-01-1,ST-SH-01,SH,2026-02-11,7,6,1,1,7
CH-SH-01-2,ST-SH-01,SH,2026-02-11,10,10,0,0,10
CH-SH-01-3,ST-SH-01,SH,2026-02-11,2,2,0,0,2
CH-SH-02-1,ST-SH-02,SH,2026-02-11,9,9,0,0,9
CH-SH-02-2,ST-SH-02,SH,2026-02-11,16,15,1,1,16
CH-SH-02-3,ST-SH-02,SH,2026-02-11,4,4,0,0,4
CH-SH-03-1,ST-SH-03,SH,2026-02-11,7,7,0,0,7
CH-SH-03-2,ST-SH-03,SH,2026-02-11,3,3,0,0,3
CH-SH-03-3,ST-SH-03,SH,2026-02-11,4,4,0,0,4
CH-SH-04-1,ST-SH-04,SH,2026-02-11,16,14,2,1,15
CH-SH-04-2,ST-SH-04,SH,2026-02-11,16,16,0,0,16
CH-SH-04-3,ST-SH-04,SH,2026-02-11,4,4,0,0,4
CH-SH-05-1,ST-SH-05,SH,2026-02-11,3,3,0,0,3
CH-SH-05-2,ST-SH-05,SH,2026-02-11,6,6,0,0,6
CH-SH-05-3,ST-SH-05,SH,2026-02-11,3,3,0,0,3
CH-SY-01-1,ST-SY-01,SY,2026-02-11,6,6,0,0,6
CH-SY-01-2,ST-SY-01,SY,2026-02-11,11,11,0,0,11
CH-SY-01-3,ST-SY-01,SY,2026-02-11,5,5,0,0,5
CH-SY-02-1,ST-SY-02,SY,2026-02-11,10,10,0,0,10
CH-SY-02-2,ST-SY-02,SY,2026-02-11,17,17,0,0,17
CH-SY-02-3,ST-SY-02,SY,2026-02-11,5,5,0,0,5
CH-SY-03-1,ST-SY-03,SY,2026-02-11,7,7,0,0,7
CH-SY-03-2,ST-SY-03,SY,2026-02-11,2,2,0,0,2
CH-SY-03-3,ST-SY-03,SY,2026-02-11,3,3,0,0,3
CH-SY-04-1,ST-SY-04,SY,2026-02-11,13,13,0,0,13
CH-SY-04-2,ST-SY-04,SY,2026-02-11,13,13,0,0,13
CH-SY-04-3,ST-SY-04,SY,2026-02-11,5,5,0,0,5
CH-SY-05-1,ST-SY-05,SY,2026-02-11,7,7,0,0,7
CH-SY-05-2,ST-SY-05,SY,2026-02-11,10,9,1,1,10
CH-SY-05-3,ST-SY-05,SY,2026-02-11,4,4,0,0,4
CH-SZ-01-1,ST-SZ-01,SZ,2026-02-11,9,9,0,0,9
CH-SZ-01-2,ST-SZ-01,SZ,2026-02-11,12,11,1,1,12
CH-SZ-01-3,ST-SZ-01,SZ,2026-02-11,4,4,0,0,4
CH-SZ-02-1,ST-SZ-02,SZ,2026-02-11,8,8,0,0,8
CH-SZ-02-2,ST-SZ-02,SZ,2026-02-11,13,13,0,0,13
CH-SZ-02-3,ST-SZ-02,SZ,2026-02-11,4,4,0,0,4
CH-SZ-03-1,ST-SZ-03,SZ,2026-02-11,8,7,1,1,8
CH-SZ-03-2,ST-SZ-03,SZ,2026-02-11,2,2,0,0,2
CH-SZ-03-3,ST-SZ-03,SZ,2026-02-11,1,1,0,0,1
CH-SZ-04-1,ST-SZ-04,SZ,2026-02-11,14,13,1,1,14
CH-SZ-04-2,ST-SZ-04,SZ,2026-02-11,18,17,1,1,18
CH-SZ-04-3,ST-SZ-04,SZ,2026-02-11,5,5,0,0,5
CH-SZ-05-1,ST-SZ-05,SZ,2026-02-11,8,7,1,1,8
CH-SZ-05-2,ST-SZ-05,SZ,2026-02-11,12,11,1,1,12
CH-SZ-05-3,ST-SZ-05,SZ,2026-02-11,5,5,0,0,5
CH-BJ-01-1,ST-BJ-01,BJ,2026-02-12,10,9,1,1,10
CH-BJ-01-2,ST-BJ-01,BJ,2026-02-12,13,12,1,1,13
CH-BJ-01-3,ST-BJ-01,BJ,2026-02-12,5,5,0,0,5
CH-BJ-02-1,ST-BJ-02,BJ,2026-02-12,13,12,1,1,12
CH-BJ-02-2,ST-BJ-02,BJ,2026-02-12,15,15,0,0,15
CH-BJ-02-3,ST-BJ-02,BJ,2026-02-12,5,5,0,0,5
CH-BJ-03-1,ST-BJ-03,BJ,2026-02-12,4,4,0,0,4
CH-BJ-03-2,ST-BJ-03,BJ,2026-02-12,2,2,0,0,2
CH-BJ-03-3,ST-BJ-03,BJ,2026-02-12,3,3,0,0,3
CH-BJ-04-1,ST-BJ-04,BJ,2026-02-12,15,15,0,0,15
CH-BJ-04-2,ST-BJ-04,BJ,2026-02-12,19,18,1,1,19
CH-BJ-04-3,ST-BJ-04,BJ,2026-02-12,6,5,1,1,6
CH-BJ-05-1,ST-BJ-05,BJ,2026-02-12,9,9,0,0,9
CH-BJ-05-2,ST-BJ-05,BJ,2026-02-12,7,7,0,0,7
CH-BJ-05-3,ST-BJ-05,BJ,2026-02-12,3,3,0,0,3
CH-DL-01-1,ST-DL-01,DL,2026-02-12,9,9,0,0,9
CH-DL-01-2,ST-DL-01,DL,2026-02-12,11,11,0,0,11
CH-DL-01-3,ST-DL-01,DL,2026-02-12,5,5,0,0,5
CH-DL-02-1,ST-DL-02,DL,2026-02-12,13,12,1,1,13
CH-DL-02-2,ST-DL-02,DL,2026-02-12,13,12,1,1,13
CH-DL-02-3,ST-DL-02,DL,2026-02-12,4,4,0,0,4
CH-DL-03-1,ST-DL-03,DL,2026-02-12,5,5,0,0,5
CH-DL-03-2,ST-DL-03,DL,2026-02-12,2,2,0,0,2
CH-DL-03-3,ST-DL-03,DL,2026-02-12,2,2,0,0,2
CH-DL-04-1,ST-DL-04,DL,2026-02-12,18,18,0,0,18
CH-DL-04-2,ST-DL-04,DL,2026-02-12,21,20,1,1,21
CH-DL-04-3,ST-DL-04,DL,2026-02-12,4,4,0,0,4
CH-DL-05-1,ST-DL-05,DL,2026-02-12,6,5,1,1,6
CH-DL-05-2,ST-DL-05,DL,2026-02-12,7,7,0,0,7
CH-DL-05-3,ST-DL-05,DL,2026-02-12,4,4,0,0,4
CH-SH-01-1,ST-SH-01,SH,2026-02-12,10,10,0,0,10
CH-SH-01-2,ST-SH-01,SH,2026-02-12,14,14,0,0,14
CH-SH-01-3,ST-SH-01,SH,2026-02-12,7,7,0,0,7
CH-SH-02-1,ST-SH-02,SH,2026-02-12,11,9,2,1,10
CH-SH-02-2,ST-SH-02,SH,2026-02-12,16,16,0,0,16
CH-SH-02-3,ST-SH-02,SH,2026-02-12,6,6,0,0,6
CH-SH-03-1,ST-SH-03,SH,2026-02-12,8,8,0,0,8
CH-SH-03-2,ST-SH-03,SH,2026-02-12,2,2,0,0,2
CH-SH-03-3,ST-SH-03,SH,2026-02-12,3,3,0,0,3
CH-SH-04-1,ST-SH-04,SH,2026-02-12,17,16,1,1,17
CH-SH-04-2,ST-SH-04,SH,2026-02-12,22,22,0,0,21
CH-SH-04-3,ST-SH-04,SH,2026-02-12,5,5,0,0,5
CH-SH-05-1,ST-SH-05,SH,2026-02-12,9,8,1,1,9
CH-SH-05-2,ST-SH-05,SH,2026-02-12,8,8,0,0,8
CH-SH-05-3,ST-SH-05,SH,2026-02-12,5,5,0,0,5
CH-SY-01-1,ST-SY-01,SY,2026-02-12,8,8,0,0,8
CH-SY-01-2,ST-SY-01,SY,2026-02-12,12,12,0,0,12
CH-SY-01-3,ST-SY-01,SY,2026-02-12,4,4,0,0,4
CH-SY-02-1,ST-SY-02,SY,2026-02-12,8,8,0,0,8
CH-SY-02-2,ST-SY-02,SY,2026-02-12,15,14,1,1,15
CH-SY-02-3,ST-SY-02,SY,2026-02-12,3,3,0,0,3
CH-SY-03-1,ST-SY-03,SY,2026-02-12,8,8,0,0,8
CH-SY-03-2,ST-SY-03,SY,2026-02-12,2,2,0,0,2
CH-SY-03-3,ST-SY-03,SY,2026-02-12,1,1,0,0,1
CH-SY-04-1,ST-SY-04,SY,2026-02-12,16,15,1,1,15
CH-SY-04-2,ST-SY-04,SY,2026-02-12,20,20,0,0,18
CH-SY-04-3,ST-SY-04,SY,2026-02-12,6,6,0,0,6
CH-SY-05-1,ST-SY-05,SY,2026-02-12,4,4,0,0,4
CH-SY-05-2,ST-SY-05,SY,2026-02-12,6,6,0,0,6
CH-SY-05-3,ST-SY-05,SY,2026-02-12,3,3,0,0,3
CH-SZ-01-1,ST-SZ-01,SZ,2026-02-12,8,8,0,0,8
CH-SZ-01-2,ST-SZ-01,SZ,2026-02-12,12,12,0,0,12
CH-SZ-01-3,ST-SZ-01,SZ,2026-02-12,4,4,0,0,4
CH-SZ-02-1,ST-SZ-02,SZ,2026-02-12,8,8,0,0,8
CH-SZ-02-2,ST-SZ-02,SZ,2026-02-12,13,13,0,0,13
CH-SZ-02-3,ST-SZ-02,SZ,2026-02-12,4,4,0,0,4
CH-SZ-03-1,ST-SZ-03,SZ,2026-02-12,3,2,1,1,3
CH-SZ-03-2,ST-SZ-03,SZ,2026-02-12,1,1,0,0,1
CH-SZ-03-3,ST-SZ-03,SZ,2026-02-12,2,2,0,0,2
CH-SZ-04-1,ST-SZ-04,SZ,2026-02-12,14,14,0,0,14
CH-SZ-04-2,ST-SZ-04,SZ,2026-02-12,15,15,0,0,15
CH-SZ-04-3,ST-SZ-04,SZ,2026-02-12,2,2,0,0,2
CH-SZ-05-1,ST-SZ-05,SZ,2026-02-12,8,6,2,1,8
CH-SZ-05-2,ST-SZ-05,SZ,2026-02-12,11,11,0,0,11
CH-SZ-05-3,ST-SZ-05,SZ,2026-02-12,3,3,0,0,3
CH-BJ-01-1,ST-BJ-01,BJ,2026-02-13,12,12,0,0,12
CH-BJ-01-2,ST-BJ-01,BJ,2026-02-13,12,11,1,1,12
CH-BJ-01-3,ST-BJ-01,BJ,2026-02-13,4,4,0,0,4
CH-BJ-02-1,ST-BJ-02,BJ,2026-02-13,10,10,0,0,10
CH-BJ-02-2,ST-BJ-02,BJ,2026-02-13,9,8,1,1,9
CH-BJ-02-3,ST-BJ-02,BJ,2026-02-13,3,3,0,0,3
CH-BJ-03-1,ST-BJ-03,BJ,2026-02-13,7,7,0,0,7
CH-BJ-03-2,ST-BJ-03,BJ,2026-02-13,1,1,0,0,1
CH-BJ-03-3,ST-BJ-03,BJ,2026-02-13,2,2,0,0,2
CH-BJ-04-1,ST-BJ-04,BJ,2026-02-13,14,14,0,0,14
CH-BJ-04-2,ST-BJ-04,BJ,2026-02-13,16,16,0,0,16
CH-BJ-04-3,ST-BJ-04,BJ,2026-02-13,6,6,0,0,6
CH-BJ-05-1,ST-BJ-05,BJ,2026-02-13,11,11,0,0,11
CH-BJ-05-2,ST-BJ-05,BJ,2026-02-13,10,10,0,0,10
CH-BJ-05-3,ST-BJ-05,BJ,2026-02-13,4,4,0,0,4
CH-DL-01-1,ST-DL-01,DL,2026-02-13,5,4,1,1,5
CH-DL-01-2,ST-DL-01,DL,2026-02-13,7,7,0,0,7
CH-DL-01-3,ST-DL-01,DL,2026-02-13,5,4,1,1,5
CH-DL-02-1,ST-DL-02,DL,2026-02-13,13,12,1,1,13
CH-DL-02-2,ST-DL-02,DL,2026-02-13,13,11,2,1,13
CH-DL-02-3,ST-DL-02,DL,2026-02-13,3,3,0,0,3
CH-DL-03-1,ST-DL-03,DL,2026-02-13,8,8,0,0,8
CH-DL-03-2,ST-DL-03,DL,2026-02-13,1,1,0,0,1
CH-DL-03-3,ST-DL-03,DL,2026-02-13,2,2,0,0,2
CH-DL-04-1,ST-DL-04,DL,2026-02-13,15,14,1,1,15
CH-DL-04-2,ST-DL-04,DL,2026-02-13,17,17,0,0,17
CH-DL-04-3,ST-DL-04,DL,2026-02-13,5,5,0,0,5
CH-DL-05-1,ST-DL-05,DL,2026-02-13,5,5,0,0,5
CH-DL-05-2,ST-DL-05,DL,2026-02-13,7,7,0,0,7
CH-DL-05-3,ST-DL-05,DL,2026-02-13,1,1,0,0,1
CH-SH-01-1,ST-SH-01,SH,2026-02-13,10,10,0,0,10
CH-SH-01-2,ST-SH-01,SH,2026-02-13,13,13,0,0,13
CH-SH-01-3,ST-SH-01,SH,2026-02-13,3,3,0,0,3
CH-SH-02-1,ST-SH-02,SH,2026-02-13,14,14,0,0,14
CH-SH-02-2,ST-SH-02,SH,2026-02-13,12,12,0,0,12
CH-SH-02-3,ST-SH-02,SH,2026-02-13,5,5,0,0,5
CH-SH-03-1,ST-SH-03,SH,2026-02-13,7,7,0,0,7
CH-SH-03-2,ST-SH-03,SH,2026-02-13,2,2,0,0,2
CH-SH-03-3,ST-SH-03,SH,2026-02-13,2,2,0,0,2
CH-SH-04-1,ST-SH-04,SH,2026-02-13,10,10,0,0,10
CH-SH-04-2,ST-SH-04,SH,2026-02-13,16,16,0,0,16
CH-SH-04-3,ST-SH-04,SH,2026-02-13,5,5,0,0,5
CH-SH-05-1,ST-SH-05,SH,2026-02-13,4,4,0,0,4
CH-SH-05-2,ST-SH-05,SH,2026-02-13,9,9,0,0,9
CH-SH-05-3,ST-SH-05,SH,2026-02-13,4,4,0,0,4
CH-SY-01-1,ST-SY-01,SY,2026-02-13,8,8,0,0,8
CH-SY-01-2,ST-SY-01,SY,2026-02-13,12,12,0,0,12
CH-SY-01-3,ST-SY-01,SY,2026-02-13,6,6,0,0,6
CH-SY-02-1,ST-SY-02,SY,2026-02-13,12,12,0,0,12
CH-SY-02-2,ST-SY-02,SY,2026-02-13,11,11,0,0,11
CH-SY-02-3,ST-SY-02,SY,2026-02-13,6,6,0,0,6
CH-SY-03-1,ST-SY-03,SY,2026-02-13,13,9,4,1,13
CH-SY-03-2,ST-SY-03,SY,2026-02-13,2,2,0,0,2
CH-SY-03-3,ST-SY-03,SY,2026-02-13,2,2,0,0,2
CH-SY-04-1,ST-SY-04,SY,2026-02-13,12,12,0,0,12
CH-SY-04-2,ST-SY-04,SY,2026-02-13,18,17,1,1,17
CH-SY-04-3,ST-SY-04,SY,2026-02-13,4,4,0,0,4
CH-SY-05-1,ST-SY-05,SY,2026-02-13,5,5,0,0,5
CH-SY-05-2,ST-SY-05,SY,2026-02-13,9,9,0,0,9
CH-SY-05-3,ST-SY-05,SY,2026-02-13,5,5,0,0,5
CH-SZ-01-1,ST-SZ-01,SZ,2026-02-13,10,9,1,1,10
CH-SZ-01-2,ST-SZ-01,SZ,2026-02-13,13,12,1,1,13
CH-SZ-01-3,ST-SZ-01,SZ,2026-02-13,2,2,0,0,2
CH-SZ-02-1,ST-SZ-02,SZ,2026-02-13,12,12,0,0,12
CH-SZ-02-2,ST-SZ-02,SZ,2026-02-13,9,9,0,0,9
CH-SZ-02-3,ST-SZ-02,SZ,2026-02-13,3,3,0,0,3
CH-SZ-03-1,ST-SZ-03,SZ,2026-02-13,7,7,0,0,7
CH-SZ-03-2,ST-SZ-03,SZ,2026-02-13,1,1,0,0,1
CH-SZ-03-3,ST-SZ-03,SZ,2026-02-13,2,2,0,0,2
CH-SZ-04-1,ST-SZ-04,SZ,2026-02-13,14,14,0,0,14
CH-SZ-04-2,ST-SZ-04,SZ,2026-02-13,25,25,0,0,25
CH-SZ-04-3,ST-SZ-04,SZ,2026-02-13,5,5,0,0,5
CH-SZ-05-1,ST-SZ-05,SZ,2026-02-13,7,6,1,1,7
CH-SZ-05-2,ST-SZ-05,SZ,2026-02-13,12,12,0,0,12
CH-SZ-05-3,ST-SZ-05,SZ,2026-02-13,4,4,0,0,4
CH-BJ-01-1,ST-BJ-01,BJ,2026-02-14,7,7,0,0,7
CH-BJ-01-2,ST-BJ-01,BJ,2026-02-14,10,10,0,0,10
CH-BJ-01-3,ST-BJ-01,BJ,2026-02-14,6,6,0,0,6
CH-BJ-02-1,ST-BJ-02,BJ,2026-02-14,7,6,1,1,7
CH-BJ-02-2,ST-BJ-02,BJ,2026-02-14,10,10,0,0,10
CH-BJ-02-3,ST-BJ-02,BJ,2026-02-14,3,3,0,0,3
CH-BJ-03-1,ST-BJ-03,BJ,2026-02-14,5,5,0,0,5
CH-BJ-03-2,ST-BJ-03,BJ,2026-02-14,1,1,0,0,1
CH-BJ-03-3,ST-BJ-03,BJ,2026-02-14,2,2,0,0,2
CH-BJ-04-1,ST-BJ-04,BJ,2026-02-14,18,17,1,1,18
CH-BJ-04-2,ST-BJ-04,BJ,2026-02-14,16,15,1,1,15
CH-BJ-04-3,ST-BJ-04,BJ,2026-02-14,2,2,0,0,2
CH-BJ-05-1,ST-BJ-05,BJ,2026-02-14,9,9,0,0,9
CH-BJ-05-2,ST-BJ-05,BJ,2026-02-14,9,9,0,0,9
CH-BJ-05-3,ST-BJ-05,BJ,2026-02-14,5,5,0,0,5
CH-DL-01-1,ST-DL-01,DL,2026-02-14,14,11,3,1,14
CH-DL-01-2,ST-DL-01,DL,2026-02-14,16,15,1,1,16
CH-DL-01-3,ST-DL-01,DL,2026-02-14,3,3,0,0,3
CH-DL-02-1,ST-DL-02,DL,2026-02-14,12,11,1,1,12
CH-DL-02-2,ST-DL-02,DL,2026-02-14,15,15,0,0,15
CH-DL-02-3,ST-DL-02,DL,2026-02-14,7,6,1,1,7
CH-DL-03-1,ST-DL-03,DL,2026-02-14,7,7,0,0,7
CH-DL-03-2,ST-DL-03,DL,2026-02-14,2,2,0,0,2
CH-DL-03-3,ST-DL-03,DL,2026-02-14,1,1,0,0,1
CH-DL-04-1,ST-DL-04,DL,2026-02-14,17,16,1,1,16
CH-DL-04-2,ST-DL-04,DL,2026-02-14,20,19,1,1,19
CH-DL-04-3,ST-DL-04,DL,2026-02-14,4,4,0,0,4
CH-DL-05-1,ST-DL-05,DL,2026-02-14,6,6,0,0,6
CH-DL-05-2,ST-DL-05,DL,2026-02-14,9,9,0,0,9
CH-DL-05-3,ST-DL-05,DL,2026-02-14,4,4,0,0,4
CH-SH-01-1,ST-SH-01,SH,2026-02-14,9,9,0,0,9
CH-SH-01-2,ST-SH-01,SH,2026-02-14,10,10,0,0,10
CH-SH-01-3,ST-SH-01,SH,2026-02-14,3,3,0,0,3
CH-SH-02-1,ST-SH-02,SH,2026-02-14,10,9,1,1,10
CH-SH-02-2,ST-SH-02,SH,2026-02-14,14,12,2,1,14
CH-SH-02-3,ST-SH-02,SH,2026-02-14,4,4,0,0,4
CH-SH-03-1,ST-SH-03,SH,2026-02-14,9,9,0,0,9
CH-SH-03-2,ST-SH-03,SH,2026-02-14,2,2,0,0,2
CH-SH-03-3,ST-SH-03,SH,2026-02-14,2,2,0,0,2
CH-SH-04-1,ST-SH-04,SH,2026-02-14,19,19,0,0,19
CH-SH-04-2,ST-SH-04,SH,2026-02-14,17,17,0,0,17
CH-SH-04-3,ST-SH-04,SH,2026-02-14,5,5,0,0,5
CH-SH-05-1,ST-SH-05,SH,2026-02-14,8,8,0,0,8
CH-SH-05-2,ST-SH-05,SH,2026-02-14,9,9,0,0,9
CH-SH-05-3,ST-SH-05,SH,2026-02-14,2,2,0,0,2
CH-SY-01-1,ST-SY-01,SY,2026-02-14,6,5,1,1,6
CH-SY-01-2,ST-SY-01,SY,2026-02-14,9,8,1,1,9
CH-SY-01-3,ST-SY-01,SY,2026-02-14,4,4,0,0,4
CH-SY-02-1,ST-SY-02,SY,2026-02-14,13,12,1,1,13
CH-SY-02-2,ST-SY-02,SY,2026-02-14,16,15,1,1,16
CH-SY-02-3,ST-SY-02,SY,2026-02-14,7,6,1,1,7
CH-SY-03-1,ST-SY-03,SY,2026-02-14,5,5,0,0,5
CH-SY-03-2,ST-SY-03,SY,2026-02-14,3,3,0,0,3
CH-SY-03-3,ST-SY-03,SY,2026-02-14,2,2,0,0,2
CH-SY-04-1,ST-SY-04,SY,2026-02-14,15,14,1,1,15
CH-SY-04-2,ST-SY-04,SY,2026-02-14,20,20,0,0,20
CH-SY-04-3,ST-SY-04,SY,2026-02-14,5,5,0,0,5
CH-SY-05-1,ST-SY-05,SY,2026-02-14,10,10,0,0,10
CH-SY-05-2,ST-SY-05,SY,2026-02-14,8,8,0,0,8
CH-SY-05-3,ST-SY-05,SY,2026-02-14,4,4,0,0,4
CH-SZ-01-1,ST-SZ-01,SZ,2026-02-14,10,10,0,0,10
CH-SZ-01-2,ST-SZ-01,SZ,2026-02-14,9,9,0,0,9
CH-SZ-01-3,ST-SZ-01,SZ,2026-02-14,5,5,0,0,5
CH-SZ-02-1,ST-SZ-02,SZ,2026-02-14,9,9,0,0,9
CH-SZ-02-2,ST-SZ-02,SZ,2026-02-14,7,6,1,1,7
CH-SZ-02-3,ST-SZ-02,SZ,2026-02-14,3,3,0,0,3
CH-SZ-03-1,ST-SZ-03,SZ,2026-02-14,7,7,0,0,7
CH-SZ-03-2,ST-SZ-03,SZ,2026-02-14,3,3,0,0,3
CH-SZ-03-3,ST-SZ-03,SZ,2026-02-14,2,2,0,0,2
CH-SZ-04-1,ST-SZ-04,SZ,2026-02-14,19,17,2,1,18
CH-SZ-04-2,ST-SZ-04,SZ,2026-02-14,15,15,0,0,14
CH-SZ-04-3,ST-SZ-04,SZ,2026-02-14,3,3,0,0,2
CH-SZ-05-1,ST-SZ-05,SZ,2026-02-14,6,6,0,0,6
CH-SZ-05-2,ST-SZ-05,SZ,2026-02-14,10,10,0,0,10
CH-SZ-05-3,ST-SZ-05,SZ,2026-02-14,3,3,0,0,3
CH-BJ-01-1,ST-BJ-01,BJ,2026-02-15,4,4,0,0,4
CH-BJ-01-2,ST-BJ-01,BJ,2026-02-15,4,4,0,0,4
CH-BJ-01-3,ST-BJ-01,BJ,2026-02-15,3,3,0,0,3
CH-BJ-02-1,ST-BJ-02,BJ,2026-02-15,12,11,1,1,12
CH-BJ-02-2,ST-BJ-02,BJ,2026-02-15,16,15,1,1,16
CH-BJ-02-3,ST-BJ-02,BJ,2026-02-15,4,4,0,0,4
CH-BJ-03-1,ST-BJ-03,BJ,2026-02-15,10,8,2,1,10
CH-BJ-03-2,ST-BJ-03,BJ,2026-02-15,4,4,0,0,4
CH-BJ-03-3,ST-BJ-03,BJ,2026-02-15,4,3,1,1,4
CH-BJ-04-1,ST-BJ-04,BJ,2026-02-15,18,18,0,0,17
CH-BJ-04-2,ST-BJ-04,BJ,2026-02-15,21,21,0,0,20
CH-BJ-04-3,ST-BJ-04,BJ,2026-02-15,4,4,0,0,4
CH-BJ-05-1,ST-BJ-05,BJ,2026-02-15,0,0,0,0,0
CH-BJ-05-2,ST-BJ-05,BJ,2026-02-15,1,1,0,0,1
CH-BJ-05-3,ST-BJ-05,BJ,2026-02-15,1,1,0,0,1
CH-DL-01-1,ST-DL-01,DL,2026-02-15,5,4,1,1,5
CH-DL-01-2,ST-DL-01,DL,2026-02-15,1,1,0,0,1
CH-DL-01-3,ST-DL-01,DL,2026-02-15,1,1,0,0,1
CH-DL-02-1,ST-DL-02,DL,2026-02-15,11,11,0,0,11
CH-DL-02-2,ST-DL-02,DL,2026-02-15,15,14,1,1,15
CH-DL-02-3,ST-DL-02,DL,2026-02-15,4,4,0,0,4
CH-DL-03-1,ST-DL-03,DL,2026-02-15,6,6,0,0,6
CH-DL-03-2,ST-DL-03,DL,2026-02-15,2,2,0,0,2
CH-DL-03-3,ST-DL-03,DL,2026-02-15,2,2,0,0,2
CH-DL-04-1,ST-DL-04,DL,2026-02-15,15,14,1,1,15
CH-DL-04-2,ST-DL-04,DL,2026-02-15,19,17,2,1,19
CH-DL-04-3,ST-DL-04,DL,2026-02-15,6,6,0,0,6
CH-DL-05-1,ST-DL-05,DL,2026-02-15,1,1,0,0,1
CH-DL-05-2,ST-DL-05,DL,2026-02-15,2,2,0,0,2
CH-DL-05-3,ST-DL-05,DL,2026-02-15,3,3,0,0,3
CH-SH-01-1,ST-SH-01,SH,2026-02-15,3,3,0,0,3
CH-SH-01-2,ST-SH-01,SH,2026-02-15,2,2,0,0,2
CH-SH-01-3,ST-SH-01,SH,2026-02-15,2,2,0,0,2
CH-SH-02-1,ST-SH-02,SH,2026-02-15,9,9,0,0,9
CH-SH-02-2,ST-SH-02,SH,2026-02-15,15,13,2,1,15
CH-SH-02-3,ST-SH-02,SH,2026-02-15,6,6,0,0,6
CH-SH-03-1,ST-SH-03,SH,2026-02-15,6,5,1,1,6
CH-SH-03-2,ST-SH-03,SH,2026-02-15,2,2,0,0,2
CH-SH-03-3,ST-SH-03,SH,2026-02-15,2,2,0,0,2
CH-SH-04-1,ST-SH-04,SH,2026-02-15,18,17,1,1,17
CH-SH-04-2,ST-SH-04,SH,2026-02-15,15,15,0,0,15
CH-SH-04-3,ST-SH-04,SH,2026-02-15,3,3,0,0,3
CH-SH-05-1,ST-SH-05,SH,2026-02-15,2,2,0,0,2
CH-SH-05-2,ST-SH-05,SH,2026-02-15,2,2,0,0,2
CH-SH-05-3,ST-SH-05,SH,2026-02-15,1,1,0,0,1
CH-SY-01-1,ST-SY-01,SY,2026-02-15,1,1,0,0,1
CH-SY-01-2,ST-SY-01,SY,2026-02-15,3,3,0,0,3
CH-SY-01-3,ST-SY-01,SY,2026-02-15,2,2,0,0,2
CH-SY-02-1,ST-SY-02,SY,2026-02-15,13,13,0,0,13
CH-SY-02-2,ST-SY-02,SY,2026-02-15,10,10,0,0,10
CH-SY-02-3,ST-SY-02,SY,2026-02-15,3,3,0,0,3
CH-SY-03-1,ST-SY-03,SY,2026-02-15,7,7,0,0,7
CH-SY-03-2,ST-SY-03,SY,2026-02-15,3,3,0,0,3
CH-SY-03-3,ST-SY-03,SY,2026-02-15,3,3,0,0,3
CH-SY-04-1,ST-SY-04,SY,2026-02-15,15,14,1,1,15
CH-SY-04-2,ST-SY-04,SY,2026-02-15,20,20,0,0,19
CH-SY-04-3,ST-SY-04,SY,2026-02-15,6,5,1,1,6
CH-SY-05-1,ST-SY-05,SY,2026-02-15,2,2,0,0,2
CH-SY-05-2,ST-SY-05,SY,2026-02-15,1,1,0,0,1
CH-SY-05-3,ST-SY-05,SY,2026-02-15,1,1,0,0,1
CH-SZ-01-1,ST-SZ-01,SZ,2026-02-15,3,2,1,1,3
CH-SZ-01-2,ST-SZ-01,SZ,2026-02-15,3,3,0,0,3
CH-SZ-01-3,ST-SZ-01,SZ,2026-02-15,2,2,0,0,2
CH-SZ-02-1,ST-SZ-02,SZ,2026-02-15,9,9,0,0,9
CH-SZ-02-2,ST-SZ-02,SZ,2026-02-15,15,15,0,0,15
CH-SZ-02-3,ST-SZ-02,SZ,2026-02-15,5,5,0,0,5
CH-SZ-03-1,ST-SZ-03,SZ,2026-02-15,4,4,0,0,4
CH-SZ-03-2,ST-SZ-03,SZ,2026-02-15,3,3,0,0,3
CH-SZ-03-3,ST-SZ-03,SZ,2026-02-15,2,2,0,0,2
CH-SZ-04-1,ST-SZ-04,SZ,2026-02-15,16,15,1,1,15
CH-SZ-04-2,ST-SZ-04,SZ,2026-02-15,26,25,1,1,26
CH-SZ-04-3,ST-SZ-04,SZ,2026-02-15,5,5,0,0,5
CH-SZ-05-1,ST-SZ-05,SZ,2026-02-15,4,3,1,1,4
CH-SZ-05-2,ST-SZ-05,SZ,2026-02-15,4,4,0,0,4
CH-SZ-05-3,ST-SZ-05,SZ,2026-02-15,2,2,0,0,2
CH-BJ-01-1,ST-BJ-01,BJ,2026-02-16,2,2,0,0,2
CH-BJ-01-2,ST-BJ-01,BJ,2026-02-16,1,1,0,0,1
CH-BJ-01-3,ST-BJ-01,BJ,2026-02-16,2,2,0,0,2
CH-BJ-02-1,ST-BJ-02,BJ,2026-02-16,13,10,3,1,13
CH-BJ-02-2,ST-BJ-02,BJ,2026-02-16,16,16,0,0,16
CH-BJ-02-3,ST-BJ-02,BJ,2026-02-16,5,5,0,0,5
CH-BJ-03-1,ST-BJ-03,BJ,2026-02-16,10,10,0,0,10
CH-BJ-03-2,ST-BJ-03,BJ,2026-02-16,2,2,0,0,2
CH-BJ-03-3,ST-BJ-03,BJ,2026-02-16,3,3,0,0,3
CH-BJ-04-1,ST-BJ-04,BJ,2026-02-16,11,11,0,0,11
CH-BJ-04-2,ST-BJ-04,BJ,2026-02-16,23,22,1,1,23
CH-BJ-04-3,ST-BJ-04,BJ,2026-02-16,7,7,0,0,7
CH-BJ-05-1,ST-BJ-05,BJ,2026-02-16,2,2,0,0,2
CH-BJ-05-2,ST-BJ-05,BJ,2026-02-16,3,3,0,0,3
CH-BJ-05-3,ST-BJ-05,BJ,2026-02-16,3,3,0,0,3
CH-DL-01-1,ST-DL-01,DL,2026-02-16,1,1,0,0,1
CH-DL-01-2,ST-DL-01,DL,2026-02-16,3,3,0,0,3
CH-DL-01-3,ST-DL-01,DL,2026-02-16,1,1,0,0,1
CH-DL-02-1,ST-DL-02,DL,2026-02-16,15,13,2,1,15
CH-DL-02-2,ST-DL-02,DL,2026-02-16,12,9,3,1,12
CH-DL-02-3,ST-DL-02,DL,2026-02-16,4,4,0,0,4
CH-DL-03-1,ST-DL-03,DL,2026-02-16,9,7,2,1,9
CH-DL-03-2,ST-DL-03,DL,2026-02-16,3,3,0,0,3
CH-DL-03-3,ST-DL-03,DL,2026-02-16,3,3,0,0,3
CH-DL-04-1,ST-DL-04,DL,2026-02-16,14,12,2,1,13
CH-DL-04-2,ST-DL-04,DL,2026-02-16,18,16,2,1,17
CH-DL-04-3,ST-DL-04,DL,2026-02-16,7,7,0,0,7
CH-DL-05-1,ST-DL-05,DL,2026-02-16,1,1,0,0,1
CH-DL-05-2,ST-DL-05,DL,2026-02-16,3,3,0,0,3
CH-DL-05-3,ST-DL-05,DL,2026-02-16,2,2,0,0,2
CH-SH-01-1,ST-SH-01,SH,2026-02-16,0,0,0,0,0
CH-SH-01-2,ST-SH-01,SH,2026-02-16,3,3,0,0,3
CH-SH-01-3,ST-SH-01,SH,2026-02-16,1,1,0,0,1
CH-SH-02-1,ST-SH-02,SH,2026-02-16,11,11,0,0,11
CH-SH-02-2,ST-SH-02,SH,2026-02-16,16,16,0,0,16
CH-SH-02-3,ST-SH-02,SH,2026-02-16,4,4,0,0,4
CH-SH-03-1,ST-SH-03,SH,2026-02-16,8,7,1,1,8
CH-SH-03-2,ST-SH-03,SH,2026-02-16,3,3,0,0,3
CH-SH-03-3,ST-SH-03,SH,2026-02-16,2,2,0,0,2
CH-SH-04-1,ST-SH-04,SH,2026-02-16,13,13,0,0,13
CH-SH-04-2,ST-SH-04,SH,2026-02-16,15,15,0,0,15
CH-SH-04-3,ST-SH-04,SH,2026-02-16,5,5,0,0,5
CH-SH-05-1,ST-SH-05,SH,2026-02-16,2,2,0,0,2
CH-SH-05-2,ST-SH-05,SH,2026-02-16,3,3,0,0,3
CH-SH-05-3,ST-SH-05,SH,2026-02-16,2,2,0,0,2
CH-SY-01-1,ST-SY-01,SY,2026-02-16,1,1,0,0,1
CH-SY-01-2,ST-SY-01,SY,2026-02-16,1,1,0,0,1
CH-SY-01-3,ST-SY-01,SY,2026-02-16,3,3,0,0,3
CH-SY-02-1,ST-SY-02,SY,2026-02-16,12,12,0,0,12
CH-SY-02-2,ST-SY-02,SY,2026-02-16,16,15,1,1,16
CH-SY-02-3,ST-SY-02,SY,2026-02-16,5,5,0,0,5
CH-SY-03-1,ST-SY-03,SY,2026-02-16,9,9,0,0,9
CH-SY-03-2,ST-SY-03,SY,2026-02-16,3,2,1,1,3
CH-SY-03-3,ST-SY-03,SY,2026-02-16,1,1,0,0,1
CH-SY-04-1,ST-SY-04,SY,2026-02-16,19,17,2,1,19
CH-SY-04-2,ST-SY-04,SY,2026-02-16,23,22,1,1,23
CH-SY-04-3,ST-SY-04,SY,2026-02-16,4,4,0,0,4
CH-SY-05-1,ST-SY-05,SY,2026-02-16,3,3,0,0,3
CH-SY-05-2,ST-SY-05,SY,2026-02-16,1,1,0,0,1
CH-SY-05-3,ST-SY-05,SY,2026-02-16,2,2,0,0,2
CH-SZ-01-1,ST-SZ-01,SZ,2026-02-16,0,0,0,0,0
CH-SZ-01-2,ST-SZ-01,SZ,2026-02-16,1,1,0,0,1
CH-SZ-01-3,ST-SZ-01,SZ,2026-02-16,0,0,0,0,0
CH-SZ-02-1,ST-SZ-02,SZ,2026-02-16,11,11,0,0,11
CH-SZ-02-2,ST-SZ-02,SZ,2026-02-16,13,13,0,0,13
CH-SZ-02-3,ST-SZ-02,SZ,2026-02-16,6,6,0,0,6
CH-SZ-03-1,ST-SZ-03,SZ,2026-02-16,7,6,1,1,7
CH-SZ-03-2,ST-SZ-03,SZ,2026-02-16,3,3,0,0,3
CH-SZ-03-3,ST-SZ-03,SZ,2026-02-16,3,3,0,0,3
CH-SZ-04-1,ST-SZ-04,SZ,2026-02-16,15,15,0,0,15
CH-SZ-04-2,ST-SZ-04,SZ,2026-02-16,18,18,0,0,17
CH-SZ-04-3,ST-SZ-04,SZ,2026-02-16,4,4,0,0,4
CH-SZ-05-1,ST-SZ-05,SZ,2026-02-16,3,3,0,0,3
CH-SZ-05-2,ST-SZ-05,SZ,2026-02-16,2,2,0,0,2
CH-SZ-05-3,ST-SZ-05,SZ,2026-02-16,1,1,0,0,1
CH-BJ-01-1,ST-BJ-01,BJ,2026-02-17,3,2,1,1,3
CH-BJ-01-2,ST-BJ-01,BJ,2026-02-17,1,1,0,0,1
CH-BJ-01-3,ST-BJ-01,BJ,2026-02-17,2,2,0,0,2
CH-BJ-02-1,ST-BJ-02,BJ,2026-02-17,16,14,2,1,16
CH-BJ-02-2,ST-BJ-02,BJ,2026-02-17,18,18,0,0,18
CH-BJ-02-3,ST-BJ-02,BJ,2026-02-17,4,4,0,0,4
CH-BJ-03-1,ST-BJ-03,BJ,2026-02-17,5,4,1,1,5
CH-BJ-03-2,ST-BJ-03,BJ,2026-02-17,1,1,0,0,1
CH-BJ-03-3,ST-BJ-03,BJ,2026-02-17,3,3,0,0,3
CH-BJ-04-1,ST-BJ-04,BJ,2026-02-17,14,14,0,0,13
CH-BJ-04-2,ST-BJ-04,BJ,2026-02-17,24,23,1,1,24
CH-BJ-04-3,ST-BJ-04,BJ,2026-02-17,4,4,0,0,4
CH-BJ-05-1,ST-BJ-05,BJ,2026-02-17,2,2,0,0,2
CH-BJ-05-2,ST-BJ-05,BJ,2026-02-17,4,4,0,0,4
CH-BJ-05-3,ST-BJ-05,BJ,2026-02-17,3,3,0,0,3
CH-DL-01-1,ST-DL-01,DL,2026-02-17,3,3,0,0,3
CH-DL-01-2,ST-DL-01,DL,2026-02-17,1,1,0,0,1
CH-DL-01-3,ST-DL-01,DL,2026-02-17,2,2,0,0,2
CH-DL-02-1,ST-DL-02,DL,2026-02-17,11,10,1,1,11
CH-DL-02-2,ST-DL-02,DL,2026-02-17,13,12,1,1,13
CH-DL-02-3,ST-DL-02,DL,2026-02-17,3,3,0,0,3
CH-DL-03-1,ST-DL-03,DL,2026-02-17,6,6,0,0,6
CH-DL-03-2,ST-DL-03,DL,2026-02-17,1,1,0,0,1
CH-DL-03-3,ST-DL-03,DL,2026-02-17,1,1,0,0,1
CH-DL-04-1,ST-DL-04,DL,2026-02-17,14,12,2,1,14
CH-DL-04-2,ST-DL-04,DL,2026-02-17,21,21,0,0,21
CH-DL-04-3,ST-DL-04,DL,2026-02-17,6,5,1,1,6
CH-DL-05-1,ST-DL-05,DL,2026-02-17,2,2,0,0,2
CH-DL-05-2,ST-DL-05,DL,2026-02-17,4,4,0,0,4
CH-DL-05-3,ST-DL-05,DL,2026-02-17,3,3,0,0,3
CH-SH-01-1,ST-SH-01,SH,2026-02-17,2,2,0,0,2
CH-SH-01-2,ST-SH-01,SH,2026-02-17,2,2,0,0,2
CH-SH-01-3,ST-SH-01,SH,2026-02-17,1,1,0,0,1
CH-SH-02-1,ST-SH-02,SH,2026-02-17,12,12,0,0,12
CH-SH-02-2,ST-SH-02,SH,2026-02-17,19,18,1,1,19
CH-SH-02-3,ST-SH-02,SH,2026-02-17,3,3,0,0,3
CH-SH-03-1,ST-SH-03,SH,2026-02-17,6,6,0,0,6
CH-SH-03-2,ST-SH-03,SH,2026-02-17,3,3,0,0,3
CH-SH-03-3,ST-SH-03,SH,2026-02-17,2,2,0,0,2
CH-SH-04-1,ST-SH-04,SH,2026-02-17,14,12,2,1,14
CH-SH-04-2,ST-SH-04,SH,2026-02-17,13,13,0,0,13
CH-SH-04-3,ST-SH-04,SH,2026-02-17,4,4,0,0,4
CH-SH-05-1,ST-SH-05,SH,2026-02-17,1,1,0,0,1
CH-SH-05-2,ST-SH-05,SH,2026-02-17,3,3,0,0,3
CH-SH-05-3,ST-SH-05,SH,2026-02-17,2,2,0,0,2
CH-SY-01-1,ST-SY-01,SY,2026-02-17,0,0,0,0,0
CH-SY-01-2,ST-SY-01,SY,2026-02-17,3,3,0,0,3
CH-SY-01-3,ST-SY-01,SY,2026-02-17,2,2,0,0,2
CH-SY-02-1,ST-SY-02,SY,2026-02-17,11,11,0,0,11
CH-SY-02-2,ST-SY-02,SY,2026-02-17,13,13,0,0,13
CH-SY-02-3,ST-SY-02,SY,2026-02-17,5,5,0,0,5
CH-SY-03-1,ST-SY-03,SY,2026-02-17,6,6,0,0,6
CH-SY-03-2,ST-SY-03,SY,2026-02-17,2,2,0,0,2
CH-SY-03-3,ST-SY-03,SY,2026-02-17,2,2,0,0,2
CH-SY-04-1,ST-SY-04,SY,2026-02-17,14,13,1,1,14
CH-SY-04-2,ST-SY-04,SY,2026-02-17,17,16,1,1,16
CH-SY-04-3,ST-SY-04,SY,2026-02-17,5,5,0,0,5
CH-SY-05-1,ST-SY-05,SY,2026-02-17,0,0,0,0,0
CH-SY-05-2,ST-SY-05,SY,2026-02-17,2,2,0,0,2
CH-SY-05-3,ST-SY-05,SY,2026-02-17,2,2,0,0,2
CH-SZ-01-1,ST-SZ-01,SZ,2026-02-17,2,2,0,0,2
CH-SZ-01-2,ST-SZ-01,SZ,2026-02-17,4,4,0,0,4
CH-SZ-01-3,ST-SZ-01,SZ,2026-02-17,3,3,0,0,3
CH-SZ-02-1,ST-SZ-02,SZ,2026-02-17,10,10,0,0,10
CH-SZ-02-2,ST-SZ-02,SZ,2026-02-17,11,11,0,0,11
CH-SZ-02-3,ST-SZ-02,SZ,2026-02-17,5,5,0,0,5
CH-SZ-03-1,ST-SZ-03,SZ,2026-02-17,6,6,0,0,6
CH-SZ-03-2,ST-SZ-03,SZ,2026-02-17,3,3,0,0,3
CH-SZ-03-3,ST-SZ-03,SZ,2026-02-17,3,3,0,0,3
CH-SZ-04-1,ST-SZ-04,SZ,2026-02-17,13,12,1,1,12
CH-SZ-04-2,ST-SZ-04,SZ,2026-02-17,20,20,0,0,20
CH-SZ-04-3,ST-SZ-04,SZ,2026-02-17,3,3,0,0,3
CH-SZ-05-1,ST-SZ-05,SZ,2026-02-17,1,1,0,0,1
CH-SZ-05-2,ST-SZ-05,SZ,2026-02-17,2,2,0,0,2
CH-SZ-05-3,ST-SZ-05,SZ,2026-02-17,1,1,0,0,1
CH-BJ-01-1,ST-BJ-01,BJ,2026-02-18,2,2,0,0,2
CH-BJ-01-2,ST-BJ-01,BJ,2026-02-18,3,3,0,0,3
CH-BJ-01-3,ST-BJ-01,BJ,2026-02-18,3,3,0,0,3
CH-BJ-02-1,ST-BJ-02,BJ,2026-02-18,10,10,0,0,10
CH-BJ-02-2,ST-BJ-02,BJ,2026-02-18,15,14,1,1,15
CH-BJ-02-3,ST-BJ-02,BJ,2026-02-18,2,2,0,0,2
CH-BJ-03-1,ST-BJ-03,BJ,2026-02-18,7,7,0,0,7
CH-BJ-03-2,ST-BJ-03,BJ,2026-02-18,3,3,0,0,3
CH-BJ-03-3,ST-BJ-03,BJ,2026-02-18,2,2,0,0,2
CH-BJ-04-1,ST-BJ-04,BJ,2026-02-18,15,14,1,1,14
CH-BJ-04-2,ST-BJ-04,BJ,2026-02-18,23,23,0,0,22
CH-BJ-04-3,ST-BJ-04,BJ,2026-02-18,5,5,0,0,5
CH-BJ-05-1,ST-BJ-05,BJ,2026-02-18,3,2,1,1,3
CH-BJ-05-2,ST-BJ-05,BJ,2026-02-18,2,2,0,0,2
CH-BJ-05-3,ST-BJ-05,BJ,2026-02-18,3,3,0,0,3
CH-DL-01-1,ST-DL-01,DL,2026-02-18,2,2,0,0,2
CH-DL-01-2,ST-DL-01,DL,2026-02-18,2,2,0,0,2
CH-DL-01-3,ST-DL-01,DL,2026-02-18,2,2,0,0,2
CH-DL-02-1,ST-DL-02,DL,2026-02-18,13,13,0,0,13
CH-DL-02-2,ST-DL-02,DL,2026-02-18,13,13,0,0,13
CH-DL-02-3,ST-DL-02,DL,2026-02-18,3,2,1,1,3
CH-DL-03-1,ST-DL-03,DL,2026-02-18,10,10,0,0,10
CH-DL-03-2,ST-DL-03,DL,2026-02-18,2,2,0,0,2
CH-DL-03-3,ST-DL-03,DL,2026-02-18,2,2,0,0,2
CH-DL-04-1,ST-DL-04,DL,2026-02-18,13,11,2,1,12
CH-DL-04-2,ST-DL-04,DL,2026-02-18,19,19,0,0,19
CH-DL-04-3,ST-DL-04,DL,2026-02-18,6,6,0,0,6
CH-DL-05-1,ST-DL-05,DL,2026-02-18,1,0,1,1,1
CH-DL-05-2,ST-DL-05,DL,2026-02-18,2,2,0,0,2
CH-DL-05-3,ST-DL-05,DL,2026-02-18,2,2,0,0,2
CH-SH-01-1,ST-SH-01,SH,2026-02-18,4,4,0,0,4
CH-SH-01-2,ST-SH-01,SH,2026-02-18,4,4,0,0,4
CH-SH-01-3,ST-SH-01,SH,2026-02-18,2,2,0,0,2
CH-SH-02-1,ST-SH-02,SH,2026-02-18,10,10,0,0,10
CH-SH-02-2,ST-SH-02,SH,2026-02-18,14,12,2,1,14
CH-SH-02-3,ST-SH-02,SH,2026-02-18,7,7,0,0,7
CH-SH-03-1,ST-SH-03,SH,2026-02-18,8,8,0,0,8
CH-SH-03-2,ST-SH-03,SH,2026-02-18,2,2,0,0,2
CH-SH-03-3,ST-SH-03,SH,2026-02-18,3,3,0,0,3
CH-SH-04-1,ST-SH-04,SH,2026-02-18,17,16,1,1,16
CH-SH-04-2,ST-SH-04,SH,2026-02-18,17,17,0,0,17
CH-SH-04-3,ST-SH-04,SH,2026-02-18,7,7,0,0,7
CH-SH-05-1,ST-SH-05,SH,2026-02-18,2,2,0,0,2
CH-SH-05-2,ST-SH-05,SH,2026-02-18,5,5,0,0,5
CH-SH-05-3,ST-SH-05,SH,2026-02-18,2,2,0,0,2
CH-SY-01-1,ST-SY-01,SY,2026-02-18,2,1,1,1,2
CH-SY-01-2,ST-SY-01,SY,2026-02-18,0,0,0,0,0
CH-SY-01-3,ST-SY-01,SY,2026-02-18,1,1,0,0,1
CH-SY-02-1,ST-SY-02,SY,2026-02-18,8,8,0,0,8
CH-SY-02-2,ST-SY-02,SY,2026-02-18,11,11,0,0,11
CH-SY-02-3,ST-SY-02,SY,2026-02-18,3,3,0,0,3
CH-SY-03-1,ST-SY-03,SY,2026-02-18,5,5,0,0,5
CH-SY-03-2,ST-SY-03,SY,2026-02-18,2,2,0,0,2
CH-SY-03-3,ST-SY-03,SY,2026-02-18,5,4,1,1,5
CH-SY-04-1,ST-SY-04,SY,2026-02-18,16,13,3,1,16
CH-SY-04-2,ST-SY-04,SY,2026-02-18,14,14,0,0,14
CH-SY-04-3,ST-SY-04,SY,2026-02-18,5,4,1,1,5
CH-SY-05-1,ST-SY-05,SY,2026-02-18,2,1,1,1,2
CH-SY-05-2,ST-SY-05,SY,2026-02-18,1,1,0,0,1
CH-SY-05-3,ST-SY-05,SY,2026-02-18,3,3,0,0,3
CH-SZ-01-1,ST-SZ-01,SZ,2026-02-18,2,2,0,0,2
CH-SZ-01-2,ST-SZ-01,SZ,2026-02-18,2,2,0,0,2
CH-SZ-01-3,ST-SZ-01,SZ,2026-02-18,1,1,0,0,1
CH-SZ-02-1,ST-SZ-02,SZ,2026-02-18,11,11,0,0,11
CH-SZ-02-2,ST-SZ-02,SZ,2026-02-18,15,15,0,0,15
CH-SZ-02-3,ST-SZ-02,SZ,2026-02-18,4,4,0,0,4
CH-SZ-03-1,ST-SZ-03,SZ,2026-02-18,9,8,1,1,9
CH-SZ-03-2,ST-SZ-03,SZ,2026-02-18,2,2,0,0,2
CH-SZ-03-3,ST-SZ-03,SZ,2026-02-18,2,2,0,0,2
CH-SZ-04-1,ST-SZ-04,SZ,2026-02-18,15,14,1,1,15
CH-SZ-04-2,ST-SZ-04,SZ,2026-02-18,18,18,0,0,18
CH-SZ-04-3,ST-SZ-04,SZ,2026-02-18,5,5,0,0,5
CH-SZ-05-1,ST-SZ-05,SZ,2026-02-18,1,1,0,0,1
CH-SZ-05-2,ST-SZ-05,SZ,2026-02-18,1,1,0,0,1
CH-SZ-05-3,ST-SZ-05,SZ,2026-02-18,3,3,0,0,3
CH-BJ-01-1,ST-BJ-01,BJ,2026-02-19,3,2,1,1,3
CH-BJ-01-2,ST-BJ-01,BJ,2026-02-19,5,5,0,0,5
CH-BJ-01-3,ST-BJ-01,BJ,2026-02-19,2,2,0,0,2
CH-BJ-02-1,ST-BJ-02,BJ,2026-02-19,11,11,0,0,11
CH-BJ-02-2,ST-BJ-02,BJ,2026-02-19,13,12,1,1,13
CH-BJ-02-3,ST-BJ-02,BJ,2026-02-19,3,3,0,0,3
CH-BJ-03-1,ST-BJ-03,BJ,2026-02-19,9,8,1,1,9
CH-BJ-03-2,ST-BJ-03,BJ,2026-02-19,2,2,0,0,2
CH-BJ-03-3,ST-BJ-03,BJ,2026-02-19,1,1,0,0,1
CH-BJ-04-1,ST-BJ-04,BJ,2026-02-19,14,14,0,0,13
CH-BJ-04-2,ST-BJ-04,BJ,2026-02-19,17,17,0,0,17
CH-BJ-04-3,ST-BJ-04,BJ,2026-02-19,6,6,0,0,6
CH-BJ-05-1,ST-BJ-05,BJ,2026-02-19,4,4,0,0,4
CH-BJ-05-2,ST-BJ-05,BJ,2026-02-19,1,1,0,0,1
CH-BJ-05-3,ST-BJ-05,BJ,2026-02-19,2,2,0,0,2
CH-DL-01-1,ST-DL-01,DL,2026-02-19,2,1,1,1,2
CH-DL-01-2,ST-DL-01,DL,2026-02-19,1,1,0,0,1
CH-DL-01-3,ST-DL-01,DL,2026-02-19,2,2,0,0,2
CH-DL-02-1,ST-DL-02,DL,2026-02-19,8,8,0,0,8
CH-DL-02-2,ST-DL-02,DL,2026-02-19,12,12,0,0,12
CH-DL-02-3,ST-DL-02,DL,2026-02-19,5,5,0,0,5
CH-DL-03-1,ST-DL-03,DL,2026-02-19,10,10,0,0,10
CH-DL-03-2,ST-DL-03,DL,2026-02-19,3,3,0,0,3
CH-DL-03-3,ST-DL-03,DL,2026-02-19,3,3,0,0,3
CH-DL-04-1,ST-DL-04,DL,2026-02-19,16,16,0,0,16
CH-DL-04-2,ST-DL-04,DL,2026-02-19,21,21,0,0,21
CH-DL-04-3,ST-DL-04,DL,2026-02-19,4,4,0,0,4
CH-DL-05-1,ST-DL-05,DL,2026-02-19,3,2,1,1,3
CH-DL-05-2,ST-DL-05,DL,2026-02-19,3,3,0,0,3
CH-DL-05-3,ST-DL-05,DL,2026-02-19,1,1,0,0,1
CH-SH-01-1,ST-SH-01,SH,2026-02-19,3,3,0,0,3
CH-SH-01-2,ST-SH-01,SH,2026-02-19,2,2,0,0,2
CH-SH-01-3,ST-SH-01,SH,2026-02-19,2,2,0,0,2
CH-SH-02-1,ST-SH-02,SH,2026-02-19,16,15,1,1,16
CH-SH-02-2,ST-SH-02,SH,2026-02-19,17,16,1,1,17
CH-SH-02-3,ST-SH-02,SH,2026-02-19,5,5,0,0,5
CH-SH-03-1,ST-SH-03,SH,2026-02-19,12,11,1,1,12
CH-SH-03-2,ST-SH-03,SH,2026-02-19,2,2,0,0,2
CH-SH-03-3,ST-SH-03,SH,2026-02-19,3,3,0,0,3
CH-SH-04-1,ST-SH-04,SH,2026-02-19,18,15,3,1,18
CH-SH-04-2,ST-SH-04,SH,2026-02-19,20,20,0,0,20
CH-SH-04-3,ST-SH-04,SH,2026-02-19,5,5,0,0,5
CH-SH-05-1,ST-SH-05,SH,2026-02-19,0,0,0,0,0
CH-SH-05-2,ST-SH-05,SH,2026-02-19,1,1,0,0,1
CH-SH-05-3,ST-SH-05,SH,2026-02-19,2,2,0,0,2
CH-SY-01-1,ST-SY-01,SY,2026-02-19,3,2,1,1,3
CH-SY-01-2,ST-SY-01,SY,2026-02-19,3,3,0,0,3
CH-SY-01-3,ST-SY-01,SY,2026-02-19,2,2,0,0,2
CH-SY-02-1,ST-SY-02,SY,2026-02-19,7,7,0,0,7
CH-SY-02-2,ST-SY-02,SY,2026-02-19,7,7,0,0,7
CH-SY-02-3,ST-SY-02,SY,2026-02-19,3,3,0,0,3
CH-SY-03-1,ST-SY-03,SY,2026-02-19,5,4,1,1,5
CH-SY-03-2,ST-SY-03,SY,2026-02-19,2,2,0,0,2
CH-SY-03-3,ST-SY-03,SY,2026-02-19,1,1,0,0,1
CH-SY-04-1,ST-SY-04,SY,2026-02-19,12,12,0,0,12
CH-SY-04-2,ST-SY-04,SY,2026-02-19,17,17,0,0,16
CH-SY-04-3,ST-SY-04,SY,2026-02-19,6,6,0,0,6
CH-SY-05-1,ST-SY-05,SY,2026-02-19,3,3,0,0,3
CH-SY-05-2,ST-SY-05,SY,2026-02-19,0,0,0,0,0
CH-SY-05-3,ST-SY-05,SY,2026-02-19,2,2,0,0,2
CH-SZ-01-1,ST-SZ-01,SZ,2026-02-19,3,2,1,1,3
CH-SZ-01-2,ST-SZ-01,SZ,2026-02-19,2,2,0,0,2
CH-SZ-01-3,ST-SZ-01,SZ,2026-02-19,3,3,0,0,3
CH-SZ-02-1,ST-SZ-02,SZ,2026-02-19,12,9,3,1,12
CH-SZ-02-2,ST-SZ-02,SZ,2026-02-19,14,12,2,1,14
CH-SZ-02-3,ST-SZ-02,SZ,2026-02-19,3,3,0,0,3
CH-SZ-03-1,ST-SZ-03,SZ,2026-02-19,9,9,0,0,9
CH-SZ-03-2,ST-SZ-03,SZ,2026-02-19,2,2,0,0,2
CH-SZ-03-3,ST-SZ-03,SZ,2026-02-19,2,2,0,0,2
CH-SZ-04-1,ST-SZ-04,SZ,2026-02-19,13,13,0,0,13
CH-SZ-04-2,ST-SZ-04,SZ,2026-02-19,20,20,0,0,18
CH-SZ-04-3,ST-SZ-04,SZ,2026-02-19,5,5,0,0,5
CH-SZ-05-1,ST-SZ-05,SZ,2026-02-19,2,1,1,1,2
CH-SZ-05-2,ST-SZ-05,SZ,2026-02-19,4,4,0,0,4
CH-SZ-05-3,ST-SZ-05,SZ,2026-02-19,2,2,0,0,2
CH-BJ-01-1,ST-BJ-01,BJ,2026-02-20,2,0,2,1,2
CH-BJ-01-2,ST-BJ-01,BJ,2026-02-20,4,4,0,0,4
CH-BJ-01-3,ST-BJ-01,BJ,2026-02-20,4,4,0,0,4
CH-BJ-02-1,ST-BJ-02,BJ,2026-02-20,15,14,1,1,15
CH-BJ-02-2,ST-BJ-02,BJ,2026-02-20,16,16,0,0,16
CH-BJ-02-3,ST-BJ-02,BJ,2026-02-20,6,6,0,0,6
CH-BJ-03-1,ST-BJ-03,BJ,2026-02-20,7,7,0,0,7
CH-BJ-03-2,ST-BJ-03,BJ,2026-02-20,2,2,0,0,2
CH-BJ-03-3,ST-BJ-03,BJ,2026-02-20,2,2,0,0,2
CH-BJ-04-1,ST-BJ-04,BJ,2026-02-20,19,19,0,0,18
CH-BJ-04-2,ST-BJ-04,BJ,2026-02-20,21,21,0,0,21
CH-BJ-04-3,ST-BJ-04,BJ,2026-02-20,5,5,0,0,5
CH-BJ-05-1,ST-BJ-05,BJ,2026-02-20,5,5,0,0,5
CH-BJ-05-2,ST-BJ-05,BJ,2026-02-20,3,3,0,0,3
CH-BJ-05-3,ST-BJ-05,BJ,2026-02-20,2,2,0,0,2
CH-DL-01-1,ST-DL-01,DL,2026-02-20,2,2,0,0,2
CH-DL-01-2,ST-DL-01,DL,2026-02-20,3,3,0,0,3
CH-DL-01-3,ST-DL-01,DL,2026-02-20,4,4,0,0,4
CH-DL-02-1,ST-DL-02,DL,2026-02-20,9,9,0,0,9
CH-DL-02-2,ST-DL-02,DL,2026-02-20,14,14,0,0,14
CH-DL-02-3,ST-DL-02,DL,2026-02-20,5,5,0,0,5
CH-DL-03-1,ST-DL-03,DL,2026-02-20,12,10,2,1,12
CH-DL-03-2,ST-DL-03,DL,2026-02-20,3,3,0,0,3
CH-DL-03-3,ST-DL-03,DL,2026-02-20,2,2,0,0,2
CH-DL-04-1,ST-DL-04,DL,2026-02-20,14,14,0,0,14
CH-DL-04-2,ST-DL-04,DL,2026-02-20,20,20,0,0,19
CH-DL-04-3,ST-DL-04,DL,2026-02-20,6,6,0,0,6
CH-DL-05-1,ST-DL-05,DL,2026-02-20,0,0,0,0,0
CH-DL-05-2,ST-DL-05,DL,2026-02-20,3,3,0,0,3
CH-DL-05-3,ST-DL-05,DL,2026-02-20,1,1,0,0,1
CH-SH-01-1,ST-SH-01,SH,2026-02-20,3,3,0,0,3
CH-SH-01-2,ST-SH-01,SH,2026-02-20,3,3,0,0,3
CH-SH-01-3,ST-SH-01,SH,2026-02-20,3,3,0,0,3
CH-SH-02-1,ST-SH-02,SH,2026-02-20,13,13,0,0,13
CH-SH-02-2,ST-SH-02,SH,2026-02-20,15,14,1,1,14
CH-SH-02-3,ST-SH-02,SH,2026-02-20,4,4,0,0,4
CH-SH-03-1,ST-SH-03,SH,2026-02-20,7,7,0,0,7
CH-SH-03-2,ST-SH-03,SH,2026-02-20,5,5,0,0,5
CH-SH-03-3,ST-SH-03,SH,2026-02-20,2,2,0,0,2
CH-SH-04-1,ST-SH-04,SH,2026-02-20,20,18,2,1,20
CH-SH-04-2,ST-SH-04,SH,2026-02-20,20,20,0,0,20
CH-SH-04-3,ST-SH-04,SH,2026-02-20,3,3,0,0,3
CH-SH-05-1,ST-SH-05,SH,2026-02-20,0,0,0,0,0
CH-SH-05-2,ST-SH-05,SH,2026-02-20,1,1,0,0,1
CH-SH-05-3,ST-SH-05,SH,2026-02-20,1,1,0,0,1
CH-SY-01-1,ST-SY-01,SY,2026-02-20,1,1,0,0,1
CH-SY-01-2,ST-SY-01,SY,2026-02-20,3,3,0,0,3
CH-SY-01-3,ST-SY-01,SY,2026-02-20,1,1,0,0,1
CH-SY-02-1,ST-SY-02,SY,2026-02-20,10,10,0,0,10
CH-SY-02-2,ST-SY-02,SY,2026-02-20,10,9,1,1,10
CH-SY-02-3,ST-SY-02,SY,2026-02-20,3,3,0,0,3
CH-SY-03-1,ST-SY-03,SY,2026-02-20,6,6,0,0,6
CH-SY-03-2,ST-SY-03,SY,2026-02-20,2,2,0,0,2
CH-SY-03-3,ST-SY-03,SY,2026-02-20,3,3,0,0,3
CH-SY-04-1,ST-SY-04,SY,2026-02-20,18,17,1,1,18
CH-SY-04-2,ST-SY-04,SY,2026-02-20,19,18,1,1,18
CH-SY-04-3,ST-SY-04,SY,2026-02-20,6,6,0,0,6
CH-SY-05-1,ST-SY-05,SY,2026-02-20,1,0,1,1,1
CH-SY-05-2,ST-SY-05,SY,2026-02-20,2,2,0,0,2
CH-SY-05-3,ST-SY-05,SY,2026-02-20,2,2,0,0,2
CH-SZ-01-1,ST-SZ-01,SZ,2026-02-20,1,1,0,0,1
CH-SZ-01-2,ST-SZ-01,SZ,2026-02-20,1,1,0,0,1
CH-SZ-01-3,ST-SZ-01,SZ,2026-02-20,1,1,0,0,1
CH-SZ-02-1,ST-SZ-02,SZ,2026-02-20,14,12,2,1,14
CH-SZ-02-2,ST-SZ-02,SZ,2026-02-20,10,10,0,0,10
CH-SZ-02-3,ST-SZ-02,SZ,2026-02-20,4,4,0,0,4
CH-SZ-03-1,ST-SZ-03,SZ,2026-02-20,6,5,1,1,6
CH-SZ-03-2,ST-SZ-03,SZ,2026-02-20,3,3,0,0,3
CH-SZ-03-3,ST-SZ-03,SZ,2026-02-20,1,1,0,0,1
CH-SZ-04-1,ST-SZ-04,SZ,2026-02-20,18,17,1,1,18
CH-SZ-04-2,ST-SZ-04,SZ,2026-02-20,19,18,1,1,17
CH-SZ-04-3,ST-SZ-04,SZ,2026-02-20,5,5,0,0,5
CH-SZ-05-1,ST-SZ-05,SZ,2026-02-20,1,0,1,1,1
CH-SZ-05-2,ST-SZ-05,SZ,2026-02-20,3,3,0,0,3
CH-SZ-05-3,ST-SZ-05,SZ,2026-02-20,2,2,0,0,2
CH-BJ-01-1,ST-BJ-01,BJ,2026-02-21,1,1,0,0,1
CH-BJ-01-2,ST-BJ-01,BJ,2026-02-21,1,0,1,1,1
CH-BJ-01-3,ST-BJ-01,BJ,2026-02-21,2,2,0,0,2
CH-BJ-02-1,ST-BJ-02,BJ,2026-02-21,11,10,1,1,11
CH-BJ-02-2,ST-BJ-02,BJ,2026-02-21,13,13,0,0,13
CH-BJ-02-3,ST-BJ-02,BJ,2026-02-21,4,4,0,0,4
CH-BJ-03-1,ST-BJ-03,BJ,2026-02-21,6,6,0,0,6
CH-BJ-03-2,ST-BJ-03,BJ,2026-02-21,3,3,0,0,3
CH-BJ-03-3,ST-BJ-03,BJ,2026-02-21,2,2,0,0,2
CH-BJ-04-1,ST-BJ-04,BJ,2026-02-21,17,17,0,0,16
CH-BJ-04-2,ST-BJ-04,BJ,2026-02-21,21,20,1,1,20
CH-BJ-04-3,ST-BJ-04,BJ,2026-02-21,4,4,0,0,4
CH-BJ-05-1,ST-BJ-05,BJ,2026-02-21,1,1,0,0,1
CH-BJ-05-2,ST-BJ-05,BJ,2026-02-21,2,2,0,0,2
CH-BJ-05-3,ST-BJ-05,BJ,2026-02-21,4,4,0,0,4
CH-DL-01-1,ST-DL-01,DL,2026-02-21,2,2,0,0,2
CH-DL-01-2,ST-DL-01,DL,2026-02-21,1,1,0,0,1
CH-DL-01-3,ST-DL-01,DL,2026-02-21,3,3,0,0,3
CH-DL-02-1,ST-DL-02,DL,2026-02-21,12,12,0,0,12
CH-DL-02-2,ST-DL-02,DL,2026-02-21,15,14,1,1,15
CH-DL-02-3,ST-DL-02,DL,2026-02-21,5,5,0,0,5
CH-DL-03-1,ST-DL-03,DL,2026-02-21,8,8,0,0,8
CH-DL-03-2,ST-DL-03,DL,2026-02-21,3,3,0,0,3
CH-DL-03-3,ST-DL-03,DL,2026-02-21,2,2,0,0,2
CH-DL-04-1,ST-DL-04,DL,2026-02-21,18,16,2,1,18
CH-DL-04-2,ST-DL-04,DL,2026-02-21,21,20,1,1,21
CH-DL-04-3,ST-DL-04,DL,2026-02-21,9,8,1,1,9
CH-DL-05-1,ST-DL-05,DL,2026-02-21,1,1,0,0,1
CH-DL-05-2,ST-DL-05,DL,2026-02-21,3,3,0,0,3
CH-DL-05-3,ST-DL-05,DL,2026-02-21,1,1,0,0,1
CH-SH-01-1,ST-SH-01,SH,2026-02-21,1,1,0,0,1
CH-SH-01-2,ST-SH-01,SH,2026-02-21,0,0,0,0,0
CH-SH-01-3,ST-SH-01,SH,2026-02-21,2,2,0,0,2
CH-SH-02-1,ST-SH-02,SH,2026-02-21,11,10,1,1,11
CH-SH-02-2,ST-SH-02,SH,2026-02-21,9,9,0,0,9
CH-SH-02-3,ST-SH-02,SH,2026-02-21,7,7,0,0,7
CH-SH-03-1,ST-SH-03,SH,2026-02-21,10,10,0,0,10
CH-SH-03-2,ST-SH-03,SH,2026-02-21,2,2,0,0,2
CH-SH-03-3,ST-SH-03,SH,2026-02-21,2,2,0,0,2
CH-SH-04-1,ST-SH-04,SH,2026-02-21,14,14,0,0,14
CH-SH-04-2,ST-SH-04,SH,2026-02-21,18,18,0,0,17
CH-SH-04-3,ST-SH-04,SH,2026-02-21,6,6,0,0,6
CH-SH-05-1,ST-SH-05,SH,2026-02-21,0,0,0,0,0
CH-SH-05-2,ST-SH-05,SH,2026-02-21,3,3,0,0,3
CH-SH-05-3,ST-SH-05,SH,2026-02-21,3,3,0,0,3
CH-SY-01-1,ST-SY-01,SY,2026-02-21,2,1,1,1,2
CH-SY-01-2,ST-SY-01,SY,2026-02-21,2,2,0,0,2
CH-SY-01-3,ST-SY-01,SY,2026-02-21,1,1,0,0,1
CH-SY-02-1,ST-SY-02,SY,2026-02-21,14,13,1,1,14
CH-SY-02-2,ST-SY-02,SY,2026-02-21,13,13,0,0,13
CH-SY-02-3,ST-SY-02,SY,2026-02-21,6,6,0,0,6
CH-SY-03-1,ST-SY-03,SY,2026-02-21,6,6,0,0,6
CH-SY-03-2,ST-SY-03,SY,2026-02-21,4,4,0,0,4
CH-SY-03-3,ST-SY-03,SY,2026-02-21,2,2,0,0,2
CH-SY-04-1,ST-SY-04,SY,2026-02-21,14,12,2,1,13
CH-SY-04-2,ST-SY-04,SY,2026-02-21,19,17,2,1,18
CH-SY-04-3,ST-SY-04,SY,2026-02-21,6,6,0,0,6
CH-SY-05-1,ST-SY-05,SY,2026-02-21,2,2,0,0,2
CH-SY-05-2,ST-SY-05,SY,2026-02-21,2,2,0,0,2
CH-SY-05-3,ST-SY-05,SY,2026-02-21,3,3,0,0,3
CH-SZ-01-1,ST-SZ-01,SZ,2026-02-21,1,1,0,0,1
CH-SZ-01-2,ST-SZ-01,SZ,2026-02-21,4,4,0,0,4
CH-SZ-01-3,ST-SZ-01,SZ,2026-02-21,1,1,0,0,1
CH-SZ-02-1,ST-SZ-02,SZ,2026-02-21,7,7,0,0,7
CH-SZ-02-2,ST-SZ-02,SZ,2026-02-21,17,16,1,1,17
CH-SZ-02-3,ST-SZ-02,SZ,2026-02-21,6,6,0,0,6
CH-SZ-03-1,ST-SZ-03,SZ,2026-02-21,9,8,1,1,9
CH-SZ-03-2,ST-SZ-03,SZ,2026-02-21,1,1,0,0,1
CH-SZ-03-3,ST-SZ-03,SZ,2026-02-21,3,3,0,0,3
CH-SZ-04-1,ST-SZ-04,SZ,2026-02-21,11,11,0,0,11
CH-SZ-04-2,ST-SZ-04,SZ,2026-02-21,16,16,0,0,16
CH-SZ-04-3,ST-SZ-04,SZ,2026-02-21,5,5,0,0,5
CH-SZ-05-1,ST-SZ-05,SZ,2026-02-21,3,3,0,0,3
CH-SZ-05-2,ST-SZ-05,SZ,2026-02-21,3,3,0,0,3
CH-SZ-05-3,ST-SZ-05,SZ,2026-02-21,4,4,0,0,4
CH-BJ-01-1,ST-BJ-01,BJ,2026-02-22,1,1,0,0,1
CH-BJ-01-2,ST-BJ-01,BJ,2026-02-22,1,1,0,0,1
CH-BJ-01-3,ST-BJ-01,BJ,2026-02-22,2,2,0,0,2
CH-BJ-02-1,ST-BJ-02,BJ,2026-02-22,12,12,0,0,12
CH-BJ-02-2,ST-BJ-02,BJ,2026-02-22,13,13,0,0,13
CH-BJ-02-3,ST-BJ-02,BJ,2026-02-22,3,3,0,0,3
CH-BJ-03-1,ST-BJ-03,BJ,2026-02-22,3,3,0,0,3
CH-BJ-03-2,ST-BJ-03,BJ,2026-02-22,1,1,0,0,1
CH-BJ-03-3,ST-BJ-03,BJ,2026-02-22,2,2,0,0,2
CH-BJ-04-1,ST-BJ-04,BJ,2026-02-22,14,14,0,0,14
CH-BJ-04-2,ST-BJ-04,BJ,2026-02-22,21,21,0,0,21
CH-BJ-04-3,ST-BJ-04,BJ,2026-02-22,4,4,0,0,4
CH-BJ-05-1,ST-BJ-05,BJ,2026-02-22,2,2,0,0,2
CH-BJ-05-2,ST-BJ-05,BJ,2026-02-22,3,3,0,0,3
CH-BJ-05-3,ST-BJ-05,BJ,2026-02-22,3,3,0,0,3
CH-DL-01-1,ST-DL-01,DL,2026-02-22,3,2,1,1,3
CH-DL-01-2,ST-DL-01,DL,2026-02-22,4,4,0,0,4
CH-DL-01-3,ST-DL-01,DL,2026-02-22,3,3,0,0,3
CH-DL-02-1,ST-DL-02,DL,2026-02-22,6,6,0,0,6
CH-DL-02-2,ST-DL-02,DL,2026-02-22,13,13,0,0,13
CH-DL-02-3,ST-DL-02,DL,2026-02-22,5,4,1,1,5
CH-DL-03-1,ST-DL-03,DL,2026-02-22,6,6,0,0,6
CH-DL-03-2,ST-DL-03,DL,2026-02-22,1,1,0,0,1
CH-DL-03-3,ST-DL-03,DL,2026-02-22,3,3,0,0,3
CH-DL-04-1,ST-DL-04,DL,2026-02-22,19,19,0,0,19
CH-DL-04-2,ST-DL-04,DL,2026-02-22,23,23,0,0,21
CH-DL-04-3,ST-DL-04,DL,2026-02-22,5,5,0,0,5
CH-DL-05-1,ST-DL-05,DL,2026-02-22,0,0,0,0,0
CH-DL-05-2,ST-DL-05,DL,2026-02-22,3,3,0,0,3
CH-DL-05-3,ST-DL-05,DL,2026-02-22,3,3,0,0,3
CH-SH-01-1,ST-SH-01,SH,2026-02-22,0,0,0,0,0
CH-SH-01-2,ST-SH-01,SH,2026-02-22,1,1,0,0,1
CH-SH-01-3,ST-SH-01,SH,2026-02-22,2,2,0,0,2
CH-SH-02-1,ST-SH-02,SH,2026-02-22,10,10,0,0,10
CH-SH-02-2,ST-SH-02,SH,2026-02-22,16,15,1,1,16
CH-SH-02-3,ST-SH-02,SH,2026-02-22,4,4,0,0,4
CH-SH-03-1,ST-SH-03,SH,2026-02-22,6,5,1,1,6
CH-SH-03-2,ST-SH-03,SH,2026-02-22,3,3,0,0,3
CH-SH-03-3,ST-SH-03,SH,2026-02-22,3,3,0,0,3
CH-SH-04-1,ST-SH-04,SH,2026-02-22,15,14,1,1,15
CH-SH-04-2,ST-SH-04,SH,2026-02-22,17,17,0,0,17
CH-SH-04-3,ST-SH-04,SH,2026-02-22,6,5,1,1,6
CH-SH-05-1,ST-SH-05,SH,2026-02-22,2,2,0,0,2
CH-SH-05-2,ST-SH-05,SH,2026-02-22,4,4,0,0,4
CH-SH-05-3,ST-SH-05,SH,2026-02-22,3,3,0,0,3
CH-SY-01-1,ST-SY-01,SY,2026-02-22,4,4,0,0,4
CH-SY-01-2,ST-SY-01,SY,2026-02-22,1,1,0,0,1
CH-SY-01-3,ST-SY-01,SY,2026-02-22,2,2,0,0,2
CH-SY-02-1,ST-SY-02,SY,2026-02-22,10,10,0,0,10
CH-SY-02-2,ST-SY-02,SY,2026-02-22,14,14,0,0,14
CH-SY-02-3,ST-SY-02,SY,2026-02-22,3,3,0,0,3
CH-SY-03-1,ST-SY-03,SY,2026-02-22,7,7,0,0,7
CH-SY-03-2,ST-SY-03,SY,2026-02-22,1,1,0,0,1
CH-SY-03-3,ST-SY-03,SY,2026-02-22,2,2,0,0,2
CH-SY-04-1,ST-SY-04,SY,2026-02-22,21,20,1,1,21
CH-SY-04-2,ST-SY-04,SY,2026-02-22,20,20,0,0,18
CH-SY-04-3,ST-SY-04,SY,2026-02-22,4,4,0,0,4
CH-SY-05-1,ST-SY-05,SY,2026-02-22,1,0,1,1,1
CH-SY-05-2,ST-SY-05,SY,2026-02-22,2,2,0,0,2
CH-SY-05-3,ST-SY-05,SY,2026-02-22,2,2,0,0,2
CH-SZ-01-1,ST-SZ-01,SZ,2026-02-22,2,1,1,1,2
CH-SZ-01-2,ST-SZ-01,SZ,2026-02-22,1,1,0,0,1
CH-SZ-01-3,ST-SZ-01,SZ,2026-02-22,3,3,0,0,3
CH-SZ-02-1,ST-SZ-02,SZ,2026-02-22,13,11,2,1,13
CH-SZ-02-2,ST-SZ-02,SZ,2026-02-22,13,13,0,0,13
CH-SZ-02-3,ST-SZ-02,SZ,2026-02-22,4,4,0,0,4
CH-SZ-03-1,ST-SZ-03,SZ,2026-02-22,8,8,0,0,8
CH-SZ-03-2,ST-SZ-03,SZ,2026-02-22,2,2,0,0,2
CH-SZ-03-3,ST-SZ-03,SZ,2026-02-22,2,2,0,0,2
CH-SZ-04-1,ST-SZ-04,SZ,2026-02-22,18,16,2,1,17
CH-SZ-04-2,ST-SZ-04,SZ,2026-02-22,22,21,1,1,22
CH-SZ-04-3,ST-SZ-04,SZ,2026-02-22,5,5,0,0,5
CH-SZ-05-1,ST-SZ-05,SZ,2026-02-22,3,2,1,1,3
CH-SZ-05-2,ST-SZ-05,SZ,2026-02-22,2,2,0,0,2
CH-SZ-05-3,ST-SZ-05,SZ,2026-02-22,3,3,0,0,3
CH-BJ-01-1,ST-BJ-01,BJ,2026-02-23,1,1,0,0,1
CH-BJ-01-2,ST-BJ-01,BJ,2026-02-23,2,2,0,0,2
CH-BJ-01-3,ST-BJ-01,BJ,2026-02-23,3,3,0,0,3
CH-BJ-02-1,ST-BJ-02,BJ,2026-02-23,10,9,1,1,10
CH-BJ-02-2,ST-BJ-02,BJ,2026-02-23,13,13,0,0,13
CH-BJ-02-3,ST-BJ-02,BJ,2026-02-23,2,2,0,0,2
CH-BJ-03-1,ST-BJ-03,BJ,2026-02-23,9,9,0,0,9
CH-BJ-03-2,ST-BJ-03,BJ,2026-02-23,3,3,0,0,3
CH-BJ-03-3,ST-BJ-03,BJ,2026-02-23,2,2,0,0,2
CH-BJ-04-1,ST-BJ-04,BJ,2026-02-23,12,10,2,1,12
CH-BJ-04-2,ST-BJ-04,BJ,2026-02-23,13,12,1,1,12
CH-BJ-04-3,ST-BJ-04,BJ,2026-02-23,6,6,0,0,6
CH-BJ-05-1,ST-BJ-05,BJ,2026-02-23,2,2,0,0,2
CH-BJ-05-2,ST-BJ-05,BJ,2026-02-23,3,3,0,0,3
CH-BJ-05-3,ST-BJ-05,BJ,2026-02-23,2,2,0,0,2
CH-DL-01-1,ST-DL-01,DL,2026-02-23,2,2,0,0,2
CH-DL-01-2,ST-DL-01,DL,2026-02-23,4,4,0,0,4
CH-DL-01-3,ST-DL-01,DL,2026-02-23,2,2,0,0,2
CH-DL-02-1,ST-DL-02,DL,2026-02-23,13,13,0,0,13
CH-DL-02-2,ST-DL-02,DL,2026-02-23,12,12,0,0,12
CH-DL-02-3,ST-DL-02,DL,2026-02-23,5,5,0,0,5
CH-DL-03-1,ST-DL-03,DL,2026-02-23,10,8,2,1,10
CH-DL-03-2,ST-DL-03,DL,2026-02-23,2,2,0,0,2
CH-DL-03-3,ST-DL-03,DL,2026-02-23,2,2,0,0,2
CH-DL-04-1,ST-DL-04,DL,2026-02-23,12,12,0,0,12
CH-DL-04-2,ST-DL-04,DL,2026-02-23,19,18,1,1,19
CH-DL-04-3,ST-DL-04,DL,2026-02-23,5,5,0,0,5
CH-DL-05-1,ST-DL-05,DL,2026-02-23,1,1,0,0,1
CH-DL-05-2,ST-DL-05,DL,2026-02-23,0,0,0,0,0
CH-DL-05-3,ST-DL-05,DL,2026-02-23,3,3,0,0,3
CH-SH-01-1,ST-SH-01,SH,2026-02-23,2,2,0,0,2
CH-SH-01-2,ST-SH-01,SH,2026-02-23,3,3,0,0,3
CH-SH-01-3,ST-SH-01,SH,2026-02-23,2,2,0,0,2
CH-SH-02-1,ST-SH-02,SH,2026-02-23,10,9,1,1,10
CH-SH-02-2,ST-SH-02,SH,2026-02-23,12,12,0,0,12
CH-SH-02-3,ST-SH-02,SH,2026-02-23,5,5,0,0,5
CH-SH-03-1,ST-SH-03,SH,2026-02-23,4,4,0,0,4
CH-SH-03-2,ST-SH-03,SH,2026-02-23,2,2,0,0,2
CH-SH-03-3,ST-SH-03,SH,2026-02-23,2,2,0,0,2
CH-SH-04-1,ST-SH-04,SH,2026-02-23,9,9,0,0,9
CH-SH-04-2,ST-SH-04,SH,2026-02-23,20,20,0,0,19
CH-SH-04-3,ST-SH-04,SH,2026-02-23,6,6,0,0,6
CH-SH-05-1,ST-SH-05,SH,2026-02-23,0,0,0,0,0
CH-SH-05-2,ST-SH-05,SH,2026-02-23,1,1,0,0,1
CH-SH-05-3,ST-SH-05,SH,2026-02-23,2,2,0,0,2
CH-SY-01-1,ST-SY-01,SY,2026-02-23,2,1,1,1,2
CH-SY-01-2,ST-SY-01,SY,2026-02-23,0,0,0,0,0
CH-SY-01-3,ST-SY-01,SY,2026-02-23,2,2,0,0,2
CH-SY-02-1,ST-SY-02,SY,2026-02-23,10,10,0,0,10
CH-SY-02-2,ST-SY-02,SY,2026-02-23,15,15,0,0,15
CH-SY-02-3,ST-SY-02,SY,2026-02-23,7,6,1,1,7
CH-SY-03-1,ST-SY-03,SY,2026-02-23,6,6,0,0,6
CH-SY-03-2,ST-SY-03,SY,2026-02-23,2,2,0,0,2
CH-SY-03-3,ST-SY-03,SY,2026-02-23,2,2,0,0,2
CH-SY-04-1,ST-SY-04,SY,2026-02-23,17,17,0,0,17
CH-SY-04-2,ST-SY-04,SY,2026-02-23,23,21,2,1,22
CH-SY-04-3,ST-SY-04,SY,2026-02-23,3,3,0,0,3
CH-SY-05-1,ST-SY-05,SY,2026-02-23,0,0,0,0,0
CH-SY-05-2,ST-SY-05,SY,2026-02-23,1,1,0,0,1
CH-SY-05-3,ST-SY-05,SY,2026-02-23,1,1,0,0,1
CH-SZ-01-1,ST-SZ-01,SZ,2026-02-23,1,0,1,1,1
CH-SZ-01-2,ST-SZ-01,SZ,2026-02-23,2,2,0,0,2
CH-SZ-01-3,ST-SZ-01,SZ,2026-02-23,2,2,0,0,2
CH-SZ-02-1,ST-SZ-02,SZ,2026-02-23,14,12,2,1,14
CH-SZ-02-2,ST-SZ-02,SZ,2026-02-23,8,8,0,0,8
CH-SZ-02-3,ST-SZ-02,SZ,2026-02-23,4,4,0,0,4
CH-SZ-03-1,ST-SZ-03,SZ,2026-02-23,8,8,0,0,8
CH-SZ-03-2,ST-SZ-03,SZ,2026-02-23,3,3,0,0,3
CH-SZ-03-3,ST-SZ-03,SZ,2026-02-23,2,2,0,0,2
CH-SZ-04-1,ST-SZ-04,SZ,2026-02-23,13,12,1,1,13
CH-SZ-04-2,ST-SZ-04,SZ,2026-02-23,18,18,0,0,18
CH-SZ-04-3,ST-SZ-04,SZ,2026-02-23,4,4,0,0,4
CH-SZ-05-1,ST-SZ-05,SZ,2026-02-23,3,2,1,1,3
CH-SZ-05-2,ST-SZ-05,SZ,2026-02-23,4,4,0,0,4
CH-SZ-05-3,ST-SZ-05,SZ,2026-02-23,2,2,0,0,2
CH-BJ-01-1,ST-BJ-01,BJ,2026-02-24,10,10,0,0,10
CH-BJ-01-2,ST-BJ-01,BJ,2026-02-24,15,15,0,0,15
CH-BJ-01-3,ST-BJ-01,BJ,2026-02-24,5,5,0,0,5
CH-BJ-02-1,ST-BJ-02,BJ,2026-02-24,9,9,0,0,9
CH-BJ-02-2,ST-BJ-02,BJ,2026-02-24,11,10,1,1,11
CH-BJ-02-3,ST-BJ-02,BJ,2026-02-24,5,5,0,0,5
CH-BJ-03-1,ST-BJ-03,BJ,2026-02-24,9,8,1,1,9
CH-BJ-03-2,ST-BJ-03,BJ,2026-02-24,2,2,0,0,2
CH-BJ-03-3,ST-BJ-03,BJ,2026-02-24,3,3,0,0,3
CH-BJ-04-1,ST-BJ-04,BJ,2026-02-24,12,12,0,0,12
CH-BJ-04-2,ST-BJ-04,BJ,2026-02-24,12,12,0,0,11
CH-BJ-04-3,ST-BJ-04,BJ,2026-02-24,6,6,0,0,6
CH-BJ-05-1,ST-BJ-05,BJ,2026-02-24,7,7,0,0,7
CH-BJ-05-2,ST-BJ-05,BJ,2026-02-24,9,9,0,0,9
CH-BJ-05-3,ST-BJ-05,BJ,2026-02-24,5,5,0,0,5
CH-DL-01-1,ST-DL-01,DL,2026-02-24,9,8,1,1,9
CH-DL-01-2,ST-DL-01,DL,2026-02-24,11,11,0,0,11
CH-DL-01-3,ST-DL-01,DL,2026-02-24,2,2,0,0,2
CH-DL-02-1,ST-DL-02,DL,2026-02-24,7,7,0,0,7
CH-DL-02-2,ST-DL-02,DL,2026-02-24,9,9,0,0,9
CH-DL-02-3,ST-DL-02,DL,2026-02-24,5,5,0,0,5
CH-DL-03-1,ST-DL-03,DL,2026-02-24,10,10,0,0,10
CH-DL-03-2,ST-DL-03,DL,2026-02-24,5,3,2,1,5
CH-DL-03-3,ST-DL-03,DL,2026-02-24,2,2,0,0,2
CH-DL-04-1,ST-DL-04,DL,2026-02-24,12,11,1,1,12
CH-DL-04-2,ST-DL-04,DL,2026-02-24,19,18,1,1,19
CH-DL-04-3,ST-DL-04,DL,2026-02-24,3,3,0,0,3
CH-DL-05-1,ST-DL-05,DL,2026-02-24,8,8,0,0,8
CH-DL-05-2,ST-DL-05,DL,2026-02-24,10,10,0,0,10
CH-DL-05-3,ST-DL-05,DL,2026-02-24,2,2,0,0,2
CH-SH-01-1,ST-SH-01,SH,2026-02-24,9,8,1,1,9
CH-SH-01-2,ST-SH-01,SH,2026-02-24,10,10,0,0,10
CH-SH-01-3,ST-SH-01,SH,2026-02-24,3,3,0,0,3
CH-SH-02-1,ST-SH-02,SH,2026-02-24,10,9,1,1,10
CH-SH-02-2,ST-SH-02,SH,2026-02-24,13,13,0,0,13
CH-SH-02-3,ST-SH-02,SH,2026-02-24,5,5,0,0,5
CH-SH-03-1,ST-SH-03,SH,2026-02-24,6,6,0,0,6
CH-SH-03-2,ST-SH-03,SH,2026-02-24,2,2,0,0,2
CH-SH-03-3,ST-SH-03,SH,2026-02-24,2,1,1,1,2
CH-SH-04-1,ST-SH-04,SH,2026-02-24,16,15,1,1,15
CH-SH-04-2,ST-SH-04,SH,2026-02-24,12,12,0,0,12
CH-SH-04-3,ST-SH-04,SH,2026-02-24,4,4,0,0,4
CH-SH-05-1,ST-SH-05,SH,2026-02-24,9,9,0,0,9
CH-SH-05-2,ST-SH-05,SH,2026-02-24,9,9,0,0,9
CH-SH-05-3,ST-SH-05,SH,2026-02-24,4,4,0,0,4
CH-SY-01-1,ST-SY-01,SY,2026-02-24,9,9,0,0,9
CH-SY-01-2,ST-SY-01,SY,2026-02-24,9,9,0,0,9
CH-SY-01-3,ST-SY-01,SY,2026-02-24,2,2,0,0,2
CH-SY-02-1,ST-SY-02,SY,2026-02-24,14,14,0,0,13
CH-SY-02-2,ST-SY-02,SY,2026-02-24,16,16,0,0,16
CH-SY-02-3,ST-SY-02,SY,2026-02-24,6,6,0,0,6
CH-SY-03-1,ST-SY-03,SY,2026-02-24,5,4,1,1,5
CH-SY-03-2,ST-SY-03,SY,2026-02-24,2,2,0,0,2
CH-SY-03-3,ST-SY-03,SY,2026-02-24,2,2,0,0,2
CH-SY-04-1,ST-SY-04,SY,2026-02-24,17,14,3,1,17
CH-SY-04-2,ST-SY-04,SY,2026-02-24,20,20,0,0,19
CH-SY-04-3,ST-SY-04,SY,2026-02-24,5,5,0,0,5
CH-SY-05-1,ST-SY-05,SY,2026-02-24,9,9,0,0,9
CH-SY-05-2,ST-SY-05,SY,2026-02-24,6,6,0,0,6
CH-SY-05-3,ST-SY-05,SY,2026-02-24,3,3,0,0,3
CH-SZ-01-1,ST-SZ-01,SZ,2026-02-24,9,9,0,0,9
CH-SZ-01-2,ST-SZ-01,SZ,2026-02-24,13,12,1,1,13
CH-SZ-01-3,ST-SZ-01,SZ,2026-02-24,5,5,0,0,5
CH-SZ-02-1,ST-SZ-02,SZ,2026-02-24,12,11,1,1,12
CH-SZ-02-2,ST-SZ-02,SZ,2026-02-24,14,14,0,0,14
CH-SZ-02-3,ST-SZ-02,SZ,2026-02-24,4,4,0,0,4
CH-SZ-03-1,ST-SZ-03,SZ,2026-02-24,6,6,0,0,6
CH-SZ-03-2,ST-SZ-03,SZ,2026-02-24,2,2,0,0,2
CH-SZ-03-3,ST-SZ-03,SZ,2026-02-24,3,3,0,0,3
CH-SZ-04-1,ST-SZ-04,SZ,2026-02-24,14,14,0,0,14
CH-SZ-04-2,ST-SZ-04,SZ,2026-02-24,24,21,3,1,24
CH-SZ-04-3,ST-SZ-04,SZ,2026-02-24,5,5,0,0,5
CH-SZ-05-1,ST-SZ-05,SZ,2026-02-24,10,9,1,1,10
CH-SZ-05-2,ST-SZ-05,SZ,2026-02-24,10,9,1,1,10
CH-SZ-05-3,ST-SZ-05,SZ,2026-02-24,3,3,0,0,3
CH-BJ-01-1,ST-BJ-01,BJ,2026-02-25,13,13,0,0,13
CH-BJ-01-2,ST-BJ-01,BJ,2026-02-25,13,12,1,1,13
CH-BJ-01-3,ST-BJ-01,BJ,2026-02-25,4,4,0,0,4
CH-BJ-02-1,ST-BJ-02,BJ,2026-02-25,12,10,2,1,12
CH-BJ-02-2,ST-BJ-02,BJ,2026-02-25,16,16,0,0,16
CH-BJ-02-3,ST-BJ-02,BJ,2026-02-25,3,3,0,0,3
CH-BJ-03-1,ST-BJ-03,BJ,2026-02-25,10,9,1,1,9
CH-BJ-03-2,ST-BJ-03,BJ,2026-02-25,2,2,0,0,2
CH-BJ-03-3,ST-BJ-03,BJ,2026-02-25,3,3,0,0,3
CH-BJ-04-1,ST-BJ-04,BJ,2026-02-25,15,15,0,0,15
CH-BJ-04-2,ST-BJ-04,BJ,2026-02-25,20,20,0,0,20
CH-BJ-04-3,ST-BJ-04,BJ,2026-02-25,5,4,1,1,5
CH-BJ-05-1,ST-BJ-05,BJ,2026-02-25,11,10,1,1,11
CH-BJ-05-2,ST-BJ-05,BJ,2026-02-25,10,10,0,0,10
CH-BJ-05-3,ST-BJ-05,BJ,2026-02-25,3,3,0,0,3
CH-DL-01-1,ST-DL-01,DL,2026-02-25,9,9,0,0,9
CH-DL-01-2,ST-DL-01,DL,2026-02-25,11,10,1,1,11
CH-DL-01-3,ST-DL-01,DL,2026-02-25,5,5,0,0,5
CH-DL-02-1,ST-DL-02,DL,2026-02-25,9,8,1,1,9
CH-DL-02-2,ST-DL-02,DL,2026-02-25,13,13,0,0,13
CH-DL-02-3,ST-DL-02,DL,2026-02-25,4,4,0,0,4
CH-DL-03-1,ST-DL-03,DL,2026-02-25,9,9,0,0,9
CH-DL-03-2,ST-DL-03,DL,2026-02-25,2,2,0,0,2
CH-DL-03-3,ST-DL-03,DL,2026-02-25,3,3,0,0,3
CH-DL-04-1,ST-DL-04,DL,2026-02-25,15,15,0,0,15
CH-DL-04-2,ST-DL-04,DL,2026-02-25,17,17,0,0,17
CH-DL-04-3,ST-DL-04,DL,2026-02-25,4,4,0,0,4
CH-DL-05-1,ST-DL-05,DL,2026-02-25,5,4,1,1,5
CH-DL-05-2,ST-DL-05,DL,2026-02-25,6,6,0,0,6
CH-DL-05-3,ST-DL-05,DL,2026-02-25,2,2,0,0,2
CH-SH-01-1,ST-SH-01,SH,2026-02-25,6,6,0,0,6
CH-SH-01-2,ST-SH-01,SH,2026-02-25,8,8,0,0,8
CH-SH-01-3,ST-SH-01,SH,2026-02-25,4,4,0,0,4
CH-SH-02-1,ST-SH-02,SH,2026-02-25,8,8,0,0,8
CH-SH-02-2,ST-SH-02,SH,2026-02-25,11,11,0,0,11
CH-SH-02-3,ST-SH-02,SH,2026-02-25,4,4,0,0,4
CH-SH-03-1,ST-SH-03,SH,2026-02-25,7,7,0,0,7
CH-SH-03-2,ST-SH-03,SH,2026-02-25,2,2,0,0,2
CH-SH-03-3,ST-SH-03,SH,2026-02-25,1,1,0,0,1
CH-SH-04-1,ST-SH-04,SH,2026-02-25,10,10,0,0,9
CH-SH-04-2,ST-SH-04,SH,2026-02-25,19,19,0,0,18
CH-SH-04-3,ST-SH-04,SH,2026-02-25,5,5,0,0,5
CH-SH-05-1,ST-SH-05,SH,2026-02-25,5,4,1,1,5
CH-SH-05-2,ST-SH-05,SH,2026-02-25,11,11,0,0,11
CH-SH-05-3,ST-SH-05,SH,2026-02-25,5,5,0,0,5
CH-SY-01-1,ST-SY-01,SY,2026-02-25,5,4,1,1,5
CH-SY-01-2,ST-SY-01,SY,2026-02-25,6,6,0,0,6
CH-SY-01-3,ST-SY-01,SY,2026-02-25,2,2,0,0,2
CH-SY-02-1,ST-SY-02,SY,2026-02-25,12,12,0,0,12
CH-SY-02-2,ST-SY-02,SY,2026-02-25,15,15,0,0,15
CH-SY-02-3,ST-SY-02,SY,2026-02-25,6,6,0,0,6
CH-SY-03-1,ST-SY-03,SY,2026-02-25,5,5,0,0,5
CH-SY-03-2,ST-SY-03,SY,2026-02-25,3,3,0,0,3
CH-SY-03-3,ST-SY-03,SY,2026-02-25,2,2,0,0,2
CH-SY-04-1,ST-SY-04,SY,2026-02-25,15,15,0,0,14
CH-SY-04-2,ST-SY-04,SY,2026-02-25,20,19,1,1,20
CH-SY-04-3,ST-SY-04,SY,2026-02-25,7,7,0,0,7
CH-SY-05-1,ST-SY-05,SY,2026-02-25,5,5,0,0,5
CH-SY-05-2,ST-SY-05,SY,2026-02-25,6,6,0,0,6
CH-SY-05-3,ST-SY-05,SY,2026-02-25,5,5,0,0,5
CH-SZ-01-1,ST-SZ-01,SZ,2026-02-25,12,11,1,1,12
CH-SZ-01-2,ST-SZ-01,SZ,2026-02-25,10,10,0,0,10
CH-SZ-01-3,ST-SZ-01,SZ,2026-02-25,4,4,0,0,4
CH-SZ-02-1,ST-SZ-02,SZ,2026-02-25,12,11,1,1,12
CH-SZ-02-2,ST-SZ-02,SZ,2026-02-25,13,13,0,0,13
CH-SZ-02-3,ST-SZ-02,SZ,2026-02-25,5,5,0,0,5
CH-SZ-03-1,ST-SZ-03,SZ,2026-02-25,10,10,0,0,10
CH-SZ-03-2,ST-SZ-03,SZ,2026-02-25,3,3,0,0,3
CH-SZ-03-3,ST-SZ-03,SZ,2026-02-25,3,3,0,0,3
CH-SZ-04-1,ST-SZ-04,SZ,2026-02-25,14,14,0,0,13
CH-SZ-04-2,ST-SZ-04,SZ,2026-02-25,25,23,2,1,24
CH-SZ-04-3,ST-SZ-04,SZ,2026-02-25,5,5,0,0,5
CH-SZ-05-1,ST-SZ-05,SZ,2026-02-25,11,10,1,1,11
CH-SZ-05-2,ST-SZ-05,SZ,2026-02-25,14,14,0,0,14
CH-SZ-05-3,ST-SZ-05,SZ,2026-02-25,5,5,0,0,5
CH-BJ-01-1,ST-BJ-01,BJ,2026-02-26,7,7,0,0,7
CH-BJ-01-2,ST-BJ-01,BJ,2026-02-26,8,8,0,0,8
CH-BJ-01-3,ST-BJ-01,BJ,2026-02-26,3,3,0,0,3
CH-BJ-02-1,ST-BJ-02,BJ,2026-02-26,9,9,0,0,9
CH-BJ-02-2,ST-BJ-02,BJ,2026-02-26,14,14,0,0,14
CH-BJ-02-3,ST-BJ-02,BJ,2026-02-26,2,2,0,0,2
CH-BJ-03-1,ST-BJ-03,BJ,2026-02-26,5,4,1,1,5
CH-BJ-03-2,ST-BJ-03,BJ,2026-02-26,2,2,0,0,2
CH-BJ-03-3,ST-BJ-03,BJ,2026-02-26,4,4,0,0,4
CH-BJ-04-1,ST-BJ-04,BJ,2026-02-26,17,16,1,1,16
CH-BJ-04-2,ST-BJ-04,BJ,2026-02-26,18,17,1,1,18
CH-BJ-04-3,ST-BJ-04,BJ,2026-02-26,6,6,0,0,6
CH-BJ-05-1,ST-BJ-05,BJ,2026-02-26,6,6,0,0,6
CH-BJ-05-2,ST-BJ-05,BJ,2026-02-26,9,9,0,0,9
CH-BJ-05-3,ST-BJ-05,BJ,2026-02-26,4,4,0,0,4
CH-DL-01-1,ST-DL-01,DL,2026-02-26,13,12,1,1,13
CH-DL-01-2,ST-DL-01,DL,2026-02-26,11,11,0,0,11
CH-DL-01-3,ST-DL-01,DL,2026-02-26,5,5,0,0,5
CH-DL-02-1,ST-DL-02,DL,2026-02-26,11,11,0,0,11
CH-DL-02-2,ST-DL-02,DL,2026-02-26,18,18,0,0,18
CH-DL-02-3,ST-DL-02,DL,2026-02-26,4,4,0,0,4
CH-DL-03-1,ST-DL-03,DL,2026-02-26,8,7,1,1,8
CH-DL-03-2,ST-DL-03,DL,2026-02-26,3,3,0,0,3
CH-DL-03-3,ST-DL-03,DL,2026-02-26,2,2,0,0,2
CH-DL-04-1,ST-DL-04,DL,2026-02-26,14,13,1,1,14
CH-DL-04-2,ST-DL-04,DL,2026-02-26,24,23,1,1,23
CH-DL-04-3,ST-DL-04,DL,2026-02-26,6,6,0,0,6
CH-DL-05-1,ST-DL-05,DL,2026-02-26,7,7,0,0,7
CH-DL-05-2,ST-DL-05,DL,2026-02-26,6,6,0,0,6
CH-DL-05-3,ST-DL-05,DL,2026-02-26,4,3,1,1,4
CH-SH-01-1,ST-SH-01,SH,2026-02-26,10,9,1,1,10
CH-SH-01-2,ST-SH-01,SH,2026-02-26,9,9,0,0,9
CH-SH-01-3,ST-SH-01,SH,2026-02-26,3,3,0,0,3
CH-SH-02-1,ST-SH-02,SH,2026-02-26,13,13,0,0,13
CH-SH-02-2,ST-SH-02,SH,2026-02-26,13,12,1,1,13
CH-SH-02-3,ST-SH-02,SH,2026-02-26,4,4,0,0,4
CH-SH-03-1,ST-SH-03,SH,2026-02-26,5,5,0,0,5
CH-SH-03-2,ST-SH-03,SH,2026-02-26,2,2,0,0,2
CH-SH-03-3,ST-SH-03,SH,2026-02-26,2,2,0,0,2
CH-SH-04-1,ST-SH-04,SH,2026-02-26,10,9,1,1,10
CH-SH-04-2,ST-SH-04,SH,2026-02-26,13,13,0,0,13
CH-SH-04-3,ST-SH-04,SH,2026-02-26,5,5,0,0,5
CH-SH-05-1,ST-SH-05,SH,2026-02-26,8,7,1,1,8
CH-SH-05-2,ST-SH-05,SH,2026-02-26,9,9,0,0,9
CH-SH-05-3,ST-SH-05,SH,2026-02-26,4,4,0,0,4
CH-SY-01-1,ST-SY-01,SY,2026-02-26,12,9,3,1,12
CH-SY-01-2,ST-SY-01,SY,2026-02-26,9,9,0,0,9
CH-SY-01-3,ST-SY-01,SY,2026-02-26,4,4,0,0,4
CH-SY-02-1,ST-SY-02,SY,2026-02-26,11,11,0,0,11
CH-SY-02-2,ST-SY-02,SY,2026-02-26,12,12,0,0,12
CH-SY-02-3,ST-SY-02,SY,2026-02-26,4,4,0,0,4
CH-SY-03-1,ST-SY-03,SY,2026-02-26,9,8,1,1,9
CH-SY-03-2,ST-SY-03,SY,2026-02-26,3,3,0,0,3
CH-SY-03-3,ST-SY-03,SY,2026-02-26,3,3,0,0,3
CH-SY-04-1,ST-SY-04,SY,2026-02-26,17,17,0,0,16
CH-SY-04-2,ST-SY-04,SY,2026-02-26,15,15,0,0,15
CH-SY-04-3,ST-SY-04,SY,2026-02-26,6,6,0,0,6
CH-SY-05-1,ST-SY-05,SY,2026-02-26,5,5,0,0,5
CH-SY-05-2,ST-SY-05,SY,2026-02-26,7,7,0,0,7
CH-SY-05-3,ST-SY-05,SY,2026-02-26,3,3,0,0,3
CH-SZ-01-1,ST-SZ-01,SZ,2026-02-26,8,8,0,0,8
CH-SZ-01-2,ST-SZ-01,SZ,2026-02-26,10,10,0,0,10
CH-SZ-01-3,ST-SZ-01,SZ,2026-02-26,3,3,0,0,3
CH-SZ-02-1,ST-SZ-02,SZ,2026-02-26,11,11,0,0,11
CH-SZ-02-2,ST-SZ-02,SZ,2026-02-26,15,14,1,1,15
CH-SZ-02-3,ST-SZ-02,SZ,2026-02-26,4,4,0,0,4
CH-SZ-03-1,ST-SZ-03,SZ,2026-02-26,8,8,0,0,8
CH-SZ-03-2,ST-SZ-03,SZ,2026-02-26,3,3,0,0,3
CH-SZ-03-3,ST-SZ-03,SZ,2026-02-26,4,4,0,0,4
CH-SZ-04-1,ST-SZ-04,SZ,2026-02-26,17,17,0,0,17
CH-SZ-04-2,ST-SZ-04,SZ,2026-02-26,24,23,1,1,24
CH-SZ-04-3,ST-SZ-04,SZ,2026-02-26,5,5,0,0,5
CH-SZ-05-1,ST-SZ-05,SZ,2026-02-26,7,7,0,0,7
CH-SZ-05-2,ST-SZ-05,SZ,2026-02-26,8,7,1,1,8
CH-SZ-05-3,ST-SZ-05,SZ,2026-02-26,4,4,0,0,4
CH-BJ-01-1,ST-BJ-01,BJ,2026-02-27,12,10,2,1,12
CH-BJ-01-2,ST-BJ-01,BJ,2026-02-27,12,12,0,0,12
CH-BJ-01-3,ST-BJ-01,BJ,2026-02-27,4,4,0,0,4
CH-BJ-02-1,ST-BJ-02,BJ,2026-02-27,14,12,2,1,14
CH-BJ-02-2,ST-BJ-02,BJ,2026-02-27,16,14,2,1,16
CH-BJ-02-3,ST-BJ-02,BJ,2026-02-27,5,4,1,1,5
CH-BJ-03-1,ST-BJ-03,BJ,2026-02-27,5,5,0,0,5
CH-BJ-03-2,ST-BJ-03,BJ,2026-02-27,2,2,0,0,2
CH-BJ-03-3,ST-BJ-03,BJ,2026-02-27,1,1,0,0,1
CH-BJ-04-1,ST-BJ-04,BJ,2026-02-27,14,14,0,0,13
CH-BJ-04-2,ST-BJ-04,BJ,2026-02-27,22,21,1,1,22
CH-BJ-04-3,ST-BJ-04,BJ,2026-02-27,4,4,0,0,4
CH-BJ-05-1,ST-BJ-05,BJ,2026-02-27,7,7,0,0,7
CH-BJ-05-2,ST-BJ-05,BJ,2026-02-27,13,13,0,0,13
CH-BJ-05-3,ST-BJ-05,BJ,2026-02-27,3,3,0,0,3
CH-DL-01-1,ST-DL-01,DL,2026-02-27,4,4,0,0,4
CH-DL-01-2,ST-DL-01,DL,2026-02-27,12,12,0,0,12
CH-DL-01-3,ST-DL-01,DL,2026-02-27,4,4,0,0,4
CH-DL-02-1,ST-DL-02,DL,2026-02-27,11,11,0,0,11
CH-DL-02-2,ST-DL-02,DL,2026-02-27,9,9,0,0,9
CH-DL-02-3,ST-DL-02,DL,2026-02-27,4,4,0,0,4
CH-DL-03-1,ST-DL-03,DL,2026-02-27,7,7,0,0,7
CH-DL-03-2,ST-DL-03,DL,2026-02-27,3,3,0,0,3
CH-DL-03-3,ST-DL-03,DL,2026-02-27,2,2,0,0,2
CH-DL-04-1,ST-DL-04,DL,2026-02-27,13,11,2,1,13
CH-DL-04-2,ST-DL-04,DL,2026-02-27,19,18,1,1,18
CH-DL-04-3,ST-DL-04,DL,2026-02-27,4,4,0,0,4
CH-DL-05-1,ST-DL-05,DL,2026-02-27,10,9,1,1,10
CH-DL-05-2,ST-DL-05,DL,2026-02-27,11,10,1,1,11
CH-DL-05-3,ST-DL-05,DL,2026-02-27,4,4,0,0,4
CH-SH-01-1,ST-SH-01,SH,2026-02-27,8,7,1,1,8
CH-SH-01-2,ST-SH-01,SH,2026-02-27,12,11,1,1,12
CH-SH-01-3,ST-SH-01,SH,2026-02-27,4,4,0,0,4
CH-SH-02-1,ST-SH-02,SH,2026-02-27,8,7,1,1,8
CH-SH-02-2,ST-SH-02,SH,2026-02-27,10,10,0,0,10
CH-SH-02-3,ST-SH-02,SH,2026-02-27,2,2,0,0,2
CH-SH-03-1,ST-SH-03,SH,2026-02-27,6,6,0,0,6
CH-SH-03-2,ST-SH-03,SH,2026-02-27,3,3,0,0,3
CH-SH-03-3,ST-SH-03,SH,2026-02-27,3,3,0,0,3
CH-SH-04-1,ST-SH-04,SH,2026-02-27,11,11,0,0,11
CH-SH-04-2,ST-SH-04,SH,2026-02-27,14,14,0,0,13
CH-SH-04-3,ST-SH-04,SH,2026-02-27,3,3,0,0,3
CH-SH-05-1,ST-SH-05,SH,2026-02-27,11,10,1,1,11
CH-SH-05-2,ST-SH-05,SH,2026-02-27,9,9,0,0,9
CH-SH-05-3,ST-SH-05,SH,2026-02-27,4,4,0,0,4
CH-SY-01-1,ST-SY-01,SY,2026-02-27,9,8,1,1,9
CH-SY-01-2,ST-SY-01,SY,2026-02-27,8,8,0,0,8
CH-SY-01-3,ST-SY-01,SY,2026-02-27,4,4,0,0,4
CH-SY-02-1,ST-SY-02,SY,2026-02-27,6,6,0,0,6
CH-SY-02-2,ST-SY-02,SY,2026-02-27,8,8,0,0,8
CH-SY-02-3,ST-SY-02,SY,2026-02-27,3,3,0,0,3
CH-SY-03-1,ST-SY-03,SY,2026-02-27,8,8,0,0,8
CH-SY-03-2,ST-SY-03,SY,2026-02-27,2,2,0,0,2
CH-SY-03-3,ST-SY-03,SY,2026-02-27,2,2,0,0,2
CH-SY-04-1,ST-SY-04,SY,2026-02-27,13,13,0,0,13
CH-SY-04-2,ST-SY-04,SY,2026-02-27,20,19,1,1,20
CH-SY-04-3,ST-SY-04,SY,2026-02-27,5,5,0,0,5
CH-SY-05-1,ST-SY-05,SY,2026-02-27,8,8,0,0,8
CH-SY-05-2,ST-SY-05,SY,2026-02-27,8,8,0,0,8
CH-SY-05-3,ST-SY-05,SY,2026-02-27,3,3,0,0,3
CH-SZ-01-1,ST-SZ-01,SZ,2026-02-27,8,7,1,1,8
CH-SZ-01-2,ST-SZ-01,SZ,2026-02-27,14,14,0,0,14
CH-SZ-01-3,ST-SZ-01,SZ,2026-02-27,4,3,1,1,4
CH-SZ-02-1,ST-SZ-02,SZ,2026-02-27,6,6,0,0,6
CH-SZ-02-2,ST-SZ-02,SZ,2026-02-27,11,11,0,0,11
CH-SZ-02-3,ST-SZ-02,SZ,2026-02-27,3,3,0,0,3
CH-SZ-03-1,ST-SZ-03,SZ,2026-02-27,9,9,0,0,9
CH-SZ-03-2,ST-SZ-03,SZ,2026-02-27,2,2,0,0,2
CH-SZ-03-3,ST-SZ-03,SZ,2026-02-27,2,2,0,0,2
CH-SZ-04-1,ST-SZ-04,SZ,2026-02-27,12,12,0,0,12
CH-SZ-04-2,ST-SZ-04,SZ,2026-02-27,21,21,0,0,21
CH-SZ-04-3,ST-SZ-04,SZ,2026-02-27,5,4,1,1,5
CH-SZ-05-1,ST-SZ-05,SZ,2026-02-27,7,6,1,1,7
CH-SZ-05-2,ST-SZ-05,SZ,2026-02-27,4,4,0,0,4
CH-SZ-05-3,ST-SZ-05,SZ,2026-02-27,4,4,0,0,4
CH-BJ-01-1,ST-BJ-01,BJ,2026-02-28,9,8,1,1,9
CH-BJ-01-2,ST-BJ-01,BJ,2026-02-28,10,10,0,0,10
CH-BJ-01-3,ST-BJ-01,BJ,2026-02-28,3,3,0,0,3
CH-BJ-02-1,ST-BJ-02,BJ,2026-02-28,8,8,0,0,8
CH-BJ-02-2,ST-BJ-02,BJ,2026-02-28,14,14,0,0,14
CH-BJ-02-3,ST-BJ-02,BJ,2026-02-28,6,6,0,0,6
CH-BJ-03-1,ST-BJ-03,BJ,2026-02-28,6,5,1,1,6
CH-BJ-03-2,ST-BJ-03,BJ,2026-02-28,2,2,0,0,2
CH-BJ-03-3,ST-BJ-03,BJ,2026-02-28,2,2,0,0,2
CH-BJ-04-1,ST-BJ-04,BJ,2026-02-28,16,15,1,1,16
CH-BJ-04-2,ST-BJ-04,BJ,2026-02-28,16,16,0,0,15
CH-BJ-04-3,ST-BJ-04,BJ,2026-02-28,3,3,0,0,3
CH-BJ-05-1,ST-BJ-05,BJ,2026-02-28,12,11,1,1,12
CH-BJ-05-2,ST-BJ-05,BJ,2026-02-28,10,10,0,0,10
CH-BJ-05-3,ST-BJ-05,BJ,2026-02-28,4,4,0,0,4
CH-DL-01-1,ST-DL-01,DL,2026-02-28,9,7,2,1,9
CH-DL-01-2,ST-DL-01,DL,2026-02-28,12,12,0,0,12
CH-DL-01-3,ST-DL-01,DL,2026-02-28,4,4,0,0,4
CH-DL-02-1,ST-DL-02,DL,2026-02-28,14,13,1,1,14
CH-DL-02-2,ST-DL-02,DL,2026-02-28,18,17,1,1,18
CH-DL-02-3,ST-DL-02,DL,2026-02-28,4,4,0,0,4
CH-DL-03-1,ST-DL-03,DL,2026-02-28,9,9,0,0,9
CH-DL-03-2,ST-DL-03,DL,2026-02-28,2,2,0,0,2
CH-DL-03-3,ST-DL-03,DL,2026-02-28,3,3,0,0,3
CH-DL-04-1,ST-DL-04,DL,2026-02-28,17,15,2,1,17
CH-DL-04-2,ST-DL-04,DL,2026-02-28,24,24,0,0,23
CH-DL-04-3,ST-DL-04,DL,2026-02-28,5,5,0,0,5
CH-DL-05-1,ST-DL-05,DL,2026-02-28,7,7,0,0,7
CH-DL-05-2,ST-DL-05,DL,2026-02-28,6,6,0,0,6
CH-DL-05-3,ST-DL-05,DL,2026-02-28,3,3,0,0,3
CH-SH-01-1,ST-SH-01,SH,2026-02-28,11,10,1,1,11
CH-SH-01-2,ST-SH-01,SH,2026-02-28,8,8,0,0,8
CH-SH-01-3,ST-SH-01,SH,2026-02-28,4,4,0,0,4
CH-SH-02-1,ST-SH-02,SH,2026-02-28,8,8,0,0,8
CH-SH-02-2,ST-SH-02,SH,2026-02-28,14,14,0,0,14
CH-SH-02-3,ST-SH-02,SH,2026-02-28,4,4,0,0,4
CH-SH-03-1,ST-SH-03,SH,2026-02-28,10,10,0,0,10
CH-SH-03-2,ST-SH-03,SH,2026-02-28,2,2,0,0,2
CH-SH-03-3,ST-SH-03,SH,2026-02-28,2,2,0,0,2
CH-SH-04-1,ST-SH-04,SH,2026-02-28,12,11,1,1,12
CH-SH-04-2,ST-SH-04,SH,2026-02-28,17,17,0,0,17
CH-SH-04-3,ST-SH-04,SH,2026-02-28,3,3,0,0,3
CH-SH-05-1,ST-SH-05,SH,2026-02-28,6,5,1,1,6
CH-SH-05-2,ST-SH-05,SH,2026-02-28,6,6,0,0,6
CH-SH-05-3,ST-SH-05,SH,2026-02-28,3,3,0,0,3
CH-SY-01-1,ST-SY-01,SY,2026-02-28,9,9,0,0,9
CH-SY-01-2,ST-SY-01,SY,2026-02-28,8,8,0,0,8
CH-SY-01-3,ST-SY-01,SY,2026-02-28,4,4,0,0,4
CH-SY-02-1,ST-SY-02,SY,2026-02-28,13,13,0,0,13
CH-SY-02-2,ST-SY-02,SY,2026-02-28,14,14,0,0,14
CH-SY-02-3,ST-SY-02,SY,2026-02-28,6,6,0,0,6
CH-SY-03-1,ST-SY-03,SY,2026-02-28,6,5,1,1,6
CH-SY-03-2,ST-SY-03,SY,2026-02-28,3,3,0,0,3
CH-SY-03-3,ST-SY-03,SY,2026-02-28,2,2,0,0,2
CH-SY-04-1,ST-SY-04,SY,2026-02-28,16,16,0,0,15
CH-SY-04-2,ST-SY-04,SY,2026-02-28,22,22,0,0,22
CH-SY-04-3,ST-SY-04,SY,2026-02-28,6,6,0,0,6
CH-SY-05-1,ST-SY-05,SY,2026-02-28,8,8,0,0,8
CH-SY-05-2,ST-SY-05,SY,2026-02-28,11,11,0,0,11
CH-SY-05-3,ST-SY-05,SY,2026-02-28,4,4,0,0,4
CH-SZ-01-1,ST-SZ-01,SZ,2026-02-28,5,4,1,1,5
CH-SZ-01-2,ST-SZ-01,SZ,2026-02-28,11,11,0,0,11
CH-SZ-01-3,ST-SZ-01,SZ,2026-02-28,6,6,0,0,6
CH-SZ-02-1,ST-SZ-02,SZ,2026-02-28,6,6,0,0,6
CH-SZ-02-2,ST-SZ-02,SZ,2026-02-28,12,12,0,0,12
CH-SZ-02-3,ST-SZ-02,SZ,2026-02-28,3,3,0,0,3
CH-SZ-03-1,ST-SZ-03,SZ,2026-02-28,7,7,0,0,7
CH-SZ-03-2,ST-SZ-03,SZ,2026-02-28,3,3,0,0,3
CH-SZ-03-3,ST-SZ-03,SZ,2026-02-28,3,3,0,0,3
CH-SZ-04-1,ST-SZ-04,SZ,2026-02-28,14,14,0,0,14
CH-SZ-04-2,ST-SZ-04,SZ,2026-02-28,20,19,1,1,20
CH-SZ-04-3,ST-SZ-04,SZ,2026-02-28,4,4,0,0,4
CH-SZ-05-1,ST-SZ-05,SZ,2026-02-28,10,9,1,1,10
CH-SZ-05-2,ST-SZ-05,SZ,2026-02-28,12,12,0,0,12
CH-SZ-05-3,ST-SZ-05,SZ,2026-02-28,4,4,0,0,4
CH-BJ-01-1,ST-BJ-01,BJ,2026-03-01,5,5,0,0,5
CH-BJ-01-2,ST-BJ-01,BJ,2026-03-01,4,4,0,0,4
CH-BJ-01-3,ST-BJ-01,BJ,2026-03-01,2,2,0,0,2
CH-BJ-02-1,ST-BJ-02,BJ,2026-03-01,14,12,2,1,14
CH-BJ-02-2,ST-BJ-02,BJ,2026-03-01,14,14,0,0,14
CH-BJ-02-3,ST-BJ-02,BJ,2026-03-01,4,4,0,0,4
CH-BJ-03-1,ST-BJ-03,BJ,2026-03-01,7,7,0,0,7
CH-BJ-03-2,ST-BJ-03,BJ,2026-03-01,2,2,0,0,2
CH-BJ-03-3,ST-BJ-03,BJ,2026-03-01,3,3,0,0,3
CH-BJ-04-1,ST-BJ-04,BJ,2026-03-01,17,16,1,1,17
CH-BJ-04-2,ST-BJ-04,BJ,2026-03-01,19,18,1,1,19
CH-BJ-04-3,ST-BJ-04,BJ,2026-03-01,4,4,0,0,4
CH-BJ-05-1,ST-BJ-05,BJ,2026-03-01,7,5,2,1,7
CH-BJ-05-2,ST-BJ-05,BJ,2026-03-01,5,5,0,0,5
CH-BJ-05-3,ST-BJ-05,BJ,2026-03-01,5,5,0,0,5
CH-DL-01-1,ST-DL-01,DL,2026-03-01,4,3,1,1,4
CH-DL-01-2,ST-DL-01,DL,2026-03-01,4,4,0,0,4
CH-DL-01-3,ST-DL-01,DL,2026-03-01,4,4,0,0,4
CH-DL-02-1,ST-DL-02,DL,2026-03-01,9,9,0,0,9
CH-DL-02-2,ST-DL-02,DL,2026-03-01,15,15,0,0,15
CH-DL-02-3,ST-DL-02,DL,2026-03-01,5,5,0,0,5
CH-DL-03-1,ST-DL-03,DL,2026-03-01,6,6,0,0,6
CH-DL-03-2,ST-DL-03,DL,2026-03-01,3,3,0,0,3
CH-DL-03-3,ST-DL-03,DL,2026-03-01,3,3,0,0,3
CH-DL-04-1,ST-DL-04,DL,2026-03-01,18,18,0,0,18
CH-DL-04-2,ST-DL-04,DL,2026-03-01,21,20,1,1,21
CH-DL-04-3,ST-DL-04,DL,2026-03-01,6,6,0,0,6
CH-DL-05-1,ST-DL-05,DL,2026-03-01,3,3,0,0,3
CH-DL-05-2,ST-DL-05,DL,2026-03-01,6,6,0,0,6
CH-DL-05-3,ST-DL-05,DL,2026-03-01,4,4,0,0,4
CH-SH-01-1,ST-SH-01,SH,2026-03-01,4,4,0,0,4
CH-SH-01-2,ST-SH-01,SH,2026-03-01,4,4,0,0,4
CH-SH-01-3,ST-SH-01,SH,2026-03-01,2,2,0,0,2
CH-SH-02-1,ST-SH-02,SH,2026-03-01,11,11,0,0,11
CH-SH-02-2,ST-SH-02,SH,2026-03-01,9,9,0,0,9
CH-SH-02-3,ST-SH-02,SH,2026-03-01,4,4,0,0,4
CH-SH-03-1,ST-SH-03,SH,2026-03-01,8,8,0,0,8
CH-SH-03-2,ST-SH-03,SH,2026-03-01,2,2,0,0,2
CH-SH-03-3,ST-SH-03,SH,2026-03-01,2,2,0,0,2
CH-SH-04-1,ST-SH-04,SH,2026-03-01,8,7,1,1,8
CH-SH-04-2,ST-SH-04,SH,2026-03-01,13,12,1,1,13
CH-SH-04-3,ST-SH-04,SH,2026-03-01,3,3,0,0,3
CH-SH-05-1,ST-SH-05,SH,2026-03-01,4,3,1,1,4
CH-SH-05-2,ST-SH-05,SH,2026-03-01,3,3,0,0,3
CH-SH-05-3,ST-SH-05,SH,2026-03-01,3,3,0,0,3
CH-SY-01-1,ST-SY-01,SY,2026-03-01,8,6,2,1,8
CH-SY-01-2,ST-SY-01,SY,2026-03-01,5,5,0,0,5
CH-SY-01-3,ST-SY-01,SY,2026-03-01,2,2,0,0,2
CH-SY-02-1,ST-SY-02,SY,2026-03-01,10,10,0,0,10
CH-SY-02-2,ST-SY-02,SY,2026-03-01,13,13,0,0,13
CH-SY-02-3,ST-SY-02,SY,2026-03-01,4,4,0,0,4
CH-SY-03-1,ST-SY-03,SY,2026-03-01,6,6,0,0,6
CH-SY-03-2,ST-SY-03,SY,2026-03-01,3,3,0,0,3
CH-SY-03-3,ST-SY-03,SY,2026-03-01,2,2,0,0,2
CH-SY-04-1,ST-SY-04,SY,2026-03-01,14,13,1,1,14
CH-SY-04-2,ST-SY-04,SY,2026-03-01,22,22,0,0,22
CH-SY-04-3,ST-SY-04,SY,2026-03-01,5,5,0,0,5
CH-SY-05-1,ST-SY-05,SY,2026-03-01,7,7,0,0,7
CH-SY-05-2,ST-SY-05,SY,2026-03-01,5,5,0,0,5
CH-SY-05-3,ST-SY-05,SY,2026-03-01,3,3,0,0,3
CH-SZ-01-1,ST-SZ-01,SZ,2026-03-01,6,5,1,1,6
CH-SZ-01-2,ST-SZ-01,SZ,2026-03-01,4,3,1,1,4
CH-SZ-01-3,ST-SZ-01,SZ,2026-03-01,4,4,0,0,4
CH-SZ-02-1,ST-SZ-02,SZ,2026-03-01,10,10,0,0,10
CH-SZ-02-2,ST-SZ-02,SZ,2026-03-01,12,12,0,0,12
CH-SZ-02-3,ST-SZ-02,SZ,2026-03-01,5,5,0,0,5
CH-SZ-03-1,ST-SZ-03,SZ,2026-03-01,7,7,0,0,7
CH-SZ-03-2,ST-SZ-03,SZ,2026-03-01,4,3,1,1,4
CH-SZ-03-3,ST-SZ-03,SZ,2026-03-01,3,3,0,0,3
CH-SZ-04-1,ST-SZ-04,SZ,2026-03-01,18,16,2,1,17
CH-SZ-04-2,ST-SZ-04,SZ,2026-03-01,17,17,0,0,17
CH-SZ-04-3,ST-SZ-04,SZ,2026-03-01,4,4,0,0,4
CH-SZ-05-1,ST-SZ-05,SZ,2026-03-01,3,3,0,0,3
CH-SZ-05-2,ST-SZ-05,SZ,2026-03-01,3,3,0,0,3
CH-SZ-05-3,ST-SZ-05,SZ,2026-03-01,5,5,0,0,5
CH-BJ-01-1,ST-BJ-01,BJ,2026-03-02,9,9,0,0,9
CH-BJ-01-2,ST-BJ-01,BJ,2026-03-02,9,9,0,0,9
CH-BJ-01-3,ST-BJ-01,BJ,2026-03-02,4,4,0,0,4
CH-BJ-02-1,ST-BJ-02,BJ,2026-03-02,10,10,0,0,10
CH-BJ-02-2,ST-BJ-02,BJ,2026-03-02,9,9,0,0,9
CH-BJ-02-3,ST-BJ-02,BJ,2026-03-02,4,4,0,0,4
CH-BJ-03-1,ST-BJ-03,BJ,2026-03-02,7,7,0,0,7
CH-BJ-03-2,ST-BJ-03,BJ,2026-03-02,2,2,0,0,2
CH-BJ-03-3,ST-BJ-03,BJ,2026-03-02,2,2,0,0,2
CH-BJ-04-1,ST-BJ-04,BJ,2026-03-02,17,15,2,1,17
CH-BJ-04-2,ST-BJ-04,BJ,2026-03-02,19,19,0,0,19
CH-BJ-04-3,ST-BJ-04,BJ,2026-03-02,5,5,0,0,5
CH-BJ-05-1,ST-BJ-05,BJ,2026-03-02,6,6,0,0,6
CH-BJ-05-2,ST-BJ-05,BJ,2026-03-02,10,9,1,1,10
CH-BJ-05-3,ST-BJ-05,BJ,2026-03-02,5,5,0,0,5
CH-DL-01-1,ST-DL-01,DL,2026-03-02,8,7,1,1,8
CH-DL-01-2,ST-DL-01,DL,2026-03-02,9,8,1,1,9
CH-DL-01-3,ST-DL-01,DL,2026-03-02,5,5,0,0,5
CH-DL-02-1,ST-DL-02,DL,2026-03-02,12,10,2,1,12
CH-DL-02-2,ST-DL-02,DL,2026-03-02,15,14,1,1,15
CH-DL-02-3,ST-DL-02,DL,2026-03-02,4,4,0,0,4
CH-DL-03-1,ST-DL-03,DL,2026-03-02,4,4,0,0,4
CH-DL-03-2,ST-DL-03,DL,2026-03-02,1,1,0,0,1
CH-DL-03-3,ST-DL-03,DL,2026-03-02,2,2,0,0,2
CH-DL-04-1,ST-DL-04,DL,2026-03-02,14,14,0,0,14
CH-DL-04-2,ST-DL-04,DL,2026-03-02,15,15,0,0,15
CH-DL-04-3,ST-DL-04,DL,2026-03-02,6,6,0,0,6
CH-DL-05-1,ST-DL-05,DL,2026-03-02,6,5,1,1,6
CH-DL-05-2,ST-DL-05,DL,2026-03-02,10,10,0,0,10
CH-DL-05-3,ST-DL-05,DL,2026-03-02,3,3,0,0,3
CH-SH-01-1,ST-SH-01,SH,2026-03-02,6,6,0,0,6
CH-SH-01-2,ST-SH-01,SH,2026-03-02,9,9,0,0,9
CH-SH-01-3,ST-SH-01,SH,2026-03-02,3,3,0,0,3
CH-SH-02-1,ST-SH-02,SH,2026-03-02,12,12,0,0,12
CH-SH-02-2,ST-SH-02,SH,2026-03-02,11,11,0,0,11
CH-SH-02-3,ST-SH-02,SH,2026-03-02,3,3,0,0,3
CH-SH-03-1,ST-SH-03,SH,2026-03-02,7,7,0,0,7
CH-SH-03-2,ST-SH-03,SH,2026-03-02,4,4,0,0,4
CH-SH-03-3,ST-SH-03,SH,2026-03-02,2,2,0,0,2
CH-SH-04-1,ST-SH-04,SH,2026-03-02,14,14,0,0,14
CH-SH-04-2,ST-SH-04,SH,2026-03-02,15,15,0,0,15
CH-SH-04-3,ST-SH-04,SH,2026-03-02,6,6,0,0,6
CH-SH-05-1,ST-SH-05,SH,2026-03-02,8,8,0,0,8
CH-SH-05-2,ST-SH-05,SH,2026-03-02,10,10,0,0,10
CH-SH-05-3,ST-SH-05,SH,2026-03-02,5,5,0,0,5
CH-SY-01-1,ST-SY-01,SY,2026-03-02,7,7,0,0,7
CH-SY-01-2,ST-SY-01,SY,2026-03-02,10,10,0,0,10
CH-SY-01-3,ST-SY-01,SY,2026-03-02,5,5,0,0,5
CH-SY-02-1,ST-SY-02,SY,2026-03-02,9,9,0,0,9
CH-SY-02-2,ST-SY-02,SY,2026-03-02,14,14,0,0,14
CH-SY-02-3,ST-SY-02,SY,2026-03-02,3,3,0,0,3
CH-SY-03-1,ST-SY-03,SY,2026-03-02,8,8,0,0,8
CH-SY-03-2,ST-SY-03,SY,2026-03-02,3,3,0,0,3
CH-SY-03-3,ST-SY-03,SY,2026-03-02,2,2,0,0,2
CH-SY-04-1,ST-SY-04,SY,2026-03-02,17,17,0,0,17
CH-SY-04-2,ST-SY-04,SY,2026-03-02,17,17,0,0,17
CH-SY-04-3,ST-SY-04,SY,2026-03-02,5,5,0,0,5
CH-SY-05-1,ST-SY-05,SY,2026-03-02,6,5,1,1,6
CH-SY-05-2,ST-SY-05,SY,2026-03-02,6,6,0,0,6
CH-SY-05-3,ST-SY-05,SY,2026-03-02,5,5,0,0,5
CH-SZ-01-1,ST-SZ-01,SZ,2026-03-02,8,7,1,1,8
CH-SZ-01-2,ST-SZ-01,SZ,2026-03-02,8,8,0,0,8
CH-SZ-01-3,ST-SZ-01,SZ,2026-03-02,3,3,0,0,3
CH-SZ-02-1,ST-SZ-02,SZ,2026-03-02,10,9,1,1,10
CH-SZ-02-2,ST-SZ-02,SZ,2026-03-02,9,9,0,0,9
CH-SZ-02-3,ST-SZ-02,SZ,2026-03-02,3,3,0,0,3
CH-SZ-03-1,ST-SZ-03,SZ,2026-03-02,8,7,1,1,8
CH-SZ-03-2,ST-SZ-03,SZ,2026-03-02,3,3,0,0,3
CH-SZ-03-3,ST-SZ-03,SZ,2026-03-02,2,2,0,0,2
CH-SZ-04-1,ST-SZ-04,SZ,2026-03-02,12,11,1,1,12
CH-SZ-04-2,ST-SZ-04,SZ,2026-03-02,14,13,1,1,14
CH-SZ-04-3,ST-SZ-04,SZ,2026-03-02,4,4,0,0,4
CH-SZ-05-1,ST-SZ-05,SZ,2026-03-02,8,6,2,1,8
CH-SZ-05-2,ST-SZ-05,SZ,2026-03-02,9,9,0,0,9
CH-SZ-05-3,ST-SZ-05,SZ,2026-03-02,4,4,0,0,4
CH-BJ-01-1,ST-BJ-01,BJ,2026-03-03,11,11,0,0,11
CH-BJ-01-2,ST-BJ-01,BJ,2026-03-03,10,10,0,0,10
CH-BJ-01-3,ST-BJ-01,BJ,2026-03-03,5,5,0,0,5
CH-BJ-02-1,ST-BJ-02,BJ,2026-03-03,12,11,1,1,12
CH-BJ-02-2,ST-BJ-02,BJ,2026-03-03,12,12,0,0,12
CH-BJ-02-3,ST-BJ-02,BJ,2026-03-03,5,5,0,0,5
CH-BJ-03-1,ST-BJ-03,BJ,2026-03-03,4,3,1,1,4
CH-BJ-03-2,ST-BJ-03,BJ,2026-03-03,2,2,0,0,2
CH-BJ-03-3,ST-BJ-03,BJ,2026-03-03,3,3,0,0,3
CH-BJ-04-1,ST-BJ-04,BJ,2026-03-03,16,15,1,1,16
CH-BJ-04-2,ST-BJ-04,BJ,2026-03-03,17,17,0,0,17
CH-BJ-04-3,ST-BJ-04,BJ,2026-03-03,4,4,0,0,4
CH-BJ-05-1,ST-BJ-05,BJ,2026-03-03,6,5,1,1,6
CH-BJ-05-2,ST-BJ-05,BJ,2026-03-03,5,4,1,1,5
CH-BJ-05-3,ST-BJ-05,BJ,2026-03-03,3,3,0,0,3
CH-DL-01-1,ST-DL-01,DL,2026-03-03,9,7,2,1,9
CH-DL-01-2,ST-DL-01,DL,2026-03-03,10,10,0,0,10
CH-DL-01-3,ST-DL-01,DL,2026-03-03,6,6,0,0,6
CH-DL-02-1,ST-DL-02,DL,2026-03-03,13,13,0,0,13
CH-DL-02-2,ST-DL-02,DL,2026-03-03,12,12,0,0,12
CH-DL-02-3,ST-DL-02,DL,2026-03-03,6,6,0,0,6
CH-DL-03-1,ST-DL-03,DL,2026-03-03,5,5,0,0,5
CH-DL-03-2,ST-DL-03,DL,2026-03-03,1,1,0,0,1
CH-DL-03-3,ST-DL-03,DL,2026-03-03,2,2,0,0,2
CH-DL-04-1,ST-DL-04,DL,2026-03-03,18,18,0,0,17
CH-DL-04-2,ST-DL-04,DL,2026-03-03,23,22,1,1,23
CH-DL-04-3,ST-DL-04,DL,2026-03-03,7,7,0,0,7
CH-DL-05-1,ST-DL-05,DL,2026-03-03,8,7,1,1,8
CH-DL-05-2,ST-DL-05,DL,2026-03-03,10,10,0,0,10
CH-DL-05-3,ST-DL-05,DL,2026-03-03,5,5,0,0,5
CH-SH-01-1,ST-SH-01,SH,2026-03-03,8,7,1,1,8
CH-SH-01-2,ST-SH-01,SH,2026-03-03,9,9,0,0,9
CH-SH-01-3,ST-SH-01,SH,2026-03-03,5,5,0,0,5
CH-SH-02-1,ST-SH-02,SH,2026-03-03,11,10,1,1,10
CH-SH-02-2,ST-SH-02,SH,2026-03-03,15,15,0,0,14
CH-SH-02-3,ST-SH-02,SH,2026-03-03,5,5,0,0,5
CH-SH-03-1,ST-SH-03,SH,2026-03-03,4,4,0,0,4
CH-SH-03-2,ST-SH-03,SH,2026-03-03,2,2,0,0,2
CH-SH-03-3,ST-SH-03,SH,2026-03-03,2,2,0,0,2
CH-SH-04-1,ST-SH-04,SH,2026-03-03,16,15,1,1,15
CH-SH-04-2,ST-SH-04,SH,2026-03-03,17,17,0,0,16
CH-SH-04-3,ST-SH-04,SH,2026-03-03,3,3,0,0,3
CH-SH-05-1,ST-SH-05,SH,2026-03-03,9,7,2,1,9
CH-SH-05-2,ST-SH-05,SH,2026-03-03,7,6,1,1,7
CH-SH-05-3,ST-SH-05,SH,2026-03-03,3,3,0,0,3
CH-SY-01-1,ST-SY-01,SY,2026-03-03,10,10,0,0,10
CH-SY-01-2,ST-SY-01,SY,2026-03-03,14,13,1,1,14
CH-SY-01-3,ST-SY-01,SY,2026-03-03,5,5,0,0,5
CH-SY-02-1,ST-SY-02,SY,2026-03-03,12,12,0,0,12
CH-SY-02-2,ST-SY-02,SY,2026-03-03,17,16,1,1,17
CH-SY-02-3,ST-SY-02,SY,2026-03-03,6,6,0,0,6
CH-SY-03-1,ST-SY-03,SY,2026-03-03,5,5,0,0,5
CH-SY-03-2,ST-SY-03,SY,2026-03-03,1,1,0,0,1
CH-SY-03-3,ST-SY-03,SY,2026-03-03,2,2,0,0,2
CH-SY-04-1,ST-SY-04,SY,2026-03-03,17,16,1,1,17
CH-SY-04-2,ST-SY-04,SY,2026-03-03,18,18,0,0,17
CH-SY-04-3,ST-SY-04,SY,2026-03-03,5,5,0,0,5
CH-SY-05-1,ST-SY-05,SY,2026-03-03,10,10,0,0,10
CH-SY-05-2,ST-SY-05,SY,2026-03-03,13,13,0,0,13
CH-SY-05-3,ST-SY-05,SY,2026-03-03,4,4,0,0,4
CH-SZ-01-1,ST-SZ-01,SZ,2026-03-03,9,8,1,1,9
CH-SZ-01-2,ST-SZ-01,SZ,2026-03-03,7,7,0,0,7
CH-SZ-01-3,ST-SZ-01,SZ,2026-03-03,5,5,0,0,5
CH-SZ-02-1,ST-SZ-02,SZ,2026-03-03,4,4,0,0,4
CH-SZ-02-2,ST-SZ-02,SZ,2026-03-03,13,12,1,1,13
CH-SZ-02-3,ST-SZ-02,SZ,2026-03-03,4,4,0,0,4
CH-SZ-03-1,ST-SZ-03,SZ,2026-03-03,3,3,0,0,3
CH-SZ-03-2,ST-SZ-03,SZ,2026-03-03,2,2,0,0,2
CH-SZ-03-3,ST-SZ-03,SZ,2026-03-03,3,3,0,0,3
CH-SZ-04-1,ST-SZ-04,SZ,2026-03-03,15,13,2,1,15
CH-SZ-04-2,ST-SZ-04,SZ,2026-03-03,16,16,0,0,16
CH-SZ-04-3,ST-SZ-04,SZ,2026-03-03,4,4,0,0,4
CH-SZ-05-1,ST-SZ-05,SZ,2026-03-03,8,8,0,0,8
CH-SZ-05-2,ST-SZ-05,SZ,2026-03-03,10,10,0,0,10
CH-SZ-05-3,ST-SZ-05,SZ,2026-03-03,4,4,0,0,4
CH-BJ-01-1,ST-BJ-01,BJ,2026-03-04,7,7,0,0,7
CH-BJ-01-2,ST-BJ-01,BJ,2026-03-04,9,9,0,0,9
CH-BJ-01-3,ST-BJ-01,BJ,2026-03-04,4,4,0,0,4
CH-BJ-02-1,ST-BJ-02,BJ,2026-03-04,11,9,2,1,11
CH-BJ-02-2,ST-BJ-02,BJ,2026-03-04,11,11,0,0,11
CH-BJ-02-3,ST-BJ-02,BJ,2026-03-04,4,4,0,0,4
CH-BJ-03-1,ST-BJ-03,BJ,2026-03-04,8,7,1,1,8
CH-BJ-03-2,ST-BJ-03,BJ,2026-03-04,3,3,0,0,3
CH-BJ-03-3,ST-BJ-03,BJ,2026-03-04,4,3,1,1,4
CH-BJ-04-1,ST-BJ-04,BJ,2026-03-04,14,13,1,1,14
CH-BJ-04-2,ST-BJ-04,BJ,2026-03-04,16,15,1,1,14
CH-BJ-04-3,ST-BJ-04,BJ,2026-03-04,5,5,0,0,5
CH-BJ-05-1,ST-BJ-05,BJ,2026-03-04,5,4,1,1,5
CH-BJ-05-2,ST-BJ-05,BJ,2026-03-04,7,7,0,0,7
CH-BJ-05-3,ST-BJ-05,BJ,2026-03-04,5,5,0,0,5
CH-DL-01-1,ST-DL-01,DL,2026-03-04,9,9,0,0,9
CH-DL-01-2,ST-DL-01,DL,2026-03-04,12,12,0,0,12
CH-DL-01-3,ST-DL-01,DL,2026-03-04,3,3,0,0,3
CH-DL-02-1,ST-DL-02,DL,2026-03-04,12,11,1,1,12
CH-DL-02-2,ST-DL-02,DL,2026-03-04,14,14,0,0,14
CH-DL-02-3,ST-DL-02,DL,2026-03-04,3,3,0,0,3
CH-DL-03-1,ST-DL-03,DL,2026-03-04,3,3,0,0,3
CH-DL-03-2,ST-DL-03,DL,2026-03-04,1,1,0,0,1
CH-DL-03-3,ST-DL-03,DL,2026-03-04,3,3,0,0,3
CH-DL-04-1,ST-DL-04,DL,2026-03-04,12,12,0,0,12
CH-DL-04-2,ST-DL-04,DL,2026-03-04,18,18,0,0,16
CH-DL-04-3,ST-DL-04,DL,2026-03-04,7,7,0,0,7
CH-DL-05-1,ST-DL-05,DL,2026-03-04,5,5,0,0,5
CH-DL-05-2,ST-DL-05,DL,2026-03-04,9,9,0,0,9
CH-DL-05-3,ST-DL-05,DL,2026-03-04,4,4,0,0,4
CH-SH-01-1,ST-SH-01,SH,2026-03-04,8,8,0,0,8
CH-SH-01-2,ST-SH-01,SH,2026-03-04,10,9,1,1,10
CH-SH-01-3,ST-SH-01,SH,2026-03-04,5,5,0,0,5
CH-SH-02-1,ST-SH-02,SH,2026-03-04,11,11,0,0,11
CH-SH-02-2,ST-SH-02,SH,2026-03-04,15,15,0,0,15
CH-SH-02-3,ST-SH-02,SH,2026-03-04,5,5,0,0,5
CH-SH-03-1,ST-SH-03,SH,2026-03-04,7,6,1,1,7
CH-SH-03-2,ST-SH-03,SH,2026-03-04,3,3,0,0,3
CH-SH-03-3,ST-SH-03,SH,2026-03-04,2,2,0,0,2
CH-SH-04-1,ST-SH-04,SH,2026-03-04,13,12,1,1,12
CH-SH-04-2,ST-SH-04,SH,2026-03-04,18,17,1,1,17
CH-SH-04-3,ST-SH-04,SH,2026-03-04,3,3,0,0,3
CH-SH-05-1,ST-SH-05,SH,2026-03-04,9,8,1,1,9
CH-SH-05-2,ST-SH-05,SH,2026-03-04,11,11,0,0,11
CH-SH-05-3,ST-SH-05,SH,2026-03-04,4,4,0,0,4
CH-SY-01-1,ST-SY-01,SY,2026-03-04,6,6,0,0,6
CH-SY-01-2,ST-SY-01,SY,2026-03-04,9,9,0,0,9
CH-SY-01-3,ST-SY-01,SY,2026-03-04,4,4,0,0,4
CH-SY-02-1,ST-SY-02,SY,2026-03-04,8,7,1,1,8
CH-SY-02-2,ST-SY-02,SY,2026-03-04,13,13,0,0,13
CH-SY-02-3,ST-SY-02,SY,2026-03-04,6,6,0,0,6
CH-SY-03-1,ST-SY-03,SY,2026-03-04,8,7,1,1,8
CH-SY-03-2,ST-SY-03,SY,2026-03-04,2,2,0,0,2
CH-SY-03-3,ST-SY-03,SY,2026-03-04,2,2,0,0,2
CH-SY-04-1,ST-SY-04,SY,2026-03-04,12,12,0,0,12
CH-SY-04-2,ST-SY-04,SY,2026-03-04,21,20,1,1,21
CH-SY-04-3,ST-SY-04,SY,2026-03-04,4,4,0,0,4
CH-SY-05-1,ST-SY-05,SY,2026-03-04,9,8,1,1,9
CH-SY-05-2,ST-SY-05,SY,2026-03-04,10,10,0,0,10
CH-SY-05-3,ST-SY-05,SY,2026-03-04,4,4,0,0,4
CH-SZ-01-1,ST-SZ-01,SZ,2026-03-04,9,9,0,0,9
CH-SZ-01-2,ST-SZ-01,SZ,2026-03-04,15,15,0,0,15
CH-SZ-01-3,ST-SZ-01,SZ,2026-03-04,3,3,0,0,3
CH-SZ-02-1,ST-SZ-02,SZ,2026-03-04,7,7,0,0,7
CH-SZ-02-2,ST-SZ-02,SZ,2026-03-04,10,10,0,0,10
CH-SZ-02-3,ST-SZ-02,SZ,2026-03-04,2,2,0,0,2
CH-SZ-03-1,ST-SZ-03,SZ,2026-03-04,5,4,1,1,5
CH-SZ-03-2,ST-SZ-03,SZ,2026-03-04,2,2,0,0,2
CH-SZ-03-3,ST-SZ-03,SZ,2026-03-04,2,2,0,0,2
CH-SZ-04-1,ST-SZ-04,SZ,2026-03-04,14,13,1,1,14
CH-SZ-04-2,ST-SZ-04,SZ,2026-03-04,18,17,1,1,18
CH-SZ-04-3,ST-SZ-04,SZ,2026-03-04,3,3,0,0,3
CH-SZ-05-1,ST-SZ-05,SZ,2026-03-04,6,6,0,0,6
CH-SZ-05-2,ST-SZ-05,SZ,2026-03-04,11,11,0,0,11
CH-SZ-05-3,ST-SZ-05,SZ,2026-03-04,5,5,0,0,5
CH-BJ-01-1,ST-BJ-01,BJ,2026-03-05,7,7,0,0,7
CH-BJ-01-2,ST-BJ-01,BJ,2026-03-05,5,5,0,0,5
CH-BJ-01-3,ST-BJ-01,BJ,2026-03-05,3,3,0,0,3
CH-BJ-02-1,ST-BJ-02,BJ,2026-03-05,8,8,0,0,8
CH-BJ-02-2,ST-BJ-02,BJ,2026-03-05,9,9,0,0,9
CH-BJ-02-3,ST-BJ-02,BJ,2026-03-05,3,3,0,0,3
CH-BJ-03-1,ST-BJ-03,BJ,2026-03-05,8,8,0,0,8
CH-BJ-03-2,ST-BJ-03,BJ,2026-03-05,3,3,0,0,3
CH-BJ-03-3,ST-BJ-03,BJ,2026-03-05,2,2,0,0,2
CH-BJ-04-1,ST-BJ-04,BJ,2026-03-05,11,11,0,0,11
CH-BJ-04-2,ST-BJ-04,BJ,2026-03-05,20,20,0,0,19
CH-BJ-04-3,ST-BJ-04,BJ,2026-03-05,4,4,0,0,4
CH-BJ-05-1,ST-BJ-05,BJ,2026-03-05,7,7,0,0,7
CH-BJ-05-2,ST-BJ-05,BJ,2026-03-05,8,8,0,0,8
CH-BJ-05-3,ST-BJ-05,BJ,2026-03-05,3,3,0,0,3
CH-DL-01-1,ST-DL-01,DL,2026-03-05,7,6,1,1,6
CH-DL-01-2,ST-DL-01,DL,2026-03-05,12,12,0,0,12
CH-DL-01-3,ST-DL-01,DL,2026-03-05,3,3,0,0,3
CH-DL-02-1,ST-DL-02,DL,2026-03-05,10,10,0,0,10
CH-DL-02-2,ST-DL-02,DL,2026-03-05,14,13,1,1,14
CH-DL-02-3,ST-DL-02,DL,2026-03-05,4,4,0,0,4
CH-DL-03-1,ST-DL-03,DL,2026-03-05,6,6,0,0,6
CH-DL-03-2,ST-DL-03,DL,2026-03-05,2,2,0,0,2
CH-DL-03-3,ST-DL-03,DL,2026-03-05,3,3,0,0,3
CH-DL-04-1,ST-DL-04,DL,2026-03-05,15,15,0,0,15
CH-DL-04-2,ST-DL-04,DL,2026-03-05,20,20,0,0,19
CH-DL-04-3,ST-DL-04,DL,2026-03-05,6,6,0,0,6
CH-DL-05-1,ST-DL-05,DL,2026-03-05,6,6,0,0,6
CH-DL-05-2,ST-DL-05,DL,2026-03-05,7,7,0,0,7
CH-DL-05-3,ST-DL-05,DL,2026-03-05,3,3,0,0,3
CH-SH-01-1,ST-SH-01,SH,2026-03-05,9,9,0,0,9
CH-SH-01-2,ST-SH-01,SH,2026-03-05,12,12,0,0,12
CH-SH-01-3,ST-SH-01,SH,2026-03-05,5,5,0,0,5
CH-SH-02-1,ST-SH-02,SH,2026-03-05,9,9,0,0,9
CH-SH-02-2,ST-SH-02,SH,2026-03-05,9,9,0,0,9
CH-SH-02-3,ST-SH-02,SH,2026-03-05,5,5,0,0,5
CH-SH-03-1,ST-SH-03,SH,2026-03-05,6,5,1,1,6
CH-SH-03-2,ST-SH-03,SH,2026-03-05,4,3,1,1,4
CH-SH-03-3,ST-SH-03,SH,2026-03-05,3,3,0,0,3
CH-SH-04-1,ST-SH-04,SH,2026-03-05,14,14,0,0,14
CH-SH-04-2,ST-SH-04,SH,2026-03-05,15,15,0,0,14
CH-SH-04-3,ST-SH-04,SH,2026-03-05,5,5,0,0,5
CH-SH-05-1,ST-SH-05,SH,2026-03-05,7,7,0,0,7
CH-SH-05-2,ST-SH-05,SH,2026-03-05,5,5,0,0,5
CH-SH-05-3,ST-SH-05,SH,2026-03-05,5,5,0,0,5
CH-SY-01-1,ST-SY-01,SY,2026-03-05,8,8,0,0,8
CH-SY-01-2,ST-SY-01,SY,2026-03-05,12,12,0,0,12
CH-SY-01-3,ST-SY-01,SY,2026-03-05,1,1,0,0,1
CH-SY-02-1,ST-SY-02,SY,2026-03-05,9,8,1,1,9
CH-SY-02-2,ST-SY-02,SY,2026-03-05,15,14,1,1,15
CH-SY-02-3,ST-SY-02,SY,2026-03-05,4,4,0,0,4
CH-SY-03-1,ST-SY-03,SY,2026-03-05,6,6,0,0,6
CH-SY-03-2,ST-SY-03,SY,2026-03-05,2,2,0,0,2
CH-SY-03-3,ST-SY-03,SY,2026-03-05,3,3,0,0,3
CH-SY-04-1,ST-SY-04,SY,2026-03-05,17,16,1,1,17
CH-SY-04-2,ST-SY-04,SY,2026-03-05,20,20,0,0,20
CH-SY-04-3,ST-SY-04,SY,2026-03-05,6,5,1,1,6
CH-SY-05-1,ST-SY-05,SY,2026-03-05,7,7,0,0,7
CH-SY-05-2,ST-SY-05,SY,2026-03-05,10,9,1,1,10
CH-SY-05-3,ST-SY-05,SY,2026-03-05,2,2,0,0,2
CH-SZ-01-1,ST-SZ-01,SZ,2026-03-05,6,6,0,0,6
CH-SZ-01-2,ST-SZ-01,SZ,2026-03-05,11,11,0,0,11
CH-SZ-01-3,ST-SZ-01,SZ,2026-03-05,2,2,0,0,2
CH-SZ-02-1,ST-SZ-02,SZ,2026-03-05,6,6,0,0,6
CH-SZ-02-2,ST-SZ-02,SZ,2026-03-05,14,14,0,0,14
CH-SZ-02-3,ST-SZ-02,SZ,2026-03-05,4,4,0,0,4
CH-SZ-03-1,ST-SZ-03,SZ,2026-03-05,6,6,0,0,6
CH-SZ-03-2,ST-SZ-03,SZ,2026-03-05,2,2,0,0,2
CH-SZ-03-3,ST-SZ-03,SZ,2026-03-05,1,1,0,0,1
CH-SZ-04-1,ST-SZ-04,SZ,2026-03-05,13,12,1,1,13
CH-SZ-04-2,ST-SZ-04,SZ,2026-03-05,15,15,0,0,15
CH-SZ-04-3,ST-SZ-04,SZ,2026-03-05,3,3,0,0,3
CH-SZ-05-1,ST-SZ-05,SZ,2026-03-05,7,7,0,0,7
CH-SZ-05-2,ST-SZ-05,SZ,2026-03-05,8,8,0,0,8
CH-SZ-05-3,ST-SZ-05,SZ,2026-03-05,5,5,0,0,5
CH-BJ-01-1,ST-BJ-01,BJ,2026-03-06,4,4,0,0,4
CH-BJ-01-2,ST-BJ-01,BJ,2026-03-06,10,10,0,0,10
CH-BJ-01-3,ST-BJ-01,BJ,2026-03-06,3,3,0,0,3
CH-BJ-02-1,ST-BJ-02,BJ,2026-03-06,8,7,1,1,8
CH-BJ-02-2,ST-BJ-02,BJ,2026-03-06,11,11,0,0,11
CH-BJ-02-3,ST-BJ-02,BJ,2026-03-06,4,4,0,0,4
CH-BJ-03-1,ST-BJ-03,BJ,2026-03-06,7,7,0,0,6
CH-BJ-03-2,ST-BJ-03,BJ,2026-03-06,3,3,0,0,3
CH-BJ-03-3,ST-BJ-03,BJ,2026-03-06,1,1,0,0,1
CH-BJ-04-1,ST-BJ-04,BJ,2026-03-06,10,10,0,0,10
CH-BJ-04-2,ST-BJ-04,BJ,2026-03-06,14,13,1,1,14
CH-BJ-04-3,ST-BJ-04,BJ,2026-03-06,5,5,0,0,5
CH-BJ-05-1,ST-BJ-05,BJ,2026-03-06,10,9,1,1,10
CH-BJ-05-2,ST-BJ-05,BJ,2026-03-06,8,8,0,0,8
CH-BJ-05-3,ST-BJ-05,BJ,2026-03-06,4,4,0,0,4
CH-DL-01-1,ST-DL-01,DL,2026-03-06,4,4,0,0,4
CH-DL-01-2,ST-DL-01,DL,2026-03-06,10,9,1,1,10
CH-DL-01-3,ST-DL-01,DL,2026-03-06,1,1,0,0,1
CH-DL-02-1,ST-DL-02,DL,2026-03-06,11,10,1,1,11
CH-DL-02-2,ST-DL-02,DL,2026-03-06,15,15,0,0,15
CH-DL-02-3,ST-DL-02,DL,2026-03-06,6,6,0,0,6
CH-DL-03-1,ST-DL-03,DL,2026-03-06,8,8,0,0,8
CH-DL-03-2,ST-DL-03,DL,2026-03-06,2,2,0,0,2
CH-DL-03-3,ST-DL-03,DL,2026-03-06,2,2,0,0,2
CH-DL-04-1,ST-DL-04,DL,2026-03-06,14,12,2,1,14
CH-DL-04-2,ST-DL-04,DL,2026-03-06,15,15,0,0,15
CH-DL-04-3,ST-DL-04,DL,2026-03-06,5,5,0,0,5
CH-DL-05-1,ST-DL-05,DL,2026-03-06,9,8,1,1,9
CH-DL-05-2,ST-DL-05,DL,2026-03-06,13,13,0,0,13
CH-DL-05-3,ST-DL-05,DL,2026-03-06,5,5,0,0,5
CH-SH-01-1,ST-SH-01,SH,2026-03-06,7,7,0,0,7
CH-SH-01-2,ST-SH-01,SH,2026-03-06,11,11,0,0,11
CH-SH-01-3,ST-SH-01,SH,2026-03-06,1,1,0,0,1
CH-SH-02-1,ST-SH-02,SH,2026-03-06,8,8,0,0,8
CH-SH-02-2,ST-SH-02,SH,2026-03-06,11,11,0,0,11
CH-SH-02-3,ST-SH-02,SH,2026-03-06,4,4,0,0,4
CH-SH-03-1,ST-SH-03,SH,2026-03-06,6,6,0,0,6
CH-SH-03-2,ST-SH-03,SH,2026-03-06,1,1,0,0,1
CH-SH-03-3,ST-SH-03,SH,2026-03-06,3,3,0,0,3
CH-SH-04-1,ST-SH-04,SH,2026-03-06,13,13,0,0,13
CH-SH-04-2,ST-SH-04,SH,2026-03-06,17,17,0,0,14
CH-SH-04-3,ST-SH-04,SH,2026-03-06,6,6,0,0,6
CH-SH-05-1,ST-SH-05,SH,2026-03-06,4,4,0,0,4
CH-SH-05-2,ST-SH-05,SH,2026-03-06,6,6,0,0,6
CH-SH-05-3,ST-SH-05,SH,2026-03-06,4,4,0,0,4
CH-SY-01-1,ST-SY-01,SY,2026-03-06,8,8,0,0,8
CH-SY-01-2,ST-SY-01,SY,2026-03-06,10,10,0,0,10
CH-SY-01-3,ST-SY-01,SY,2026-03-06,4,4,0,0,4
CH-SY-02-1,ST-SY-02,SY,2026-03-06,10,10,0,0,10
CH-SY-02-2,ST-SY-02,SY,2026-03-06,9,9,0,0,9
CH-SY-02-3,ST-SY-02,SY,2026-03-06,5,5,0,0,5
CH-SY-03-1,ST-SY-03,SY,2026-03-06,10,10,0,0,10
CH-SY-03-2,ST-SY-03,SY,2026-03-06,3,3,0,0,3
CH-SY-03-3,ST-SY-03,SY,2026-03-06,2,2,0,0,2
CH-SY-04-1,ST-SY-04,SY,2026-03-06,13,11,2,1,12
CH-SY-04-2,ST-SY-04,SY,2026-03-06,14,14,0,0,14
CH-SY-04-3,ST-SY-04,SY,2026-03-06,5,5,0,0,5
CH-SY-05-1,ST-SY-05,SY,2026-03-06,5,5,0,0,5
CH-SY-05-2,ST-SY-05,SY,2026-03-06,9,9,0,0,9
CH-SY-05-3,ST-SY-05,SY,2026-03-06,2,2,0,0,2
CH-SZ-01-1,ST-SZ-01,SZ,2026-03-06,10,9,1,1,10
CH-SZ-01-2,ST-SZ-01,SZ,2026-03-06,11,11,0,0,11
CH-SZ-01-3,ST-SZ-01,SZ,2026-03-06,3,3,0,0,3
CH-SZ-02-1,ST-SZ-02,SZ,2026-03-06,7,7,0,0,7
CH-SZ-02-2,ST-SZ-02,SZ,2026-03-06,9,9,0,0,9
CH-SZ-02-3,ST-SZ-02,SZ,2026-03-06,3,3,0,0,3
CH-SZ-03-1,ST-SZ-03,SZ,2026-03-06,5,4,1,1,5
CH-SZ-03-2,ST-SZ-03,SZ,2026-03-06,2,2,0,0,2
CH-SZ-03-3,ST-SZ-03,SZ,2026-03-06,1,1,0,0,1
CH-SZ-04-1,ST-SZ-04,SZ,2026-03-06,13,12,1,1,13
CH-SZ-04-2,ST-SZ-04,SZ,2026-03-06,13,13,0,0,13
CH-SZ-04-3,ST-SZ-04,SZ,2026-03-06,4,4,0,0,4
CH-SZ-05-1,ST-SZ-05,SZ,2026-03-06,9,9,0,0,9
CH-SZ-05-2,ST-SZ-05,SZ,2026-03-06,10,9,1,1,10
CH-SZ-05-3,ST-SZ-05,SZ,2026-03-06,5,5,0,0,5
CH-BJ-01-1,ST-BJ-01,BJ,2026-03-07,8,7,1,1,8
CH-BJ-01-2,ST-BJ-01,BJ,2026-03-07,5,4,1,1,5
CH-BJ-01-3,ST-BJ-01,BJ,2026-03-07,3,3,0,0,3
CH-BJ-02-1,ST-BJ-02,BJ,2026-03-07,9,9,0,0,9
CH-BJ-02-2,ST-BJ-02,BJ,2026-03-07,17,14,3,1,17
CH-BJ-02-3,ST-BJ-02,BJ,2026-03-07,3,3,0,0,3
CH-BJ-03-1,ST-BJ-03,BJ,2026-03-07,5,5,0,0,5
CH-BJ-03-2,ST-BJ-03,BJ,2026-03-07,2,2,0,0,2
CH-BJ-03-3,ST-BJ-03,BJ,2026-03-07,3,3,0,0,3
CH-BJ-04-1,ST-BJ-04,BJ,2026-03-07,20,18,2,1,20
CH-BJ-04-2,ST-BJ-04,BJ,2026-03-07,20,19,1,1,20
CH-BJ-04-3,ST-BJ-04,BJ,2026-03-07,6,6,0,0,6
CH-BJ-05-1,ST-BJ-05,BJ,2026-03-07,6,5,1,1,6
CH-BJ-05-2,ST-BJ-05,BJ,2026-03-07,7,7,0,0,7
CH-BJ-05-3,ST-BJ-05,BJ,2026-03-07,4,4,0,0,4
CH-DL-01-1,ST-DL-01,DL,2026-03-07,7,7,0,0,7
CH-DL-01-2,ST-DL-01,DL,2026-03-07,6,6,0,0,6
CH-DL-01-3,ST-DL-01,DL,2026-03-07,4,4,0,0,4
CH-DL-02-1,ST-DL-02,DL,2026-03-07,12,11,1,1,12
CH-DL-02-2,ST-DL-02,DL,2026-03-07,11,11,0,0,11
CH-DL-02-3,ST-DL-02,DL,2026-03-07,5,5,0,0,5
CH-DL-03-1,ST-DL-03,DL,2026-03-07,5,5,0,0,5
CH-DL-03-2,ST-DL-03,DL,2026-03-07,3,3,0,0,3
CH-DL-03-3,ST-DL-03,DL,2026-03-07,2,2,0,0,2
CH-DL-04-1,ST-DL-04,DL,2026-03-07,14,13,1,1,14
CH-DL-04-2,ST-DL-04,DL,2026-03-07,20,19,1,1,19
CH-DL-04-3,ST-DL-04,DL,2026-03-07,5,5,0,0,5
CH-DL-05-1,ST-DL-05,DL,2026-03-07,7,7,0,0,7
CH-DL-05-2,ST-DL-05,DL,2026-03-07,8,8,0,0,8
CH-DL-05-3,ST-DL-05,DL,2026-03-07,4,4,0,0,4
CH-SH-01-1,ST-SH-01,SH,2026-03-07,3,3,0,0,3
CH-SH-01-2,ST-SH-01,SH,2026-03-07,3,3,0,0,3
CH-SH-01-3,ST-SH-01,SH,2026-03-07,3,3,0,0,3
CH-SH-02-1,ST-SH-02,SH,2026-03-07,12,12,0,0,12
CH-SH-02-2,ST-SH-02,SH,2026-03-07,17,17,0,0,17
CH-SH-02-3,ST-SH-02,SH,2026-03-07,5,5,0,0,5
CH-SH-03-1,ST-SH-03,SH,2026-03-07,7,7,0,0,7
CH-SH-03-2,ST-SH-03,SH,2026-03-07,2,2,0,0,2
CH-SH-03-3,ST-SH-03,SH,2026-03-07,3,2,1,1,3
CH-SH-04-1,ST-SH-04,SH,2026-03-07,13,12,1,1,12
CH-SH-04-2,ST-SH-04,SH,2026-03-07,19,18,1,1,18
CH-SH-04-3,ST-SH-04,SH,2026-03-07,5,5,0,0,5
CH-SH-05-1,ST-SH-05,SH,2026-03-07,9,7,2,1,9
CH-SH-05-2,ST-SH-05,SH,2026-03-07,8,8,0,0,8
CH-SH-05-3,ST-SH-05,SH,2026-03-07,4,4,0,0,4
CH-SY-01-1,ST-SY-01,SY,2026-03-07,2,2,0,0,2
CH-SY-01-2,ST-SY-01,SY,2026-03-07,8,8,0,0,8
CH-SY-01-3,ST-SY-01,SY,2026-03-07,2,2,0,0,2
CH-SY-02-1,ST-SY-02,SY,2026-03-07,11,11,0,0,11
CH-SY-02-2,ST-SY-02,SY,2026-03-07,14,13,1,1,14
CH-SY-02-3,ST-SY-02,SY,2026-03-07,4,4,0,0,4
CH-SY-03-1,ST-SY-03,SY,2026-03-07,12,11,1,1,12
CH-SY-03-2,ST-SY-03,SY,2026-03-07,3,3,0,0,3
CH-SY-03-3,ST-SY-03,SY,2026-03-07,3,3,0,0,3
CH-SY-04-1,ST-SY-04,SY,2026-03-07,15,14,1,1,15
CH-SY-04-2,ST-SY-04,SY,2026-03-07,24,21,3,1,24
CH-SY-04-3,ST-SY-04,SY,2026-03-07,4,4,0,0,4
CH-SY-05-1,ST-SY-05,SY,2026-03-07,7,6,1,1,7
CH-SY-05-2,ST-SY-05,SY,2026-03-07,4,4,0,0,4
CH-SY-05-3,ST-SY-05,SY,2026-03-07,3,3,0,0,3
CH-SZ-01-1,ST-SZ-01,SZ,2026-03-07,2,2,0,0,2
CH-SZ-01-2,ST-SZ-01,SZ,2026-03-07,5,5,0,0,5
CH-SZ-01-3,ST-SZ-01,SZ,2026-03-07,4,4,0,0,4
CH-SZ-02-1,ST-SZ-02,SZ,2026-03-07,11,10,1,1,11
CH-SZ-02-2,ST-SZ-02,SZ,2026-03-07,13,13,0,0,13
CH-SZ-02-3,ST-SZ-02,SZ,2026-03-07,5,5,0,0,5
CH-SZ-03-1,ST-SZ-03,SZ,2026-03-07,6,6,0,0,6
CH-SZ-03-2,ST-SZ-03,SZ,2026-03-07,2,2,0,0,2
CH-SZ-03-3,ST-SZ-03,SZ,2026-03-07,3,3,0,0,3
CH-SZ-04-1,ST-SZ-04,SZ,2026-03-07,14,14,0,0,14
CH-SZ-04-2,ST-SZ-04,SZ,2026-03-07,20,18,2,1,17
CH-SZ-04-3,ST-SZ-04,SZ,2026-03-07,5,5,0,0,5
CH-SZ-05-1,ST-SZ-05,SZ,2026-03-07,6,6,0,0,6
CH-SZ-05-2,ST-SZ-05,SZ,2026-03-07,7,7,0,0,7
CH-SZ-05-3,ST-SZ-05,SZ,2026-03-07,3,3,0,0,3
CH-BJ-01-1,ST-BJ-01,BJ,2026-03-08,4,4,0,0,4
CH-BJ-01-2,ST-BJ-01,BJ,2026-03-08,6,6,0,0,6
CH-BJ-01-3,ST-BJ-01,BJ,2026-03-08,3,3,0,0,3
CH-BJ-02-1,ST-BJ-02,BJ,2026-03-08,12,12,0,0,12
CH-BJ-02-2,ST-BJ-02,BJ,2026-03-08,19,19,0,0,19
CH-BJ-02-3,ST-BJ-02,BJ,2026-03-08,6,6,0,0,6
CH-BJ-03-1,ST-BJ-03,BJ,2026-03-08,11,10,1,1,11
CH-BJ-03-2,ST-BJ-03,BJ,2026-03-08,2,2,0,0,2
CH-BJ-03-3,ST-BJ-03,BJ,2026-03-08,3,3,0,0,3
CH-BJ-04-1,ST-BJ-04,BJ,2026-03-08,17,16,1,1,17
CH-BJ-04-2,ST-BJ-04,BJ,2026-03-08,22,22,0,0,22
CH-BJ-04-3,ST-BJ-04,BJ,2026-03-08,4,4,0,0,4
CH-BJ-05-1,ST-BJ-05,BJ,2026-03-08,6,6,0,0,6
CH-BJ-05-2,ST-BJ-05,BJ,2026-03-08,8,8,0,0,8
CH-BJ-05-3,ST-BJ-05,BJ,2026-03-08,3,3,0,0,3
CH-DL-01-1,ST-DL-01,DL,2026-03-08,7,7,0,0,7
CH-DL-01-2,ST-DL-01,DL,2026-03-08,4,4,0,0,4
CH-DL-01-3,ST-DL-01,DL,2026-03-08,3,3,0,0,3
CH-DL-02-1,ST-DL-02,DL,2026-03-08,12,12,0,0,12
CH-DL-02-2,ST-DL-02,DL,2026-03-08,12,12,0,0,12
CH-DL-02-3,ST-DL-02,DL,2026-03-08,6,6,0,0,6
CH-DL-03-1,ST-DL-03,DL,2026-03-08,9,8,1,1,9
CH-DL-03-2,ST-DL-03,DL,2026-03-08,1,1,0,0,1
CH-DL-03-3,ST-DL-03,DL,2026-03-08,3,3,0,0,3
CH-DL-04-1,ST-DL-04,DL,2026-03-08,15,14,1,1,15
CH-DL-04-2,ST-DL-04,DL,2026-03-08,18,18,0,0,18
CH-DL-04-3,ST-DL-04,DL,2026-03-08,4,4,0,0,4
CH-DL-05-1,ST-DL-05,DL,2026-03-08,4,4,0,0,4
CH-DL-05-2,ST-DL-05,DL,2026-03-08,3,3,0,0,3
CH-DL-05-3,ST-DL-05,DL,2026-03-08,3,3,0,0,3
CH-SH-01-1,ST-SH-01,SH,2026-03-08,4,4,0,0,4
CH-SH-01-2,ST-SH-01,SH,2026-03-08,3,3,0,0,3
CH-SH-01-3,ST-SH-01,SH,2026-03-08,5,5,0,0,5
CH-SH-02-1,ST-SH-02,SH,2026-03-08,13,11,2,1,13
CH-SH-02-2,ST-SH-02,SH,2026-03-08,11,11,0,0,11
CH-SH-02-3,ST-SH-02,SH,2026-03-08,4,3,1,1,4
CH-SH-03-1,ST-SH-03,SH,2026-03-08,8,8,0,0,8
CH-SH-03-2,ST-SH-03,SH,2026-03-08,4,4,0,0,4
CH-SH-03-3,ST-SH-03,SH,2026-03-08,3,3,0,0,3
CH-SH-04-1,ST-SH-04,SH,2026-03-08,12,12,0,0,12
CH-SH-04-2,ST-SH-04,SH,2026-03-08,19,19,0,0,18
CH-SH-04-3,ST-SH-04,SH,2026-03-08,6,5,1,1,6
CH-SH-05-1,ST-SH-05,SH,2026-03-08,6,6,0,0,6
CH-SH-05-2,ST-SH-05,SH,2026-03-08,5,5,0,0,5
CH-SH-05-3,ST-SH-05,SH,2026-03-08,3,3,0,0,3
CH-SY-01-1,ST-SY-01,SY,2026-03-08,5,4,1,1,5
CH-SY-01-2,ST-SY-01,SY,2026-03-08,3,3,0,0,3
CH-SY-01-3,ST-SY-01,SY,2026-03-08,4,4,0,0,4
CH-SY-02-1,ST-SY-02,SY,2026-03-08,12,12,0,0,12
CH-SY-02-2,ST-SY-02,SY,2026-03-08,16,14,2,1,16
CH-SY-02-3,ST-SY-02,SY,2026-03-08,5,5,0,0,5
CH-SY-03-1,ST-SY-03,SY,2026-03-08,6,4,2,1,6
CH-SY-03-2,ST-SY-03,SY,2026-03-08,1,1,0,0,1
CH-SY-03-3,ST-SY-03,SY,2026-03-08,3,3,0,0,3
CH-SY-04-1,ST-SY-04,SY,2026-03-08,14,13,1,1,14
CH-SY-04-2,ST-SY-04,SY,2026-03-08,21,21,0,0,20
CH-SY-04-3,ST-SY-04,SY,2026-03-08,5,5,0,0,5
CH-SY-05-1,ST-SY-05,SY,2026-03-08,6,5,1,1,6
CH-SY-05-2,ST-SY-05,SY,2026-03-08,4,3,1,1,4
CH-SY-05-3,ST-SY-05,SY,2026-03-08,3,3,0,0,3
CH-SZ-01-1,ST-SZ-01,SZ,2026-03-08,4,4,0,0,4
CH-SZ-01-2,ST-SZ-01,SZ,2026-03-08,4,4,0,0,4
CH-SZ-01-3,ST-SZ-01,SZ,2026-03-08,2,2,0,0,2
CH-SZ-02-1,ST-SZ-02,SZ,2026-03-08,7,7,0,0,7
CH-SZ-02-2,ST-SZ-02,SZ,2026-03-08,13,13,0,0,13
CH-SZ-02-3,ST-SZ-02,SZ,2026-03-08,5,5,0,0,5
CH-SZ-03-1,ST-SZ-03,SZ,2026-03-08,6,6,0,0,6
CH-SZ-03-2,ST-SZ-03,SZ,2026-03-08,2,2,0,0,2
CH-SZ-03-3,ST-SZ-03,SZ,2026-03-08,3,3,0,0,3
CH-SZ-04-1,ST-SZ-04,SZ,2026-03-08,14,11,3,1,14
CH-SZ-04-2,ST-SZ-04,SZ,2026-03-08,16,16,0,0,16
CH-SZ-04-3,ST-SZ-04,SZ,2026-03-08,5,5,0,0,5
CH-SZ-05-1,ST-SZ-05,SZ,2026-03-08,4,4,0,0,4
CH-SZ-05-2,ST-SZ-05,SZ,2026-03-08,5,5,0,0,5
CH-SZ-05-3,ST-SZ-05,SZ,2026-03-08,5,5,0,0,5
CH-BJ-01-1,ST-BJ-01,BJ,2026-03-09,7,7,0,0,7
CH-BJ-01-2,ST-BJ-01,BJ,2026-03-09,8,8,0,0,8
CH-BJ-01-3,ST-BJ-01,BJ,2026-03-09,4,4,0,0,4
CH-BJ-02-1,ST-BJ-02,BJ,2026-03-09,10,9,1,1,10
CH-BJ-02-2,ST-BJ-02,BJ,2026-03-09,10,9,1,1,10
CH-BJ-02-3,ST-BJ-02,BJ,2026-03-09,4,4,0,0,4
CH-BJ-03-1,ST-BJ-03,BJ,2026-03-09,9,8,1,1,9
CH-BJ-03-2,ST-BJ-03,BJ,2026-03-09,2,2,0,0,2
CH-BJ-03-3,ST-BJ-03,BJ,2026-03-09,3,3,0,0,3
CH-BJ-04-1,ST-BJ-04,BJ,2026-03-09,14,13,1,1,14
CH-BJ-04-2,ST-BJ-04,BJ,2026-03-09,15,14,1,1,13
CH-BJ-04-3,ST-BJ-04,BJ,2026-03-09,6,6,0,0,6
CH-BJ-05-1,ST-BJ-05,BJ,2026-03-09,8,7,1,1,8
CH-BJ-05-2,ST-BJ-05,BJ,2026-03-09,8,7,1,1,8
CH-BJ-05-3,ST-BJ-05,BJ,2026-03-09,4,4,0,0,4
CH-DL-01-1,ST-DL-01,DL,2026-03-09,10,9,1,1,10
CH-DL-01-2,ST-DL-01,DL,2026-03-09,8,6,2,1,8
CH-DL-01-3,ST-DL-01,DL,2026-03-09,4,4,0,0,4
CH-DL-02-1,ST-DL-02,DL,2026-03-09,9,8,1,1,9
CH-DL-02-2,ST-DL-02,DL,2026-03-09,14,14,0,0,14
CH-DL-02-3,ST-DL-02,DL,2026-03-09,6,5,1,1,6
CH-DL-03-1,ST-DL-03,DL,2026-03-09,7,7,0,0,7
CH-DL-03-2,ST-DL-03,DL,2026-03-09,3,3,0,0,3
CH-DL-03-3,ST-DL-03,DL,2026-03-09,3,3,0,0,3
CH-DL-04-1,ST-DL-04,DL,2026-03-09,13,13,0,0,13
CH-DL-04-2,ST-DL-04,DL,2026-03-09,17,17,0,0,16
CH-DL-04-3,ST-DL-04,DL,2026-03-09,7,7,0,0,7
CH-DL-05-1,ST-DL-05,DL,2026-03-09,7,6,1,1,7
CH-DL-05-2,ST-DL-05,DL,2026-03-09,7,7,0,0,7
CH-DL-05-3,ST-DL-05,DL,2026-03-09,3,3,0,0,3
CH-SH-01-1,ST-SH-01,SH,2026-03-09,10,9,1,1,10
CH-SH-01-2,ST-SH-01,SH,2026-03-09,11,11,0,0,11
CH-SH-01-3,ST-SH-01,SH,2026-03-09,4,4,0,0,4
CH-SH-02-1,ST-SH-02,SH,2026-03-09,11,10,1,1,11
CH-SH-02-2,ST-SH-02,SH,2026-03-09,15,15,0,0,15
CH-SH-02-3,ST-SH-02,SH,2026-03-09,5,5,0,0,5
CH-SH-03-1,ST-SH-03,SH,2026-03-09,9,9,0,0,9
CH-SH-03-2,ST-SH-03,SH,2026-03-09,2,2,0,0,2
CH-SH-03-3,ST-SH-03,SH,2026-03-09,4,4,0,0,4
CH-SH-04-1,ST-SH-04,SH,2026-03-09,12,12,0,0,11
CH-SH-04-2,ST-SH-04,SH,2026-03-09,17,17,0,0,17
CH-SH-04-3,ST-SH-04,SH,2026-03-09,4,4,0,0,4
CH-SH-05-1,ST-SH-05,SH,2026-03-09,8,8,0,0,8
CH-SH-05-2,ST-SH-05,SH,2026-03-09,8,7,1,1,8
CH-SH-05-3,ST-SH-05,SH,2026-03-09,2,2,0,0,2
CH-SY-01-1,ST-SY-01,SY,2026-03-09,6,6,0,0,6
CH-SY-01-2,ST-SY-01,SY,2026-03-09,10,10,0,0,10
CH-SY-01-3,ST-SY-01,SY,2026-03-09,3,3,0,0,3
CH-SY-02-1,ST-SY-02,SY,2026-03-09,11,11,0,0,11
CH-SY-02-2,ST-SY-02,SY,2026-03-09,16,16,0,0,16
CH-SY-02-3,ST-SY-02,SY,2026-03-09,5,5,0,0,5
CH-SY-03-1,ST-SY-03,SY,2026-03-09,7,7,0,0,7
CH-SY-03-2,ST-SY-03,SY,2026-03-09,2,2,0,0,2
CH-SY-03-3,ST-SY-03,SY,2026-03-09,2,2,0,0,2
CH-SY-04-1,ST-SY-04,SY,2026-03-09,17,16,1,1,16
CH-SY-04-2,ST-SY-04,SY,2026-03-09,20,20,0,0,19
CH-SY-04-3,ST-SY-04,SY,2026-03-09,4,4,0,0,4
CH-SY-05-1,ST-SY-05,SY,2026-03-09,7,6,1,1,7
CH-SY-05-2,ST-SY-05,SY,2026-03-09,8,8,0,0,8
CH-SY-05-3,ST-SY-05,SY,2026-03-09,4,4,0,0,4
CH-SZ-01-1,ST-SZ-01,SZ,2026-03-09,8,7,1,1,8
CH-SZ-01-2,ST-SZ-01,SZ,2026-03-09,12,11,1,1,12
CH-SZ-01-3,ST-SZ-01,SZ,2026-03-09,4,4,0,0,4
CH-SZ-02-1,ST-SZ-02,SZ,2026-03-09,10,10,0,0,10
CH-SZ-02-2,ST-SZ-02,SZ,2026-03-09,15,14,1,1,15
CH-SZ-02-3,ST-SZ-02,SZ,2026-03-09,4,3,1,1,4
CH-SZ-03-1,ST-SZ-03,SZ,2026-03-09,9,9,0,0,9
CH-SZ-03-2,ST-SZ-03,SZ,2026-03-09,2,2,0,0,2
CH-SZ-03-3,ST-SZ-03,SZ,2026-03-09,2,2,0,0,2
CH-SZ-04-1,ST-SZ-04,SZ,2026-03-09,15,14,1,1,14
CH-SZ-04-2,ST-SZ-04,SZ,2026-03-09,16,16,0,0,16
CH-SZ-04-3,ST-SZ-04,SZ,2026-03-09,4,4,0,0,4
CH-SZ-05-1,ST-SZ-05,SZ,2026-03-09,10,10,0,0,10
CH-SZ-05-2,ST-SZ-05,SZ,2026-03-09,13,12,1,1,13
CH-SZ-05-3,ST-SZ-05,SZ,2026-03-09,4,4,0,0,4
CH-BJ-01-1,ST-BJ-01,BJ,2026-03-10,10,10,0,0,10
CH-BJ-01-2,ST-BJ-01,BJ,2026-03-10,7,7,0,0,7
CH-BJ-01-3,ST-BJ-01,BJ,2026-03-10,3,3,0,0,3
CH-BJ-02-1,ST-BJ-02,BJ,2026-03-10,10,10,0,0,10
CH-BJ-02-2,ST-BJ-02,BJ,2026-03-10,13,9,4,1,13
CH-BJ-02-3,ST-BJ-02,BJ,2026-03-10,4,4,0,0,4
CH-BJ-03-1,ST-BJ-03,BJ,2026-03-10,8,8,0,0,8
CH-BJ-03-2,ST-BJ-03,BJ,2026-03-10,2,2,0,0,2
CH-BJ-03-3,ST-BJ-03,BJ,2026-03-10,3,3,0,0,3
CH-BJ-04-1,ST-BJ-04,BJ,2026-03-10,13,13,0,0,12
CH-BJ-04-2,ST-BJ-04,BJ,2026-03-10,21,21,0,0,21
CH-BJ-04-3,ST-BJ-04,BJ,2026-03-10,4,4,0,0,4
CH-BJ-05-1,ST-BJ-05,BJ,2026-03-10,8,8,0,0,8
CH-BJ-05-2,ST-BJ-05,BJ,2026-03-10,8,8,0,0,8
CH-BJ-05-3,ST-BJ-05,BJ,2026-03-10,3,3,0,0,3
CH-DL-01-1,ST-DL-01,DL,2026-03-10,9,9,0,0,9
CH-DL-01-2,ST-DL-01,DL,2026-03-10,10,10,0,0,10
CH-DL-01-3,ST-DL-01,DL,2026-03-10,6,6,0,0,6
CH-DL-02-1,ST-DL-02,DL,2026-03-10,9,9,0,0,9
CH-DL-02-2,ST-DL-02,DL,2026-03-10,14,14,0,0,14
CH-DL-02-3,ST-DL-02,DL,2026-03-10,6,6,0,0,6
CH-DL-03-1,ST-DL-03,DL,2026-03-10,9,9,0,0,9
CH-DL-03-2,ST-DL-03,DL,2026-03-10,2,2,0,0,2
CH-DL-03-3,ST-DL-03,DL,2026-03-10,3,3,0,0,3
CH-DL-04-1,ST-DL-04,DL,2026-03-10,17,16,1,1,17
CH-DL-04-2,ST-DL-04,DL,2026-03-10,18,18,0,0,18
CH-DL-04-3,ST-DL-04,DL,2026-03-10,6,6,0,0,6
CH-DL-05-1,ST-DL-05,DL,2026-03-10,6,5,1,1,6
CH-DL-05-2,ST-DL-05,DL,2026-03-10,10,10,0,0,10
CH-DL-05-3,ST-DL-05,DL,2026-03-10,2,2,0,0,2
CH-SH-01-1,ST-SH-01,SH,2026-03-10,10,9,1,1,10
CH-SH-01-2,ST-SH-01,SH,2026-03-10,10,9,1,1,9
CH-SH-01-3,ST-SH-01,SH,2026-03-10,3,3,0,0,3
CH-SH-02-1,ST-SH-02,SH,2026-03-10,10,10,0,0,10
CH-SH-02-2,ST-SH-02,SH,2026-03-10,8,8,0,0,8
CH-SH-02-3,ST-SH-02,SH,2026-03-10,3,3,0,0,3
CH-SH-03-1,ST-SH-03,SH,2026-03-10,10,10,0,0,10
CH-SH-03-2,ST-SH-03,SH,2026-03-10,2,2,0,0,2
CH-SH-03-3,ST-SH-03,SH,2026-03-10,3,3,0,0,3
CH-SH-04-1,ST-SH-04,SH,2026-03-10,14,14,0,0,14
CH-SH-04-2,ST-SH-04,SH,2026-03-10,14,14,0,0,14
CH-SH-04-3,ST-SH-04,SH,2026-03-10,3,3,0,0,3
CH-SH-05-1,ST-SH-05,SH,2026-03-10,12,10,2,1,12
CH-SH-05-2,ST-SH-05,SH,2026-03-10,8,7,1,1,8
CH-SH-05-3,ST-SH-05,SH,2026-03-10,2,2,0,0,2
CH-SY-01-1,ST-SY-01,SY,2026-03-10,8,8,0,0,8
CH-SY-01-2,ST-SY-01,SY,2026-03-10,10,9,1,1,10
CH-SY-01-3,ST-SY-01,SY,2026-03-10,5,5,0,0,5
CH-SY-02-1,ST-SY-02,SY,2026-03-10,9,8,1,1,9
CH-SY-02-2,ST-SY-02,SY,2026-03-10,14,12,2,1,14
CH-SY-02-3,ST-SY-02,SY,2026-03-10,5,5,0,0,5
CH-SY-03-1,ST-SY-03,SY,2026-03-10,7,7,0,0,7
CH-SY-03-2,ST-SY-03,SY,2026-03-10,1,1,0,0,1
CH-SY-03-3,ST-SY-03,SY,2026-03-10,1,1,0,0,1
CH-SY-04-1,ST-SY-04,SY,2026-03-10,11,11,0,0,11
CH-SY-04-2,ST-SY-04,SY,2026-03-10,20,19,1,1,18
CH-SY-04-3,ST-SY-04,SY,2026-03-10,5,5,0,0,5
CH-SY-05-1,ST-SY-05,SY,2026-03-10,8,7,1,1,8
CH-SY-05-2,ST-SY-05,SY,2026-03-10,12,12,0,0,12
CH-SY-05-3,ST-SY-05,SY,2026-03-10,5,5,0,0,5
CH-SZ-01-1,ST-SZ-01,SZ,2026-03-10,11,9,2,1,11
CH-SZ-01-2,ST-SZ-01,SZ,2026-03-10,14,14,0,0,14
CH-SZ-01-3,ST-SZ-01,SZ,2026-03-10,5,5,0,0,5
CH-SZ-02-1,ST-SZ-02,SZ,2026-03-10,11,10,1,1,11
CH-SZ-02-2,ST-SZ-02,SZ,2026-03-10,12,12,0,0,12
CH-SZ-02-3,ST-SZ-02,SZ,2026-03-10,5,5,0,0,5
CH-SZ-03-1,ST-SZ-03,SZ,2026-03-10,10,10,0,0,10
CH-SZ-03-2,ST-SZ-03,SZ,2026-03-10,3,3,0,0,3
CH-SZ-03-3,ST-SZ-03,SZ,2026-03-10,2,2,0,0,2
CH-SZ-04-1,ST-SZ-04,SZ,2026-03-10,16,14,2,1,15
CH-SZ-04-2,ST-SZ-04,SZ,2026-03-10,13,13,0,0,13
CH-SZ-04-3,ST-SZ-04,SZ,2026-03-10,3,3,0,0,3
CH-SZ-05-1,ST-SZ-05,SZ,2026-03-10,10,10,0,0,10
CH-SZ-05-2,ST-SZ-05,SZ,2026-03-10,10,10,0,0,10
CH-SZ-05-3,ST-SZ-05,SZ,2026-03-10,5,4,1,1,5
CH-BJ-01-1,ST-BJ-01,BJ,2026-03-11,13,13,0,0,13
CH-BJ-01-2,ST-BJ-01,BJ,2026-03-11,10,10,0,0,10
CH-BJ-01-3,ST-BJ-01,BJ,2026-03-11,5,5,0,0,5
CH-BJ-02-1,ST-BJ-02,BJ,2026-03-11,10,7,3,1,10
CH-BJ-02-2,ST-BJ-02,BJ,2026-03-11,14,14,0,0,14
CH-BJ-02-3,ST-BJ-02,BJ,2026-03-11,5,5,0,0,5
CH-BJ-03-1,ST-BJ-03,BJ,2026-03-11,7,7,0,0,7
CH-BJ-03-2,ST-BJ-03,BJ,2026-03-11,3,3,0,0,3
CH-BJ-03-3,ST-BJ-03,BJ,2026-03-11,1,1,0,0,1
CH-BJ-04-1,ST-BJ-04,BJ,2026-03-11,16,16,0,0,16
CH-BJ-04-2,ST-BJ-04,BJ,2026-03-11,18,18,0,0,18
CH-BJ-04-3,ST-BJ-04,BJ,2026-03-11,8,7,1,1,8
CH-BJ-05-1,ST-BJ-05,BJ,2026-03-11,7,7,0,0,7
CH-BJ-05-2,ST-BJ-05,BJ,2026-03-11,8,7,1,1,8
CH-BJ-05-3,ST-BJ-05,BJ,2026-03-11,4,4,0,0,4
CH-DL-01-1,ST-DL-01,DL,2026-03-11,8,8,0,0,8
CH-DL-01-2,ST-DL-01,DL,2026-03-11,12,12,0,0,12
CH-DL-01-3,ST-DL-01,DL,2026-03-11,5,5,0,0,5
CH-DL-02-1,ST-DL-02,DL,2026-03-11,9,8,1,1,9
CH-DL-02-2,ST-DL-02,DL,2026-03-11,16,15,1,1,16
CH-DL-02-3,ST-DL-02,DL,2026-03-11,4,4,0,0,4
CH-DL-03-1,ST-DL-03,DL,2026-03-11,6,5,1,1,6
CH-DL-03-2,ST-DL-03,DL,2026-03-11,2,2,0,0,2
CH-DL-03-3,ST-DL-03,DL,2026-03-11,1,1,0,0,1
CH-DL-04-1,ST-DL-04,DL,2026-03-11,17,13,4,1,17
CH-DL-04-2,ST-DL-04,DL,2026-03-11,22,21,1,1,21
CH-DL-04-3,ST-DL-04,DL,2026-03-11,7,7,0,0,7
CH-DL-05-1,ST-DL-05,DL,2026-03-11,7,7,0,0,7
CH-DL-05-2,ST-DL-05,DL,2026-03-11,10,10,0,0,10
CH-DL-05-3,ST-DL-05,DL,2026-03-11,4,4,0,0,4
CH-SH-01-1,ST-SH-01,SH,2026-03-11,8,7,1,1,8
CH-SH-01-2,ST-SH-01,SH,2026-03-11,16,16,0,0,16
CH-SH-01-3,ST-SH-01,SH,2026-03-11,3,3,0,0,3
CH-SH-02-1,ST-SH-02,SH,2026-03-11,8,8,0,0,8
CH-SH-02-2,ST-SH-02,SH,2026-03-11,16,16,0,0,16
CH-SH-02-3,ST-SH-02,SH,2026-03-11,5,5,0,0,5
CH-SH-03-1,ST-SH-03,SH,2026-03-11,5,5,0,0,5
CH-SH-03-2,ST-SH-03,SH,2026-03-11,2,2,0,0,2
CH-SH-03-3,ST-SH-03,SH,2026-03-11,2,2,0,0,2
CH-SH-04-1,ST-SH-04,SH,2026-03-11,14,14,0,0,14
CH-SH-04-2,ST-SH-04,SH,2026-03-11,20,19,1,1,19
CH-SH-04-3,ST-SH-04,SH,2026-03-11,5,5,0,0,5
CH-SH-05-1,ST-SH-05,SH,2026-03-11,3,3,0,0,3
CH-SH-05-2,ST-SH-05,SH,2026-03-11,8,8,0,0,8
CH-SH-05-3,ST-SH-05,SH,2026-03-11,4,4,0,0,4
CH-SY-01-1,ST-SY-01,SY,2026-03-11,9,8,1,1,9
CH-SY-01-2,ST-SY-01,SY,2026-03-11,10,10,0,0,10
CH-SY-01-3,ST-SY-01,SY,2026-03-11,4,4,0,0,4
CH-SY-02-1,ST-SY-02,SY,2026-03-11,9,9,0,0,8
CH-SY-02-2,ST-SY-02,SY,2026-03-11,13,13,0,0,13
CH-SY-02-3,ST-SY-02,SY,2026-03-11,5,5,0,0,5
CH-SY-03-1,ST-SY-03,SY,2026-03-11,4,4,0,0,4
CH-SY-03-2,ST-SY-03,SY,2026-03-11,3,3,0,0,3
CH-SY-03-3,ST-SY-03,SY,2026-03-11,3,3,0,0,3
CH-SY-04-1,ST-SY-04,SY,2026-03-11,14,14,0,0,14
CH-SY-04-2,ST-SY-04,SY,2026-03-11,20,20,0,0,20
CH-SY-04-3,ST-SY-04,SY,2026-03-11,4,4,0,0,4
CH-SY-05-1,ST-SY-05,SY,2026-03-11,7,7,0,0,7
CH-SY-05-2,ST-SY-05,SY,2026-03-11,8,8,0,0,8
CH-SY-05-3,ST-SY-05,SY,2026-03-11,2,2,0,0,2
CH-SZ-01-1,ST-SZ-01,SZ,2026-03-11,7,7,0,0,7
CH-SZ-01-2,ST-SZ-01,SZ,2026-03-11,11,11,0,0,11
CH-SZ-01-3,ST-SZ-01,SZ,2026-03-11,3,3,0,0,3
CH-SZ-02-1,ST-SZ-02,SZ,2026-03-11,9,9,0,0,9
CH-SZ-02-2,ST-SZ-02,SZ,2026-03-11,13,13,0,0,13
CH-SZ-02-3,ST-SZ-02,SZ,2026-03-11,3,3,0,0,3
CH-SZ-03-1,ST-SZ-03,SZ,2026-03-11,12,11,1,1,12
CH-SZ-03-2,ST-SZ-03,SZ,2026-03-11,2,2,0,0,2
CH-SZ-03-3,ST-SZ-03,SZ,2026-03-11,2,2,0,0,2
CH-SZ-04-1,ST-SZ-04,SZ,2026-03-11,13,13,0,0,13
CH-SZ-04-2,ST-SZ-04,SZ,2026-03-11,21,21,0,0,20
CH-SZ-04-3,ST-SZ-04,SZ,2026-03-11,4,4,0,0,4
CH-SZ-05-1,ST-SZ-05,SZ,2026-03-11,10,8,2,1,10
CH-SZ-05-2,ST-SZ-05,SZ,2026-03-11,9,9,0,0,9
CH-SZ-05-3,ST-SZ-05,SZ,2026-03-11,4,4,0,0,4
CH-BJ-01-1,ST-BJ-01,BJ,2026-03-12,9,9,0,0,9
CH-BJ-01-2,ST-BJ-01,BJ,2026-03-12,9,9,0,0,9
CH-BJ-01-3,ST-BJ-01,BJ,2026-03-12,4,4,0,0,4
CH-BJ-02-1,ST-BJ-02,BJ,2026-03-12,10,10,0,0,10
CH-BJ-02-2,ST-BJ-02,BJ,2026-03-12,11,10,1,1,11
CH-BJ-02-3,ST-BJ-02,BJ,2026-03-12,3,3,0,0,3
CH-BJ-03-1,ST-BJ-03,BJ,2026-03-12,5,5,0,0,5
CH-BJ-03-2,ST-BJ-03,BJ,2026-03-12,2,2,0,0,2
CH-BJ-03-3,ST-BJ-03,BJ,2026-03-12,2,2,0,0,2
CH-BJ-04-1,ST-BJ-04,BJ,2026-03-12,16,14,2,1,16
CH-BJ-04-2,ST-BJ-04,BJ,2026-03-12,19,19,0,0,19
CH-BJ-04-3,ST-BJ-04,BJ,2026-03-12,4,4,0,0,4
CH-BJ-05-1,ST-BJ-05,BJ,2026-03-12,10,10,0,0,10
CH-BJ-05-2,ST-BJ-05,BJ,2026-03-12,13,13,0,0,13
CH-BJ-05-3,ST-BJ-05,BJ,2026-03-12,4,4,0,0,4
CH-DL-01-1,ST-DL-01,DL,2026-03-12,9,9,0,0,9
CH-DL-01-2,ST-DL-01,DL,2026-03-12,10,10,0,0,10
CH-DL-01-3,ST-DL-01,DL,2026-03-12,2,2,0,0,2
CH-DL-02-1,ST-DL-02,DL,2026-03-12,7,7,0,0,7
CH-DL-02-2,ST-DL-02,DL,2026-03-12,12,12,0,0,12
CH-DL-02-3,ST-DL-02,DL,2026-03-12,5,5,0,0,5
CH-DL-03-1,ST-DL-03,DL,2026-03-12,13,13,0,0,13
CH-DL-03-2,ST-DL-03,DL,2026-03-12,3,3,0,0,3
CH-DL-03-3,ST-DL-03,DL,2026-03-12,2,2,0,0,2
CH-DL-04-1,ST-DL-04,DL,2026-03-12,16,16,0,0,16
CH-DL-04-2,ST-DL-04,DL,2026-03-12,17,17,0,0,17
CH-DL-04-3,ST-DL-04,DL,2026-03-12,7,6,1,1,7
CH-DL-05-1,ST-DL-05,DL,2026-03-12,6,6,0,0,6
CH-DL-05-2,ST-DL-05,DL,2026-03-12,9,9,0,0,9
CH-DL-05-3,ST-DL-05,DL,2026-03-12,5,5,0,0,5
CH-SH-01-1,ST-SH-01,SH,2026-03-12,13,13,0,0,13
CH-SH-01-2,ST-SH-01,SH,2026-03-12,12,12,0,0,12
CH-SH-01-3,ST-SH-01,SH,2026-03-12,2,2,0,0,2
CH-SH-02-1,ST-SH-02,SH,2026-03-12,11,11,0,0,11
CH-SH-02-2,ST-SH-02,SH,2026-03-12,11,11,0,0,10
CH-SH-02-3,ST-SH-02,SH,2026-03-12,6,6,0,0,6
CH-SH-03-1,ST-SH-03,SH,2026-03-12,12,11,1,1,12
CH-SH-03-2,ST-SH-03,SH,2026-03-12,1,1,0,0,1
CH-SH-03-3,ST-SH-03,SH,2026-03-12,2,2,0,0,2
CH-SH-04-1,ST-SH-04,SH,2026-03-12,19,18,1,1,19
CH-SH-04-2,ST-SH-04,SH,2026-03-12,20,17,3,1,20
CH-SH-04-3,ST-SH-04,SH,2026-03-12,5,4,1,1,5
CH-SH-05-1,ST-SH-05,SH,2026-03-12,4,4,0,0,4
CH-SH-05-2,ST-SH-05,SH,2026-03-12,12,12,0,0,12
CH-SH-05-3,ST-SH-05,SH,2026-03-12,4,4,0,0,4
CH-SY-01-1,ST-SY-01,SY,2026-03-12,8,7,1,1,8
CH-SY-01-2,ST-SY-01,SY,2026-03-12,11,11,0,0,11
CH-SY-01-3,ST-SY-01,SY,2026-03-12,3,3,0,0,3
CH-SY-02-1,ST-SY-02,SY,2026-03-12,6,6,0,0,6
CH-SY-02-2,ST-SY-02,SY,2026-03-12,11,11,0,0,11
CH-SY-02-3,ST-SY-02,SY,2026-03-12,5,5,0,0,5
CH-SY-03-1,ST-SY-03,SY,2026-03-12,9,9,0,0,9
CH-SY-03-2,ST-SY-03,SY,2026-03-12,2,2,0,0,2
CH-SY-03-3,ST-SY-03,SY,2026-03-12,2,2,0,0,2
CH-SY-04-1,ST-SY-04,SY,2026-03-12,13,13,0,0,11
CH-SY-04-2,ST-SY-04,SY,2026-03-12,12,12,0,0,12
CH-SY-04-3,ST-SY-04,SY,2026-03-12,5,5,0,0,5
CH-SY-05-1,ST-SY-05,SY,2026-03-12,11,10,1,1,11
CH-SY-05-2,ST-SY-05,SY,2026-03-12,7,7,0,0,7
CH-SY-05-3,ST-SY-05,SY,2026-03-12,3,3,0,0,3
CH-SZ-01-1,ST-SZ-01,SZ,2026-03-12,10,10,0,0,9
CH-SZ-01-2,ST-SZ-01,SZ,2026-03-12,13,13,0,0,13
CH-SZ-01-3,ST-SZ-01,SZ,2026-03-12,5,5,0,0,5
CH-SZ-02-1,ST-SZ-02,SZ,2026-03-12,10,10,0,0,10
CH-SZ-02-2,ST-SZ-02,SZ,2026-03-12,13,13,0,0,13
CH-SZ-02-3,ST-SZ-02,SZ,2026-03-12,3,3,0,0,3
CH-SZ-03-1,ST-SZ-03,SZ,2026-03-12,5,5,0,0,5
CH-SZ-03-2,ST-SZ-03,SZ,2026-03-12,2,2,0,0,2
CH-SZ-03-3,ST-SZ-03,SZ,2026-03-12,1,1,0,0,1
CH-SZ-04-1,ST-SZ-04,SZ,2026-03-12,13,13,0,0,12
CH-SZ-04-2,ST-SZ-04,SZ,2026-03-12,23,23,0,0,22
CH-SZ-04-3,ST-SZ-04,SZ,2026-03-12,5,5,0,0,5
CH-SZ-05-1,ST-SZ-05,SZ,2026-03-12,8,8,0,0,8
CH-SZ-05-2,ST-SZ-05,SZ,2026-03-12,9,9,0,0,9
CH-SZ-05-3,ST-SZ-05,SZ,2026-03-12,4,4,0,0,4
CH-BJ-01-1,ST-BJ-01,BJ,2026-03-13,7,7,0,0,7
CH-BJ-01-2,ST-BJ-01,BJ,2026-03-13,11,11,0,0,11
CH-BJ-01-3,ST-BJ-01,BJ,2026-03-13,3,3,0,0,3
CH-BJ-02-1,ST-BJ-02,BJ,2026-03-13,10,9,1,1,10
CH-BJ-02-2,ST-BJ-02,BJ,2026-03-13,12,12,0,0,12
CH-BJ-02-3,ST-BJ-02,BJ,2026-03-13,2,2,0,0,2
CH-BJ-03-1,ST-BJ-03,BJ,2026-03-13,8,7,1,1,8
CH-BJ-03-2,ST-BJ-03,BJ,2026-03-13,1,1,0,0,1
CH-BJ-03-3,ST-BJ-03,BJ,2026-03-13,2,2,0,0,2
CH-BJ-04-1,ST-BJ-04,BJ,2026-03-13,21,20,1,1,21
CH-BJ-04-2,ST-BJ-04,BJ,2026-03-13,24,24,0,0,23
CH-BJ-04-3,ST-BJ-04,BJ,2026-03-13,5,5,0,0,5
CH-BJ-05-1,ST-BJ-05,BJ,2026-03-13,6,6,0,0,6
CH-BJ-05-2,ST-BJ-05,BJ,2026-03-13,5,5,0,0,5
CH-BJ-05-3,ST-BJ-05,BJ,2026-03-13,3,3,0,0,3
CH-DL-01-1,ST-DL-01,DL,2026-03-13,12,10,2,1,12
CH-DL-01-2,ST-DL-01,DL,2026-03-13,14,14,0,0,14
CH-DL-01-3,ST-DL-01,DL,2026-03-13,3,3,0,0,3
CH-DL-02-1,ST-DL-02,DL,2026-03-13,10,9,1,1,10
CH-DL-02-2,ST-DL-02,DL,2026-03-13,16,16,0,0,16
CH-DL-02-3,ST-DL-02,DL,2026-03-13,4,4,0,0,4
CH-DL-03-1,ST-DL-03,DL,2026-03-13,9,9,0,0,9
CH-DL-03-2,ST-DL-03,DL,2026-03-13,3,3,0,0,3
CH-DL-03-3,ST-DL-03,DL,2026-03-13,3,3,0,0,3
CH-DL-04-1,ST-DL-04,DL,2026-03-13,19,15,4,1,19
CH-DL-04-2,ST-DL-04,DL,2026-03-13,20,20,0,0,20
CH-DL-04-3,ST-DL-04,DL,2026-03-13,4,4,0,0,4
CH-DL-05-1,ST-DL-05,DL,2026-03-13,7,7,0,0,7
CH-DL-05-2,ST-DL-05,DL,2026-03-13,12,12,0,0,12
CH-DL-05-3,ST-DL-05,DL,2026-03-13,5,5,0,0,5
CH-SH-01-1,ST-SH-01,SH,2026-03-13,8,8,0,0,8
CH-SH-01-2,ST-SH-01,SH,2026-03-13,12,11,1,1,12
CH-SH-01-3,ST-SH-01,SH,2026-03-13,3,3,0,0,3
CH-SH-02-1,ST-SH-02,SH,2026-03-13,15,13,2,1,15
CH-SH-02-2,ST-SH-02,SH,2026-03-13,12,12,0,0,12
CH-SH-02-3,ST-SH-02,SH,2026-03-13,5,5,0,0,5
CH-SH-03-1,ST-SH-03,SH,2026-03-13,9,9,0,0,9
CH-SH-03-2,ST-SH-03,SH,2026-03-13,2,2,0,0,2
CH-SH-03-3,ST-SH-03,SH,2026-03-13,2,2,0,0,2
CH-SH-04-1,ST-SH-04,SH,2026-03-13,16,15,1,1,15
CH-SH-04-2,ST-SH-04,SH,2026-03-13,16,16,0,0,16
CH-SH-04-3,ST-SH-04,SH,2026-03-13,5,5,0,0,5
CH-SH-05-1,ST-SH-05,SH,2026-03-13,9,9,0,0,9
CH-SH-05-2,ST-SH-05,SH,2026-03-13,13,13,0,0,13
CH-SH-05-3,ST-SH-05,SH,2026-03-13,3,3,0,0,3
CH-SY-01-1,ST-SY-01,SY,2026-03-13,6,5,1,1,6
CH-SY-01-2,ST-SY-01,SY,2026-03-13,10,10,0,0,10
CH-SY-01-3,ST-SY-01,SY,2026-03-13,4,4,0,0,4
CH-SY-02-1,ST-SY-02,SY,2026-03-13,11,11,0,0,11
CH-SY-02-2,ST-SY-02,SY,2026-03-13,10,10,0,0,10
CH-SY-02-3,ST-SY-02,SY,2026-03-13,5,5,0,0,5
CH-SY-03-1,ST-SY-03,SY,2026-03-13,11,11,0,0,11
CH-SY-03-2,ST-SY-03,SY,2026-03-13,2,2,0,0,2
CH-SY-03-3,ST-SY-03,SY,2026-03-13,2,2,0,0,2
CH-SY-04-1,ST-SY-04,SY,2026-03-13,13,13,0,0,13
CH-SY-04-2,ST-SY-04,SY,2026-03-13,23,23,0,0,21
CH-SY-04-3,ST-SY-04,SY,2026-03-13,5,4,1,1,5
CH-SY-05-1,ST-SY-05,SY,2026-03-13,10,9,1,1,10
CH-SY-05-2,ST-SY-05,SY,2026-03-13,10,10,0,0,10
CH-SY-05-3,ST-SY-05,SY,2026-03-13,4,4,0,0,4
CH-SZ-01-1,ST-SZ-01,SZ,2026-03-13,6,6,0,0,6
CH-SZ-01-2,ST-SZ-01,SZ,2026-03-13,15,15,0,0,15
CH-SZ-01-3,ST-SZ-01,SZ,2026-03-13,4,4,0,0,4
CH-SZ-02-1,ST-SZ-02,SZ,2026-03-13,11,11,0,0,11
CH-SZ-02-2,ST-SZ-02,SZ,2026-03-13,13,13,0,0,13
CH-SZ-02-3,ST-SZ-02,SZ,2026-03-13,3,3,0,0,3
CH-SZ-03-1,ST-SZ-03,SZ,2026-03-13,8,8,0,0,8
CH-SZ-03-2,ST-SZ-03,SZ,2026-03-13,3,3,0,0,3
CH-SZ-03-3,ST-SZ-03,SZ,2026-03-13,4,4,0,0,4
CH-SZ-04-1,ST-SZ-04,SZ,2026-03-13,15,14,1,1,15
CH-SZ-04-2,ST-SZ-04,SZ,2026-03-13,18,18,0,0,18
CH-SZ-04-3,ST-SZ-04,SZ,2026-03-13,4,4,0,0,4
CH-SZ-05-1,ST-SZ-05,SZ,2026-03-13,7,5,2,1,7
CH-SZ-05-2,ST-SZ-05,SZ,2026-03-13,11,11,0,0,11
CH-SZ-05-3,ST-SZ-05,SZ,2026-03-13,4,4,0,0,4
CH-BJ-01-1,ST-BJ-01,BJ,2026-03-14,2,2,0,0,2
CH-BJ-01-2,ST-BJ-01,BJ,2026-03-14,1,1,0,0,1
CH-BJ-01-3,ST-BJ-01,BJ,2026-03-14,3,3,0,0,3
CH-BJ-02-1,ST-BJ-02,BJ,2026-03-14,9,8,1,1,9
CH-BJ-02-2,ST-BJ-02,BJ,2026-03-14,14,14,0,0,14
CH-BJ-02-3,ST-BJ-02,BJ,2026-03-14,3,3,0,0,3
CH-BJ-03-1,ST-BJ-03,BJ,2026-03-14,4,3,1,1,4
CH-BJ-03-2,ST-BJ-03,BJ,2026-03-14,2,2,0,0,2
CH-BJ-03-3,ST-BJ-03,BJ,2026-03-14,1,1,0,0,1
CH-BJ-04-1,ST-BJ-04,BJ,2026-03-14,17,16,1,1,15
CH-BJ-04-2,ST-BJ-04,BJ,2026-03-14,22,21,1,1,21
CH-BJ-04-3,ST-BJ-04,BJ,2026-03-14,3,3,0,0,3
CH-BJ-05-1,ST-BJ-05,BJ,2026-03-14,3,3,0,0,3
CH-BJ-05-2,ST-BJ-05,BJ,2026-03-14,6,6,0,0,6
CH-BJ-05-3,ST-BJ-05,BJ,2026-03-14,2,2,0,0,2
CH-DL-01-1,ST-DL-01,DL,2026-03-14,6,5,1,1,6
CH-DL-01-2,ST-DL-01,DL,2026-03-14,9,9,0,0,9
CH-DL-01-3,ST-DL-01,DL,2026-03-14,4,4,0,0,4
CH-DL-02-1,ST-DL-02,DL,2026-03-14,10,10,0,0,10
CH-DL-02-2,ST-DL-02,DL,2026-03-14,10,10,0,0,10
CH-DL-02-3,ST-DL-02,DL,2026-03-14,4,4,0,0,4
CH-DL-03-1,ST-DL-03,DL,2026-03-14,7,7,0,0,7
CH-DL-03-2,ST-DL-03,DL,2026-03-14,2,2,0,0,2
CH-DL-03-3,ST-DL-03,DL,2026-03-14,3,3,0,0,3
CH-DL-04-1,ST-DL-04,DL,2026-03-14,14,14,0,0,14
CH-DL-04-2,ST-DL-04,DL,2026-03-14,19,18,1,1,19
CH-DL-04-3,ST-DL-04,DL,2026-03-14,6,6,0,0,6
CH-DL-05-1,ST-DL-05,DL,2026-03-14,8,8,0,0,8
CH-DL-05-2,ST-DL-05,DL,2026-03-14,8,8,0,0,8
CH-DL-05-3,ST-DL-05,DL,2026-03-14,2,2,0,0,2
CH-SH-01-1,ST-SH-01,SH,2026-03-14,2,1,1,1,2
CH-SH-01-2,ST-SH-01,SH,2026-03-14,6,6,0,0,6
CH-SH-01-3,ST-SH-01,SH,2026-03-14,4,4,0,0,4
CH-SH-02-1,ST-SH-02,SH,2026-03-14,12,12,0,0,12
CH-SH-02-2,ST-SH-02,SH,2026-03-14,12,12,0,0,12
CH-SH-02-3,ST-SH-02,SH,2026-03-14,3,3,0,0,3
CH-SH-03-1,ST-SH-03,SH,2026-03-14,9,9,0,0,9
CH-SH-03-2,ST-SH-03,SH,2026-03-14,3,3,0,0,3
CH-SH-03-3,ST-SH-03,SH,2026-03-14,3,3,0,0,3
CH-SH-04-1,ST-SH-04,SH,2026-03-14,17,16,1,1,17
CH-SH-04-2,ST-SH-04,SH,2026-03-14,16,15,1,1,15
CH-SH-04-3,ST-SH-04,SH,2026-03-14,5,5,0,0,5
CH-SH-05-1,ST-SH-05,SH,2026-03-14,5,5,0,0,5
CH-SH-05-2,ST-SH-05,SH,2026-03-14,7,7,0,0,7
CH-SH-05-3,ST-SH-05,SH,2026-03-14,3,3,0,0,3
CH-SY-01-1,ST-SY-01,SY,2026-03-14,4,3,1,1,4
CH-SY-01-2,ST-SY-01,SY,2026-03-14,7,7,0,0,7
CH-SY-01-3,ST-SY-01,SY,2026-03-14,3,3,0,0,3
CH-SY-02-1,ST-SY-02,SY,2026-03-14,10,10,0,0,10
CH-SY-02-2,ST-SY-02,SY,2026-03-14,12,12,0,0,12
CH-SY-02-3,ST-SY-02,SY,2026-03-14,3,3,0,0,3
CH-SY-03-1,ST-SY-03,SY,2026-03-14,5,5,0,0,5
CH-SY-03-2,ST-SY-03,SY,2026-03-14,2,2,0,0,2
CH-SY-03-3,ST-SY-03,SY,2026-03-14,3,3,0,0,3
CH-SY-04-1,ST-SY-04,SY,2026-03-14,18,18,0,0,17
CH-SY-04-2,ST-SY-04,SY,2026-03-14,23,21,2,1,23
CH-SY-04-3,ST-SY-04,SY,2026-03-14,6,6,0,0,6
CH-SY-05-1,ST-SY-05,SY,2026-03-14,6,6,0,0,6
CH-SY-05-2,ST-SY-05,SY,2026-03-14,8,8,0,0,8
CH-SY-05-3,ST-SY-05,SY,2026-03-14,4,4,0,0,4
CH-SZ-01-1,ST-SZ-01,SZ,2026-03-14,5,5,0,0,5
CH-SZ-01-2,ST-SZ-01,SZ,2026-03-14,8,8,0,0,8
CH-SZ-01-3,ST-SZ-01,SZ,2026-03-14,4,4,0,0,4
CH-SZ-02-1,ST-SZ-02,SZ,2026-03-14,12,12,0,0,12
CH-SZ-02-2,ST-SZ-02,SZ,2026-03-14,15,15,0,0,15
CH-SZ-02-3,ST-SZ-02,SZ,2026-03-14,5,5,0,0,5
CH-SZ-03-1,ST-SZ-03,SZ,2026-03-14,7,7,0,0,7
CH-SZ-03-2,ST-SZ-03,SZ,2026-03-14,4,4,0,0,4
CH-SZ-03-3,ST-SZ-03,SZ,2026-03-14,3,3,0,0,3
CH-SZ-04-1,ST-SZ-04,SZ,2026-03-14,19,18,1,1,19
CH-SZ-04-2,ST-SZ-04,SZ,2026-03-14,19,18,1,1,19
CH-SZ-04-3,ST-SZ-04,SZ,2026-03-14,6,6,0,0,5
CH-SZ-05-1,ST-SZ-05,SZ,2026-03-14,5,5,0,0,5
CH-SZ-05-2,ST-SZ-05,SZ,2026-03-14,6,6,0,0,6
CH-SZ-05-3,ST-SZ-05,SZ,2026-03-14,3,3,0,0,3
CH-BJ-01-1,ST-BJ-01,BJ,2026-03-15,1,1,0,0,1
CH-BJ-01-2,ST-BJ-01,BJ,2026-03-15,5,5,0,0,5
CH-BJ-01-3,ST-BJ-01,BJ,2026-03-15,3,3,0,0,3
CH-BJ-02-1,ST-BJ-02,BJ,2026-03-15,11,11,0,0,11
CH-BJ-02-2,ST-BJ-02,BJ,2026-03-15,13,11,2,1,13
CH-BJ-02-3,ST-BJ-02,BJ,2026-03-15,5,5,0,0,5
CH-BJ-03-1,ST-BJ-03,BJ,2026-03-15,5,4,1,1,5
CH-BJ-03-2,ST-BJ-03,BJ,2026-03-15,3,3,0,0,3
CH-BJ-03-3,ST-BJ-03,BJ,2026-03-15,2,2,0,0,2
CH-BJ-04-1,ST-BJ-04,BJ,2026-03-15,17,17,0,0,17
CH-BJ-04-2,ST-BJ-04,BJ,2026-03-15,27,26,1,1,26
CH-BJ-04-3,ST-BJ-04,BJ,2026-03-15,6,6,0,0,6
CH-BJ-05-1,ST-BJ-05,BJ,2026-03-15,4,3,1,1,4
CH-BJ-05-2,ST-BJ-05,BJ,2026-03-15,8,8,0,0,8
CH-BJ-05-3,ST-BJ-05,BJ,2026-03-15,4,4,0,0,4
CH-DL-01-1,ST-DL-01,DL,2026-03-15,4,4,0,0,4
CH-DL-01-2,ST-DL-01,DL,2026-03-15,6,6,0,0,6
CH-DL-01-3,ST-DL-01,DL,2026-03-15,4,4,0,0,4
CH-DL-02-1,ST-DL-02,DL,2026-03-15,10,10,0,0,10
CH-DL-02-2,ST-DL-02,DL,2026-03-15,13,13,0,0,13
CH-DL-02-3,ST-DL-02,DL,2026-03-15,3,3,0,0,3
CH-DL-03-1,ST-DL-03,DL,2026-03-15,8,8,0,0,7
CH-DL-03-2,ST-DL-03,DL,2026-03-15,2,2,0,0,2
CH-DL-03-3,ST-DL-03,DL,2026-03-15,1,1,0,0,1
CH-DL-04-1,ST-DL-04,DL,2026-03-15,15,15,0,0,15
CH-DL-04-2,ST-DL-04,DL,2026-03-15,20,19,1,1,20
CH-DL-04-3,ST-DL-04,DL,2026-03-15,5,5,0,0,4
CH-DL-05-1,ST-DL-05,DL,2026-03-15,5,5,0,0,5
CH-DL-05-2,ST-DL-05,DL,2026-03-15,4,4,0,0,4
CH-DL-05-3,ST-DL-05,DL,2026-03-15,2,2,0,0,2
CH-SH-01-1,ST-SH-01,SH,2026-03-15,4,4,0,0,4
CH-SH-01-2,ST-SH-01,SH,2026-03-15,2,2,0,0,2
CH-SH-01-3,ST-SH-01,SH,2026-03-15,4,4,0,0,4
CH-SH-02-1,ST-SH-02,SH,2026-03-15,12,12,0,0,12
CH-SH-02-2,ST-SH-02,SH,2026-03-15,14,14,0,0,14
CH-SH-02-3,ST-SH-02,SH,2026-03-15,6,6,0,0,6
CH-SH-03-1,ST-SH-03,SH,2026-03-15,7,7,0,0,7
CH-SH-03-2,ST-SH-03,SH,2026-03-15,2,2,0,0,2
CH-SH-03-3,ST-SH-03,SH,2026-03-15,3,3,0,0,3
CH-SH-04-1,ST-SH-04,SH,2026-03-15,15,15,0,0,15
CH-SH-04-2,ST-SH-04,SH,2026-03-15,19,19,0,0,19
CH-SH-04-3,ST-SH-04,SH,2026-03-15,5,5,0,0,5
CH-SH-05-1,ST-SH-05,SH,2026-03-15,5,4,1,1,5
CH-SH-05-2,ST-SH-05,SH,2026-03-15,7,7,0,0,7
CH-SH-05-3,ST-SH-05,SH,2026-03-15,3,3,0,0,3
CH-SY-01-1,ST-SY-01,SY,2026-03-15,7,7,0,0,7
CH-SY-01-2,ST-SY-01,SY,2026-03-15,6,6,0,0,6
CH-SY-01-3,ST-SY-01,SY,2026-03-15,4,4,0,0,4
CH-SY-02-1,ST-SY-02,SY,2026-03-15,15,13,2,1,15
CH-SY-02-2,ST-SY-02,SY,2026-03-15,14,14,0,0,14
CH-SY-02-3,ST-SY-02,SY,2026-03-15,6,6,0,0,6
CH-SY-03-1,ST-SY-03,SY,2026-03-15,4,4,0,0,4
CH-SY-03-2,ST-SY-03,SY,2026-03-15,2,2,0,0,2
CH-SY-03-3,ST-SY-03,SY,2026-03-15,2,2,0,0,2
CH-SY-04-1,ST-SY-04,SY,2026-03-15,20,19,1,1,19
CH-SY-04-2,ST-SY-04,SY,2026-03-15,20,19,1,1,20
CH-SY-04-3,ST-SY-04,SY,2026-03-15,5,5,0,0,5
CH-SY-05-1,ST-SY-05,SY,2026-03-15,5,5,0,0,5
CH-SY-05-2,ST-SY-05,SY,2026-03-15,6,6,0,0,6
CH-SY-05-3,ST-SY-05,SY,2026-03-15,3,3,0,0,3
CH-SZ-01-1,ST-SZ-01,SZ,2026-03-15,5,4,1,1,5
CH-SZ-01-2,ST-SZ-01,SZ,2026-03-15,4,4,0,0,4
CH-SZ-01-3,ST-SZ-01,SZ,2026-03-15,3,3,0,0,3
CH-SZ-02-1,ST-SZ-02,SZ,2026-03-15,12,12,0,0,12
CH-SZ-02-2,ST-SZ-02,SZ,2026-03-15,14,13,1,1,14
CH-SZ-02-3,ST-SZ-02,SZ,2026-03-15,4,4,0,0,4
CH-SZ-03-1,ST-SZ-03,SZ,2026-03-15,10,8,2,1,10
CH-SZ-03-2,ST-SZ-03,SZ,2026-03-15,2,2,0,0,2
CH-SZ-03-3,ST-SZ-03,SZ,2026-03-15,3,3,0,0,3
CH-SZ-04-1,ST-SZ-04,SZ,2026-03-15,13,13,0,0,13
CH-SZ-04-2,ST-SZ-04,SZ,2026-03-15,15,15,0,0,15
CH-SZ-04-3,ST-SZ-04,SZ,2026-03-15,5,5,0,0,4
CH-SZ-05-1,ST-SZ-05,SZ,2026-03-15,7,7,0,0,7
CH-SZ-05-2,ST-SZ-05,SZ,2026-03-15,10,9,1,1,10
CH-SZ-05-3,ST-SZ-05,SZ,2026-03-15,4,4,0,0,4
CH-BJ-01-1,ST-BJ-01,BJ,2026-03-16,9,9,0,0,9
CH-BJ-01-2,ST-BJ-01,BJ,2026-03-16,12,12,0,0,12
CH-BJ-01-3,ST-BJ-01,BJ,2026-03-16,4,4,0,0,4
CH-BJ-02-1,ST-BJ-02,BJ,2026-03-16,12,11,1,1,12
CH-BJ-02-2,ST-BJ-02,BJ,2026-03-16,11,10,1,1,11
CH-BJ-02-3,ST-BJ-02,BJ,2026-03-16,3,3,0,0,3
CH-BJ-03-1,ST-BJ-03,BJ,2026-03-16,3,3,0,0,3
CH-BJ-03-2,ST-BJ-03,BJ,2026-03-16,4,4,0,0,4
CH-BJ-03-3,ST-BJ-03,BJ,2026-03-16,2,2,0,0,2
CH-BJ-04-1,ST-BJ-04,BJ,2026-03-16,17,16,1,1,17
CH-BJ-04-2,ST-BJ-04,BJ,2026-03-16,16,16,0,0,16
CH-BJ-04-3,ST-BJ-04,BJ,2026-03-16,3,3,0,0,3
CH-BJ-05-1,ST-BJ-05,BJ,2026-03-16,8,8,0,0,8
CH-BJ-05-2,ST-BJ-05,BJ,2026-03-16,9,9,0,0,9
CH-BJ-05-3,ST-BJ-05,BJ,2026-03-16,3,3,0,0,3
CH-DL-01-1,ST-DL-01,DL,2026-03-16,11,11,0,0,11
CH-DL-01-2,ST-DL-01,DL,2026-03-16,7,7,0,0,7
CH-DL-01-3,ST-DL-01,DL,2026-03-16,4,4,0,0,4
CH-DL-02-1,ST-DL-02,DL,2026-03-16,12,11,1,1,12
CH-DL-02-2,ST-DL-02,DL,2026-03-16,12,12,0,0,12
CH-DL-02-3,ST-DL-02,DL,2026-03-16,3,3,0,0,3
CH-DL-03-1,ST-DL-03,DL,2026-03-16,7,7,0,0,7
CH-DL-03-2,ST-DL-03,DL,2026-03-16,2,2,0,0,2
CH-DL-03-3,ST-DL-03,DL,2026-03-16,2,2,0,0,2
CH-DL-04-1,ST-DL-04,DL,2026-03-16,16,15,1,1,15
CH-DL-04-2,ST-DL-04,DL,2026-03-16,17,17,0,0,17
CH-DL-04-3,ST-DL-04,DL,2026-03-16,4,4,0,0,4
CH-DL-05-1,ST-DL-05,DL,2026-03-16,8,6,2,1,8
CH-DL-05-2,ST-DL-05,DL,2026-03-16,8,8,0,0,8
CH-DL-05-3,ST-DL-05,DL,2026-03-16,4,4,0,0,4
CH-SH-01-1,ST-SH-01,SH,2026-03-16,6,6,0,0,6
CH-SH-01-2,ST-SH-01,SH,2026-03-16,7,7,0,0,7
CH-SH-01-3,ST-SH-01,SH,2026-03-16,4,4,0,0,4
CH-SH-02-1,ST-SH-02,SH,2026-03-16,12,12,0,0,12
CH-SH-02-2,ST-SH-02,SH,2026-03-16,13,13,0,0,13
CH-SH-02-3,ST-SH-02,SH,2026-03-16,2,2,0,0,2
CH-SH-03-1,ST-SH-03,SH,2026-03-16,7,7,0,0,7
CH-SH-03-2,ST-SH-03,SH,2026-03-16,4,4,0,0,4
CH-SH-03-3,ST-SH-03,SH,2026-03-16,3,3,0,0,3
CH-SH-04-1,ST-SH-04,SH,2026-03-16,11,11,0,0,11
CH-SH-04-2,ST-SH-04,SH,2026-03-16,14,14,0,0,14
CH-SH-04-3,ST-SH-04,SH,2026-03-16,3,3,0,0,3
CH-SH-05-1,ST-SH-05,SH,2026-03-16,10,8,2,1,10
CH-SH-05-2,ST-SH-05,SH,2026-03-16,14,14,0,0,14
CH-SH-05-3,ST-SH-05,SH,2026-03-16,5,5,0,0,5
CH-SY-01-1,ST-SY-01,SY,2026-03-16,8,7,1,1,7
CH-SY-01-2,ST-SY-01,SY,2026-03-16,11,11,0,0,11
CH-SY-01-3,ST-SY-01,SY,2026-03-16,4,4,0,0,4
CH-SY-02-1,ST-SY-02,SY,2026-03-16,11,11,0,0,11
CH-SY-02-2,ST-SY-02,SY,2026-03-16,16,16,0,0,16
CH-SY-02-3,ST-SY-02,SY,2026-03-16,6,5,1,1,6
CH-SY-03-1,ST-SY-03,SY,2026-03-16,7,4,3,1,7
CH-SY-03-2,ST-SY-03,SY,2026-03-16,1,1,0,0,1
CH-SY-03-3,ST-SY-03,SY,2026-03-16,3,3,0,0,3
CH-SY-04-1,ST-SY-04,SY,2026-03-16,17,16,1,1,17
CH-SY-04-2,ST-SY-04,SY,2026-03-16,17,17,0,0,17
CH-SY-04-3,ST-SY-04,SY,2026-03-16,6,6,0,0,6
CH-SY-05-1,ST-SY-05,SY,2026-03-16,9,9,0,0,9
CH-SY-05-2,ST-SY-05,SY,2026-03-16,11,11,0,0,11
CH-SY-05-3,ST-SY-05,SY,2026-03-16,7,7,0,0,7
CH-SZ-01-1,ST-SZ-01,SZ,2026-03-16,13,13,0,0,13
CH-SZ-01-2,ST-SZ-01,SZ,2026-03-16,11,11,0,0,11
CH-SZ-01-3,ST-SZ-01,SZ,2026-03-16,4,4,0,0,4
CH-SZ-02-1,ST-SZ-02,SZ,2026-03-16,11,11,0,0,11
CH-SZ-02-2,ST-SZ-02,SZ,2026-03-16,11,11,0,0,11
CH-SZ-02-3,ST-SZ-02,SZ,2026-03-16,3,3,0,0,3
CH-SZ-03-1,ST-SZ-03,SZ,2026-03-16,4,4,0,0,4
CH-SZ-03-2,ST-SZ-03,SZ,2026-03-16,2,2,0,0,2
CH-SZ-03-3,ST-SZ-03,SZ,2026-03-16,1,1,0,0,1
CH-SZ-04-1,ST-SZ-04,SZ,2026-03-16,17,16,1,1,17
CH-SZ-04-2,ST-SZ-04,SZ,2026-03-16,20,19,1,1,19
CH-SZ-04-3,ST-SZ-04,SZ,2026-03-16,4,4,0,0,4
CH-SZ-05-1,ST-SZ-05,SZ,2026-03-16,8,8,0,0,8
CH-SZ-05-2,ST-SZ-05,SZ,2026-03-16,13,13,0,0,13
CH-SZ-05-3,ST-SZ-05,SZ,2026-03-16,6,6,0,0,6
CH-BJ-01-1,ST-BJ-01,BJ,2026-03-17,8,7,1,1,8
CH-BJ-01-2,ST-BJ-01,BJ,2026-03-17,6,6,0,0,6
CH-BJ-01-3,ST-BJ-01,BJ,2026-03-17,2,2,0,0,2
CH-BJ-02-1,ST-BJ-02,BJ,2026-03-17,10,10,0,0,10
CH-BJ-02-2,ST-BJ-02,BJ,2026-03-17,16,16,0,0,16
CH-BJ-02-3,ST-BJ-02,BJ,2026-03-17,4,4,0,0,4
CH-BJ-03-1,ST-BJ-03,BJ,2026-03-17,5,3,2,1,5
CH-BJ-03-2,ST-BJ-03,BJ,2026-03-17,3,3,0,0,3
CH-BJ-03-3,ST-BJ-03,BJ,2026-03-17,2,2,0,0,2
CH-BJ-04-1,ST-BJ-04,BJ,2026-03-17,14,13,1,1,14
CH-BJ-04-2,ST-BJ-04,BJ,2026-03-17,22,22,0,0,21
CH-BJ-04-3,ST-BJ-04,BJ,2026-03-17,6,6,0,0,6
CH-BJ-05-1,ST-BJ-05,BJ,2026-03-17,9,9,0,0,9
CH-BJ-05-2,ST-BJ-05,BJ,2026-03-17,11,11,0,0,11
CH-BJ-05-3,ST-BJ-05,BJ,2026-03-17,4,4,0,0,4
CH-DL-01-1,ST-DL-01,DL,2026-03-17,9,8,1,1,9
CH-DL-01-2,ST-DL-01,DL,2026-03-17,12,10,2,1,12
CH-DL-01-3,ST-DL-01,DL,2026-03-17,3,3,0,0,3
CH-DL-02-1,ST-DL-02,DL,2026-03-17,13,13,0,0,13
CH-DL-02-2,ST-DL-02,DL,2026-03-17,12,12,0,0,12
CH-DL-02-3,ST-DL-02,DL,2026-03-17,5,5,0,0,5
CH-DL-03-1,ST-DL-03,DL,2026-03-17,11,9,2,1,11
CH-DL-03-2,ST-DL-03,DL,2026-03-17,3,3,0,0,3
CH-DL-03-3,ST-DL-03,DL,2026-03-17,3,3,0,0,3
CH-DL-04-1,ST-DL-04,DL,2026-03-17,14,14,0,0,14
CH-DL-04-2,ST-DL-04,DL,2026-03-17,23,23,0,0,22
CH-DL-04-3,ST-DL-04,DL,2026-03-17,3,3,0,0,3
CH-DL-05-1,ST-DL-05,DL,2026-03-17,5,5,0,0,5
CH-DL-05-2,ST-DL-05,DL,2026-03-17,7,7,0,0,7
CH-DL-05-3,ST-DL-05,DL,2026-03-17,3,3,0,0,3
CH-SH-01-1,ST-SH-01,SH,2026-03-17,9,8,1,1,9
CH-SH-01-2,ST-SH-01,SH,2026-03-17,8,8,0,0,8
CH-SH-01-3,ST-SH-01,SH,2026-03-17,4,4,0,0,4
CH-SH-02-1,ST-SH-02,SH,2026-03-17,14,13,1,1,14
CH-SH-02-2,ST-SH-02,SH,2026-03-17,15,15,0,0,15
CH-SH-02-3,ST-SH-02,SH,2026-03-17,6,5,1,1,6
CH-SH-03-1,ST-SH-03,SH,2026-03-17,9,8,1,1,9
CH-SH-03-2,ST-SH-03,SH,2026-03-17,2,2,0,0,2
CH-SH-03-3,ST-SH-03,SH,2026-03-17,4,4,0,0,4
CH-SH-04-1,ST-SH-04,SH,2026-03-17,11,11,0,0,11
CH-SH-04-2,ST-SH-04,SH,2026-03-17,18,17,1,1,18
CH-SH-04-3,ST-SH-04,SH,2026-03-17,6,5,1,1,6
CH-SH-05-1,ST-SH-05,SH,2026-03-17,8,8,0,0,8
CH-SH-05-2,ST-SH-05,SH,2026-03-17,7,7,0,0,7
CH-SH-05-3,ST-SH-05,SH,2026-03-17,4,4,0,0,4
CH-SY-01-1,ST-SY-01,SY,2026-03-17,10,9,1,1,10
CH-SY-01-2,ST-SY-01,SY,2026-03-17,7,7,0,0,7
CH-SY-01-3,ST-SY-01,SY,2026-03-17,3,3,0,0,3
CH-SY-02-1,ST-SY-02,SY,2026-03-17,16,13,3,1,16
CH-SY-02-2,ST-SY-02,SY,2026-03-17,15,15,0,0,15
CH-SY-02-3,ST-SY-02,SY,2026-03-17,5,5,0,0,5
CH-SY-03-1,ST-SY-03,SY,2026-03-17,10,9,1,1,10
CH-SY-03-2,ST-SY-03,SY,2026-03-17,2,2,0,0,2
CH-SY-03-3,ST-SY-03,SY,2026-03-17,1,1,0,0,1
CH-SY-04-1,ST-SY-04,SY,2026-03-17,16,14,2,1,15
CH-SY-04-2,ST-SY-04,SY,2026-03-17,20,19,1,1,19
CH-SY-04-3,ST-SY-04,SY,2026-03-17,5,5,0,0,5
CH-SY-05-1,ST-SY-05,SY,2026-03-17,10,9,1,1,10
CH-SY-05-2,ST-SY-05,SY,2026-03-17,8,8,0,0,8
CH-SY-05-3,ST-SY-05,SY,2026-03-17,5,5,0,0,5
CH-SZ-01-1,ST-SZ-01,SZ,2026-03-17,9,9,0,0,9
CH-SZ-01-2,ST-SZ-01,SZ,2026-03-17,14,14,0,0,14
CH-SZ-01-3,ST-SZ-01,SZ,2026-03-17,6,6,0,0,6
CH-SZ-02-1,ST-SZ-02,SZ,2026-03-17,12,12,0,0,12
CH-SZ-02-2,ST-SZ-02,SZ,2026-03-17,12,12,0,0,12
CH-SZ-02-3,ST-SZ-02,SZ,2026-03-17,4,4,0,0,4
CH-SZ-03-1,ST-SZ-03,SZ,2026-03-17,6,6,0,0,6
CH-SZ-03-2,ST-SZ-03,SZ,2026-03-17,3,2,1,1,3
CH-SZ-03-3,ST-SZ-03,SZ,2026-03-17,3,3,0,0,3
CH-SZ-04-1,ST-SZ-04,SZ,2026-03-17,18,16,2,1,18
CH-SZ-04-2,ST-SZ-04,SZ,2026-03-17,18,18,0,0,18
CH-SZ-04-3,ST-SZ-04,SZ,2026-03-17,5,5,0,0,5
CH-SZ-05-1,ST-SZ-05,SZ,2026-03-17,6,6,0,0,6
CH-SZ-05-2,ST-SZ-05,SZ,2026-03-17,12,12,0,0,12
CH-SZ-05-3,ST-SZ-05,SZ,2026-03-17,2,2,0,0,2
CH-BJ-01-1,ST-BJ-01,BJ,2026-03-18,6,5,1,1,6
CH-BJ-01-2,ST-BJ-01,BJ,2026-03-18,12,12,0,0,12
CH-BJ-01-3,ST-BJ-01,BJ,2026-03-18,5,5,0,0,5
CH-BJ-02-1,ST-BJ-02,BJ,2026-03-18,12,11,1,1,12
CH-BJ-02-2,ST-BJ-02,BJ,2026-03-18,15,15,0,0,15
CH-BJ-02-3,ST-BJ-02,BJ,2026-03-18,4,4,0,0,4
CH-BJ-03-1,ST-BJ-03,BJ,2026-03-18,9,9,0,0,9
CH-BJ-03-2,ST-BJ-03,BJ,2026-03-18,2,2,0,0,2
CH-BJ-03-3,ST-BJ-03,BJ,2026-03-18,2,2,0,0,2
CH-BJ-04-1,ST-BJ-04,BJ,2026-03-18,12,12,0,0,12
CH-BJ-04-2,ST-BJ-04,BJ,2026-03-18,16,16,0,0,16
CH-BJ-04-3,ST-BJ-04,BJ,2026-03-18,3,3,0,0,3
CH-BJ-05-1,ST-BJ-05,BJ,2026-03-18,7,7,0,0,7
CH-BJ-05-2,ST-BJ-05,BJ,2026-03-18,10,10,0,0,10
CH-BJ-05-3,ST-BJ-05,BJ,2026-03-18,5,5,0,0,5
CH-DL-01-1,ST-DL-01,DL,2026-03-18,11,11,0,0,11
CH-DL-01-2,ST-DL-01,DL,2026-03-18,15,15,0,0,15
CH-DL-01-3,ST-DL-01,DL,2026-03-18,2,2,0,0,2
CH-DL-02-1,ST-DL-02,DL,2026-03-18,13,13,0,0,13
CH-DL-02-2,ST-DL-02,DL,2026-03-18,17,17,0,0,17
CH-DL-02-3,ST-DL-02,DL,2026-03-18,5,5,0,0,5
CH-DL-03-1,ST-DL-03,DL,2026-03-18,6,6,0,0,6
CH-DL-03-2,ST-DL-03,DL,2026-03-18,2,2,0,0,2
CH-DL-03-3,ST-DL-03,DL,2026-03-18,2,2,0,0,2
CH-DL-04-1,ST-DL-04,DL,2026-03-18,13,13,0,0,13
CH-DL-04-2,ST-DL-04,DL,2026-03-18,16,16,0,0,16
CH-DL-04-3,ST-DL-04,DL,2026-03-18,4,4,0,0,4
CH-DL-05-1,ST-DL-05,DL,2026-03-18,3,3,0,0,3
CH-DL-05-2,ST-DL-05,DL,2026-03-18,9,9,0,0,9
CH-DL-05-3,ST-DL-05,DL,2026-03-18,5,5,0,0,5
CH-SH-01-1,ST-SH-01,SH,2026-03-18,10,9,1,1,10
CH-SH-01-2,ST-SH-01,SH,2026-03-18,11,11,0,0,11
CH-SH-01-3,ST-SH-01,SH,2026-03-18,5,5,0,0,5
CH-SH-02-1,ST-SH-02,SH,2026-03-18,8,8,0,0,8
CH-SH-02-2,ST-SH-02,SH,2026-03-18,7,6,1,1,7
CH-SH-02-3,ST-SH-02,SH,2026-03-18,3,3,0,0,3
CH-SH-03-1,ST-SH-03,SH,2026-03-18,7,7,0,0,7
CH-SH-03-2,ST-SH-03,SH,2026-03-18,2,2,0,0,2
CH-SH-03-3,ST-SH-03,SH,2026-03-18,3,3,0,0,3
CH-SH-04-1,ST-SH-04,SH,2026-03-18,10,9,1,1,9
CH-SH-04-2,ST-SH-04,SH,2026-03-18,14,14,0,0,13
CH-SH-04-3,ST-SH-04,SH,2026-03-18,5,5,0,0,5
CH-SH-05-1,ST-SH-05,SH,2026-03-18,7,7,0,0,7
CH-SH-05-2,ST-SH-05,SH,2026-03-18,7,6,1,1,7
CH-SH-05-3,ST-SH-05,SH,2026-03-18,4,4,0,0,4
CH-SY-01-1,ST-SY-01,SY,2026-03-18,9,8,1,1,9
CH-SY-01-2,ST-SY-01,SY,2026-03-18,8,8,0,0,8
CH-SY-01-3,ST-SY-01,SY,2026-03-18,3,3,0,0,3
CH-SY-02-1,ST-SY-02,SY,2026-03-18,10,9,1,1,10
CH-SY-02-2,ST-SY-02,SY,2026-03-18,12,12,0,0,12
CH-SY-02-3,ST-SY-02,SY,2026-03-18,4,4,0,0,4
CH-SY-03-1,ST-SY-03,SY,2026-03-18,11,11,0,0,11
CH-SY-03-2,ST-SY-03,SY,2026-03-18,1,1,0,0,1
CH-SY-03-3,ST-SY-03,SY,2026-03-18,2,2,0,0,2
CH-SY-04-1,ST-SY-04,SY,2026-03-18,14,13,1,1,13
CH-SY-04-2,ST-SY-04,SY,2026-03-18,14,14,0,0,14
CH-SY-04-3,ST-SY-04,SY,2026-03-18,6,6,0,0,6
CH-SY-05-1,ST-SY-05,SY,2026-03-18,9,7,2,1,9
CH-SY-05-2,ST-SY-05,SY,2026-03-18,9,9,0,0,9
CH-SY-05-3,ST-SY-05,SY,2026-03-18,4,4,0,0,4
CH-SZ-01-1,ST-SZ-01,SZ,2026-03-18,7,6,1,1,7
CH-SZ-01-2,ST-SZ-01,SZ,2026-03-18,11,11,0,0,11
CH-SZ-01-3,ST-SZ-01,SZ,2026-03-18,3,3,0,0,3
CH-SZ-02-1,ST-SZ-02,SZ,2026-03-18,9,7,2,1,9
CH-SZ-02-2,ST-SZ-02,SZ,2026-03-18,14,14,0,0,14
CH-SZ-02-3,ST-SZ-02,SZ,2026-03-18,6,6,0,0,6
CH-SZ-03-1,ST-SZ-03,SZ,2026-03-18,9,9,0,0,9
CH-SZ-03-2,ST-SZ-03,SZ,2026-03-18,2,2,0,0,2
CH-SZ-03-3,ST-SZ-03,SZ,2026-03-18,3,3,0,0,3
CH-SZ-04-1,ST-SZ-04,SZ,2026-03-18,14,13,1,1,14
CH-SZ-04-2,ST-SZ-04,SZ,2026-03-18,19,19,0,0,19
CH-SZ-04-3,ST-SZ-04,SZ,2026-03-18,3,3,0,0,3
CH-SZ-05-1,ST-SZ-05,SZ,2026-03-18,8,8,0,0,8
CH-SZ-05-2,ST-SZ-05,SZ,2026-03-18,8,8,0,0,8
CH-SZ-05-3,ST-SZ-05,SZ,2026-03-18,4,4,0,0,4
CH-BJ-01-1,ST-BJ-01,BJ,2026-03-19,10,10,0,0,10
CH-BJ-01-2,ST-BJ-01,BJ,2026-03-19,13,13,0,0,13
CH-BJ-01-3,ST-BJ-01,BJ,2026-03-19,5,5,0,0,5
CH-BJ-02-1,ST-BJ-02,BJ,2026-03-19,9,9,0,0,9
CH-BJ-02-2,ST-BJ-02,BJ,2026-03-19,11,10,1,1,11
CH-BJ-02-3,ST-BJ-02,BJ,2026-03-19,3,3,0,0,3
CH-BJ-03-1,ST-BJ-03,BJ,2026-03-19,5,3,2,1,5
CH-BJ-03-2,ST-BJ-03,BJ,2026-03-19,2,2,0,0,2
CH-BJ-03-3,ST-BJ-03,BJ,2026-03-19,2,2,0,0,2
CH-BJ-04-1,ST-BJ-04,BJ,2026-03-19,11,11,0,0,11
CH-BJ-04-2,ST-BJ-04,BJ,2026-03-19,16,16,0,0,15
CH-BJ-04-3,ST-BJ-04,BJ,2026-03-19,4,4,0,0,4
CH-BJ-05-1,ST-BJ-05,BJ,2026-03-19,7,4,3,1,7
CH-BJ-05-2,ST-BJ-05,BJ,2026-03-19,5,4,1,1,5
CH-BJ-05-3,ST-BJ-05,BJ,2026-03-19,2,2,0,0,2
CH-DL-01-1,ST-DL-01,DL,2026-03-19,10,9,1,1,10
CH-DL-01-2,ST-DL-01,DL,2026-03-19,11,11,0,0,11
CH-DL-01-3,ST-DL-01,DL,2026-03-19,4,4,0,0,4
CH-DL-02-1,ST-DL-02,DL,2026-03-19,11,11,0,0,11
CH-DL-02-2,ST-DL-02,DL,2026-03-19,15,14,1,1,15
CH-DL-02-3,ST-DL-02,DL,2026-03-19,5,5,0,0,5
CH-DL-03-1,ST-DL-03,DL,2026-03-19,9,9,0,0,9
CH-DL-03-2,ST-DL-03,DL,2026-03-19,2,2,0,0,2
CH-DL-03-3,ST-DL-03,DL,2026-03-19,3,2,1,1,3
CH-DL-04-1,ST-DL-04,DL,2026-03-19,17,15,2,1,17
CH-DL-04-2,ST-DL-04,DL,2026-03-19,22,22,0,0,22
CH-DL-04-3,ST-DL-04,DL,2026-03-19,6,5,1,1,6
CH-DL-05-1,ST-DL-05,DL,2026-03-19,6,5,1,1,6
CH-DL-05-2,ST-DL-05,DL,2026-03-19,7,7,0,0,7
CH-DL-05-3,ST-DL-05,DL,2026-03-19,4,4,0,0,4
CH-SH-01-1,ST-SH-01,SH,2026-03-19,11,10,1,1,11
CH-SH-01-2,ST-SH-01,SH,2026-03-19,13,12,1,1,13
CH-SH-01-3,ST-SH-01,SH,2026-03-19,3,3,0,0,3
CH-SH-02-1,ST-SH-02,SH,2026-03-19,13,13,0,0,13
CH-SH-02-2,ST-SH-02,SH,2026-03-19,13,13,0,0,13
CH-SH-02-3,ST-SH-02,SH,2026-03-19,4,4,0,0,4
CH-SH-03-1,ST-SH-03,SH,2026-03-19,9,6,3,1,9
CH-SH-03-2,ST-SH-03,SH,2026-03-19,2,2,0,0,2
CH-SH-03-3,ST-SH-03,SH,2026-03-19,1,1,0,0,1
CH-SH-04-1,ST-SH-04,SH,2026-03-19,15,15,0,0,15
CH-SH-04-2,ST-SH-04,SH,2026-03-19,17,17,0,0,17
CH-SH-04-3,ST-SH-04,SH,2026-03-19,4,4,0,0,4
CH-SH-05-1,ST-SH-05,SH,2026-03-19,11,11,0,0,11
CH-SH-05-2,ST-SH-05,SH,2026-03-19,9,9,0,0,9
CH-SH-05-3,ST-SH-05,SH,2026-03-19,4,4,0,0,4
CH-SY-01-1,ST-SY-01,SY,2026-03-19,10,10,0,0,10
CH-SY-01-2,ST-SY-01,SY,2026-03-19,8,8,0,0,8
CH-SY-01-3,ST-SY-01,SY,2026-03-19,3,3,0,0,3
CH-SY-02-1,ST-SY-02,SY,2026-03-19,10,10,0,0,10
CH-SY-02-2,ST-SY-02,SY,2026-03-19,16,16,0,0,16
CH-SY-02-3,ST-SY-02,SY,2026-03-19,4,4,0,0,4
CH-SY-03-1,ST-SY-03,SY,2026-03-19,7,7,0,0,7
CH-SY-03-2,ST-SY-03,SY,2026-03-19,2,2,0,0,2
CH-SY-03-3,ST-SY-03,SY,2026-03-19,2,2,0,0,2
CH-SY-04-1,ST-SY-04,SY,2026-03-19,14,14,0,0,14
CH-SY-04-2,ST-SY-04,SY,2026-03-19,13,12,1,1,13
CH-SY-04-3,ST-SY-04,SY,2026-03-19,5,5,0,0,5
CH-SY-05-1,ST-SY-05,SY,2026-03-19,6,5,1,1,6
CH-SY-05-2,ST-SY-05,SY,2026-03-19,6,6,0,0,6
CH-SY-05-3,ST-SY-05,SY,2026-03-19,2,2,0,0,2
CH-SZ-01-1,ST-SZ-01,SZ,2026-03-19,5,5,0,0,5
CH-SZ-01-2,ST-SZ-01,SZ,2026-03-19,8,8,0,0,8
CH-SZ-01-3,ST-SZ-01,SZ,2026-03-19,5,5,0,0,5
CH-SZ-02-1,ST-SZ-02,SZ,2026-03-19,7,6,1,1,6
CH-SZ-02-2,ST-SZ-02,SZ,2026-03-19,11,11,0,0,11
CH-SZ-02-3,ST-SZ-02,SZ,2026-03-19,3,3,0,0,3
CH-SZ-03-1,ST-SZ-03,SZ,2026-03-19,10,10,0,0,10
CH-SZ-03-2,ST-SZ-03,SZ,2026-03-19,3,3,0,0,3
CH-SZ-03-3,ST-SZ-03,SZ,2026-03-19,2,2,0,0,2
CH-SZ-04-1,ST-SZ-04,SZ,2026-03-19,14,11,3,1,14
CH-SZ-04-2,ST-SZ-04,SZ,2026-03-19,23,22,1,1,23
CH-SZ-04-3,ST-SZ-04,SZ,2026-03-19,5,5,0,0,5
CH-SZ-05-1,ST-SZ-05,SZ,2026-03-19,9,9,0,0,9
CH-SZ-05-2,ST-SZ-05,SZ,2026-03-19,14,13,1,1,14
CH-SZ-05-3,ST-SZ-05,SZ,2026-03-19,5,5,0,0,5
CH-BJ-01-1,ST-BJ-01,BJ,2026-03-20,8,7,1,1,8
CH-BJ-01-2,ST-BJ-01,BJ,2026-03-20,9,9,0,0,9
CH-BJ-01-3,ST-BJ-01,BJ,2026-03-20,4,4,0,0,4
CH-BJ-02-1,ST-BJ-02,BJ,2026-03-20,11,11,0,0,11
CH-BJ-02-2,ST-BJ-02,BJ,2026-03-20,11,10,1,1,11
CH-BJ-02-3,ST-BJ-02,BJ,2026-03-20,4,4,0,0,4
CH-BJ-03-1,ST-BJ-03,BJ,2026-03-20,7,7,0,0,7
CH-BJ-03-2,ST-BJ-03,BJ,2026-03-20,2,2,0,0,2
CH-BJ-03-3,ST-BJ-03,BJ,2026-03-20,1,1,0,0,1
CH-BJ-04-1,ST-BJ-04,BJ,2026-03-20,11,11,0,0,10
CH-BJ-04-2,ST-BJ-04,BJ,2026-03-20,17,17,0,0,16
CH-BJ-04-3,ST-BJ-04,BJ,2026-03-20,4,4,0,0,4
CH-BJ-05-1,ST-BJ-05,BJ,2026-03-20,9,7,2,1,9
CH-BJ-05-2,ST-BJ-05,BJ,2026-03-20,7,6,1,1,7
CH-BJ-05-3,ST-BJ-05,BJ,2026-03-20,4,4,0,0,4
CH-DL-01-1,ST-DL-01,DL,2026-03-20,10,10,0,0,10
CH-DL-01-2,ST-DL-01,DL,2026-03-20,10,10,0,0,10
CH-DL-01-3,ST-DL-01,DL,2026-03-20,3,3,0,0,3
CH-DL-02-1,ST-DL-02,DL,2026-03-20,10,9,1,1,10
CH-DL-02-2,ST-DL-02,DL,2026-03-20,12,10,2,1,12
CH-DL-02-3,ST-DL-02,DL,2026-03-20,4,4,0,0,4
CH-DL-03-1,ST-DL-03,DL,2026-03-20,10,10,0,0,10
CH-DL-03-2,ST-DL-03,DL,2026-03-20,2,2,0,0,2
CH-DL-03-3,ST-DL-03,DL,2026-03-20,4,3,1,1,4
CH-DL-04-1,ST-DL-04,DL,2026-03-20,16,16,0,0,15
CH-DL-04-2,ST-DL-04,DL,2026-03-20,17,17,0,0,17
CH-DL-04-3,ST-DL-04,DL,2026-03-20,6,5,1,1,6
CH-DL-05-1,ST-DL-05,DL,2026-03-20,4,3,1,1,4
CH-DL-05-2,ST-DL-05,DL,2026-03-20,5,5,0,0,5
CH-DL-05-3,ST-DL-05,DL,2026-03-20,4,4,0,0,4
CH-SH-01-1,ST-SH-01,SH,2026-03-20,10,8,2,1,10
CH-SH-01-2,ST-SH-01,SH,2026-03-20,8,8,0,0,8
CH-SH-01-3,ST-SH-01,SH,2026-03-20,4,4,0,0,4
CH-SH-02-1,ST-SH-02,SH,2026-03-20,11,11,0,0,11
CH-SH-02-2,ST-SH-02,SH,2026-03-20,14,14,0,0,14
CH-SH-02-3,ST-SH-02,SH,2026-03-20,6,5,1,1,6
CH-SH-03-1,ST-SH-03,SH,2026-03-20,10,10,0,0,10
CH-SH-03-2,ST-SH-03,SH,2026-03-20,3,3,0,0,3
CH-SH-03-3,ST-SH-03,SH,2026-03-20,3,3,0,0,3
CH-SH-04-1,ST-SH-04,SH,2026-03-20,16,15,1,1,16
CH-SH-04-2,ST-SH-04,SH,2026-03-20,13,13,0,0,13
CH-SH-04-3,ST-SH-04,SH,2026-03-20,4,4,0,0,4
CH-SH-05-1,ST-SH-05,SH,2026-03-20,8,8,0,0,8
CH-SH-05-2,ST-SH-05,SH,2026-03-20,7,6,1,1,7
CH-SH-05-3,ST-SH-05,SH,2026-03-20,3,3,0,0,3
CH-SY-01-1,ST-SY-01,SY,2026-03-20,10,7,3,1,10
CH-SY-01-2,ST-SY-01,SY,2026-03-20,11,10,1,1,11
CH-SY-01-3,ST-SY-01,SY,2026-03-20,3,3,0,0,3
CH-SY-02-1,ST-SY-02,SY,2026-03-20,10,10,0,0,10
CH-SY-02-2,ST-SY-02,SY,2026-03-20,15,14,1,1,15
CH-SY-02-3,ST-SY-02,SY,2026-03-20,4,4,0,0,4
CH-SY-03-1,ST-SY-03,SY,2026-03-20,6,6,0,0,6
CH-SY-03-2,ST-SY-03,SY,2026-03-20,3,3,0,0,3
CH-SY-03-3,ST-SY-03,SY,2026-03-20,4,4,0,0,4
CH-SY-04-1,ST-SY-04,SY,2026-03-20,18,17,1,1,17
CH-SY-04-2,ST-SY-04,SY,2026-03-20,17,17,0,0,16
CH-SY-04-3,ST-SY-04,SY,2026-03-20,6,6,0,0,6
CH-SY-05-1,ST-SY-05,SY,2026-03-20,4,4,0,0,4
CH-SY-05-2,ST-SY-05,SY,2026-03-20,7,7,0,0,7
CH-SY-05-3,ST-SY-05,SY,2026-03-20,3,3,0,0,3
CH-SZ-01-1,ST-SZ-01,SZ,2026-03-20,12,11,1,1,12
CH-SZ-01-2,ST-SZ-01,SZ,2026-03-20,15,14,1,1,15
CH-SZ-01-3,ST-SZ-01,SZ,2026-03-20,2,2,0,0,2
CH-SZ-02-1,ST-SZ-02,SZ,2026-03-20,9,8,1,1,8
CH-SZ-02-2,ST-SZ-02,SZ,2026-03-20,17,17,0,0,17
CH-SZ-02-3,ST-SZ-02,SZ,2026-03-20,3,3,0,0,3
CH-SZ-03-1,ST-SZ-03,SZ,2026-03-20,5,5,0,0,5
CH-SZ-03-2,ST-SZ-03,SZ,2026-03-20,3,3,0,0,3
CH-SZ-03-3,ST-SZ-03,SZ,2026-03-20,2,2,0,0,2
CH-SZ-04-1,ST-SZ-04,SZ,2026-03-20,21,19,2,1,20
CH-SZ-04-2,ST-SZ-04,SZ,2026-03-20,24,24,0,0,23
CH-SZ-04-3,ST-SZ-04,SZ,2026-03-20,4,4,0,0,4
CH-SZ-05-1,ST-SZ-05,SZ,2026-03-20,7,6,1,1,7
CH-SZ-05-2,ST-SZ-05,SZ,2026-03-20,4,4,0,0,4
CH-SZ-05-3,ST-SZ-05,SZ,2026-03-20,4,4,0,0,4
CH-BJ-01-1,ST-BJ-01,BJ,2026-03-21,2,2,0,0,2
CH-BJ-01-2,ST-BJ-01,BJ,2026-03-21,2,2,0,0,2
CH-BJ-01-3,ST-BJ-01,BJ,2026-03-21,3,3,0,0,3
CH-BJ-02-1,ST-BJ-02,BJ,2026-03-21,11,11,0,0,11
CH-BJ-02-2,ST-BJ-02,BJ,2026-03-21,11,11,0,0,11
CH-BJ-02-3,ST-BJ-02,BJ,2026-03-21,5,5,0,0,5
CH-BJ-03-1,ST-BJ-03,BJ,2026-03-21,6,6,0,0,6
CH-BJ-03-2,ST-BJ-03,BJ,2026-03-21,4,4,0,0,4
CH-BJ-03-3,ST-BJ-03,BJ,2026-03-21,3,2,1,1,3
CH-BJ-04-1,ST-BJ-04,BJ,2026-03-21,17,16,1,1,17
CH-BJ-04-2,ST-BJ-04,BJ,2026-03-21,19,19,0,0,19
CH-BJ-04-3,ST-BJ-04,BJ,2026-03-21,5,5,0,0,5
CH-BJ-05-1,ST-BJ-05,BJ,2026-03-21,5,5,0,0,5
CH-BJ-05-2,ST-BJ-05,BJ,2026-03-21,5,5,0,0,5
CH-BJ-05-3,ST-BJ-05,BJ,2026-03-21,4,4,0,0,4
CH-DL-01-1,ST-DL-01,DL,2026-03-21,8,8,0,0,8
CH-DL-01-2,ST-DL-01,DL,2026-03-21,6,6,0,0,6
CH-DL-01-3,ST-DL-01,DL,2026-03-21,4,4,0,0,4
CH-DL-02-1,ST-DL-02,DL,2026-03-21,10,8,2,1,10
CH-DL-02-2,ST-DL-02,DL,2026-03-21,9,9,0,0,9
CH-DL-02-3,ST-DL-02,DL,2026-03-21,4,4,0,0,4
CH-DL-03-1,ST-DL-03,DL,2026-03-21,7,7,0,0,7
CH-DL-03-2,ST-DL-03,DL,2026-03-21,4,4,0,0,4
CH-DL-03-3,ST-DL-03,DL,2026-03-21,3,3,0,0,3
CH-DL-04-1,ST-DL-04,DL,2026-03-21,15,13,2,1,13
CH-DL-04-2,ST-DL-04,DL,2026-03-21,19,19,0,0,19
CH-DL-04-3,ST-DL-04,DL,2026-03-21,5,5,0,0,5
CH-DL-05-1,ST-DL-05,DL,2026-03-21,5,4,1,1,5
CH-DL-05-2,ST-DL-05,DL,2026-03-21,7,7,0,0,7
CH-DL-05-3,ST-DL-05,DL,2026-03-21,2,2,0,0,2
CH-SH-01-1,ST-SH-01,SH,2026-03-21,4,4,0,0,4
CH-SH-01-2,ST-SH-01,SH,2026-03-21,4,4,0,0,4
CH-SH-01-3,ST-SH-01,SH,2026-03-21,3,3,0,0,3
CH-SH-02-1,ST-SH-02,SH,2026-03-21,14,13,1,1,14
CH-SH-02-2,ST-SH-02,SH,2026-03-21,12,12,0,0,12
CH-SH-02-3,ST-SH-02,SH,2026-03-21,3,3,0,0,3
CH-SH-03-1,ST-SH-03,SH,2026-03-21,11,11,0,0,11
CH-SH-03-2,ST-SH-03,SH,2026-03-21,2,2,0,0,2
CH-SH-03-3,ST-SH-03,SH,2026-03-21,2,2,0,0,2
CH-SH-04-1,ST-SH-04,SH,2026-03-21,13,13,0,0,13
CH-SH-04-2,ST-SH-04,SH,2026-03-21,19,18,1,1,19
CH-SH-04-3,ST-SH-04,SH,2026-03-21,6,4,2,1,6
CH-SH-05-1,ST-SH-05,SH,2026-03-21,6,5,1,1,6
CH-SH-05-2,ST-SH-05,SH,2026-03-21,4,4,0,0,4
CH-SH-05-3,ST-SH-05,SH,2026-03-21,4,4,0,0,4
CH-SY-01-1,ST-SY-01,SY,2026-03-21,3,2,1,1,3
CH-SY-01-2,ST-SY-01,SY,2026-03-21,5,5,0,0,5
CH-SY-01-3,ST-SY-01,SY,2026-03-21,3,3,0,0,3
CH-SY-02-1,ST-SY-02,SY,2026-03-21,9,9,0,0,9
CH-SY-02-2,ST-SY-02,SY,2026-03-21,18,18,0,0,18
CH-SY-02-3,ST-SY-02,SY,2026-03-21,4,4,0,0,4
CH-SY-03-1,ST-SY-03,SY,2026-03-21,10,9,1,1,10
CH-SY-03-2,ST-SY-03,SY,2026-03-21,3,3,0,0,3
CH-SY-03-3,ST-SY-03,SY,2026-03-21,3,3,0,0,3
CH-SY-04-1,ST-SY-04,SY,2026-03-21,17,16,1,1,17
CH-SY-04-2,ST-SY-04,SY,2026-03-21,23,23,0,0,22
CH-SY-04-3,ST-SY-04,SY,2026-03-21,4,4,0,0,4
CH-SY-05-1,ST-SY-05,SY,2026-03-21,4,3,1,1,4
CH-SY-05-2,ST-SY-05,SY,2026-03-21,8,8,0,0,8
CH-SY-05-3,ST-SY-05,SY,2026-03-21,3,3,0,0,3
CH-SZ-01-1,ST-SZ-01,SZ,2026-03-21,3,3,0,0,3
CH-SZ-01-2,ST-SZ-01,SZ,2026-03-21,5,5,0,0,5
CH-SZ-01-3,ST-SZ-01,SZ,2026-03-21,2,2,0,0,2
CH-SZ-02-1,ST-SZ-02,SZ,2026-03-21,9,9,0,0,9
CH-SZ-02-2,ST-SZ-02,SZ,2026-03-21,11,11,0,0,11
CH-SZ-02-3,ST-SZ-02,SZ,2026-03-21,5,5,0,0,5
CH-SZ-03-1,ST-SZ-03,SZ,2026-03-21,9,9,0,0,9
CH-SZ-03-2,ST-SZ-03,SZ,2026-03-21,3,3,0,0,3
CH-SZ-03-3,ST-SZ-03,SZ,2026-03-21,3,3,0,0,3
CH-SZ-04-1,ST-SZ-04,SZ,2026-03-21,11,10,1,1,11
CH-SZ-04-2,ST-SZ-04,SZ,2026-03-21,19,18,1,1,18
CH-SZ-04-3,ST-SZ-04,SZ,2026-03-21,6,6,0,0,6
CH-SZ-05-1,ST-SZ-05,SZ,2026-03-21,3,2,1,1,3
CH-SZ-05-2,ST-SZ-05,SZ,2026-03-21,4,4,0,0,4
CH-SZ-05-3,ST-SZ-05,SZ,2026-03-21,2,2,0,0,2
CH-BJ-01-1,ST-BJ-01,BJ,2026-03-22,5,5,0,0,5
CH-BJ-01-2,ST-BJ-01,BJ,2026-03-22,3,3,0,0,3
CH-BJ-01-3,ST-BJ-01,BJ,2026-03-22,3,3,0,0,3
CH-BJ-02-1,ST-BJ-02,BJ,2026-03-22,8,8,0,0,8
CH-BJ-02-2,ST-BJ-02,BJ,2026-03-22,13,12,1,1,13
CH-BJ-02-3,ST-BJ-02,BJ,2026-03-22,6,6,0,0,6
CH-BJ-03-1,ST-BJ-03,BJ,2026-03-22,7,6,1,1,7
CH-BJ-03-2,ST-BJ-03,BJ,2026-03-22,2,2,0,0,2
CH-BJ-03-3,ST-BJ-03,BJ,2026-03-22,2,2,0,0,2
CH-BJ-04-1,ST-BJ-04,BJ,2026-03-22,20,18,2,1,20
CH-BJ-04-2,ST-BJ-04,BJ,2026-03-22,19,19,0,0,19
CH-BJ-04-3,ST-BJ-04,BJ,2026-03-22,4,4,0,0,4
CH-BJ-05-1,ST-BJ-05,BJ,2026-03-22,5,4,1,1,5
CH-BJ-05-2,ST-BJ-05,BJ,2026-03-22,3,3,0,0,3
CH-BJ-05-3,ST-BJ-05,BJ,2026-03-22,5,5,0,0,5
CH-DL-01-1,ST-DL-01,DL,2026-03-22,5,4,1,1,5
CH-DL-01-2,ST-DL-01,DL,2026-03-22,8,7,1,1,8
CH-DL-01-3,ST-DL-01,DL,2026-03-22,3,3,0,0,3
CH-DL-02-1,ST-DL-02,DL,2026-03-22,9,9,0,0,9
CH-DL-02-2,ST-DL-02,DL,2026-03-22,8,8,0,0,8
CH-DL-02-3,ST-DL-02,DL,2026-03-22,3,3,0,0,3
CH-DL-03-1,ST-DL-03,DL,2026-03-22,10,9,1,1,10
CH-DL-03-2,ST-DL-03,DL,2026-03-22,5,5,0,0,5
CH-DL-03-3,ST-DL-03,DL,2026-03-22,2,2,0,0,2
CH-DL-04-1,ST-DL-04,DL,2026-03-22,13,12,1,1,13
CH-DL-04-2,ST-DL-04,DL,2026-03-22,20,20,0,0,20
CH-DL-04-3,ST-DL-04,DL,2026-03-22,4,4,0,0,4
CH-DL-05-1,ST-DL-05,DL,2026-03-22,6,6,0,0,6
CH-DL-05-2,ST-DL-05,DL,2026-03-22,10,10,0,0,10
CH-DL-05-3,ST-DL-05,DL,2026-03-22,3,3,0,0,3
CH-SH-01-1,ST-SH-01,SH,2026-03-22,3,2,1,1,3
CH-SH-01-2,ST-SH-01,SH,2026-03-22,1,1,0,0,1
CH-SH-01-3,ST-SH-01,SH,2026-03-22,3,3,0,0,3
CH-SH-02-1,ST-SH-02,SH,2026-03-22,11,11,0,0,11
CH-SH-02-2,ST-SH-02,SH,2026-03-22,11,11,0,0,11
CH-SH-02-3,ST-SH-02,SH,2026-03-22,4,4,0,0,4
CH-SH-03-1,ST-SH-03,SH,2026-03-22,7,7,0,0,7
CH-SH-03-2,ST-SH-03,SH,2026-03-22,2,2,0,0,2
CH-SH-03-3,ST-SH-03,SH,2026-03-22,2,2,0,0,2
CH-SH-04-1,ST-SH-04,SH,2026-03-22,16,15,1,1,16
CH-SH-04-2,ST-SH-04,SH,2026-03-22,18,18,0,0,18
CH-SH-04-3,ST-SH-04,SH,2026-03-22,6,6,0,0,6
CH-SH-05-1,ST-SH-05,SH,2026-03-22,4,4,0,0,4
CH-SH-05-2,ST-SH-05,SH,2026-03-22,7,7,0,0,7
CH-SH-05-3,ST-SH-05,SH,2026-03-22,4,4,0,0,4
CH-SY-01-1,ST-SY-01,SY,2026-03-22,4,4,0,0,4
CH-SY-01-2,ST-SY-01,SY,2026-03-22,3,3,0,0,3
CH-SY-01-3,ST-SY-01,SY,2026-03-22,2,2,0,0,2
CH-SY-02-1,ST-SY-02,SY,2026-03-22,11,11,0,0,11
CH-SY-02-2,ST-SY-02,SY,2026-03-22,13,13,0,0,13
CH-SY-02-3,ST-SY-02,SY,2026-03-22,6,6,0,0,6
CH-SY-03-1,ST-SY-03,SY,2026-03-22,6,6,0,0,6
CH-SY-03-2,ST-SY-03,SY,2026-03-22,4,3,1,1,4
CH-SY-03-3,ST-SY-03,SY,2026-03-22,2,2,0,0,2
CH-SY-04-1,ST-SY-04,SY,2026-03-22,15,15,0,0,15
CH-SY-04-2,ST-SY-04,SY,2026-03-22,17,17,0,0,17
CH-SY-04-3,ST-SY-04,SY,2026-03-22,4,3,1,1,4
CH-SY-05-1,ST-SY-05,SY,2026-03-22,2,2,0,0,2
CH-SY-05-2,ST-SY-05,SY,2026-03-22,4,4,0,0,4
CH-SY-05-3,ST-SY-05,SY,2026-03-22,4,4,0,0,4
CH-SZ-01-1,ST-SZ-01,SZ,2026-03-22,4,4,0,0,4
CH-SZ-01-2,ST-SZ-01,SZ,2026-03-22,3,3,0,0,3
CH-SZ-01-3,ST-SZ-01,SZ,2026-03-22,3,3,0,0,3
CH-SZ-02-1,ST-SZ-02,SZ,2026-03-22,10,10,0,0,10
CH-SZ-02-2,ST-SZ-02,SZ,2026-03-22,12,11,1,1,12
CH-SZ-02-3,ST-SZ-02,SZ,2026-03-22,4,4,0,0,4
CH-SZ-03-1,ST-SZ-03,SZ,2026-03-22,7,7,0,0,7
CH-SZ-03-2,ST-SZ-03,SZ,2026-03-22,2,2,0,0,2
CH-SZ-03-3,ST-SZ-03,SZ,2026-03-22,2,2,0,0,2
CH-SZ-04-1,ST-SZ-04,SZ,2026-03-22,13,12,1,1,13
CH-SZ-04-2,ST-SZ-04,SZ,2026-03-22,17,17,0,0,17
CH-SZ-04-3,ST-SZ-04,SZ,2026-03-22,5,5,0,0,5
CH-SZ-05-1,ST-SZ-05,SZ,2026-03-22,8,8,0,0,8
CH-SZ-05-2,ST-SZ-05,SZ,2026-03-22,6,6,0,0,6
CH-SZ-05-3,ST-SZ-05,SZ,2026-03-22,3,3,0,0,3
CH-BJ-01-1,ST-BJ-01,BJ,2026-03-23,7,7,0,0,7
CH-BJ-01-2,ST-BJ-01,BJ,2026-03-23,7,6,1,1,7
CH-BJ-01-3,ST-BJ-01,BJ,2026-03-23,3,3,0,0,3
CH-BJ-02-1,ST-BJ-02,BJ,2026-03-23,10,10,0,0,10
CH-BJ-02-2,ST-BJ-02,BJ,2026-03-23,16,16,0,0,16
CH-BJ-02-3,ST-BJ-02,BJ,2026-03-23,4,4,0,0,4
CH-BJ-03-1,ST-BJ-03,BJ,2026-03-23,9,9,0,0,9
CH-BJ-03-2,ST-BJ-03,BJ,2026-03-23,2,2,0,0,2
CH-BJ-03-3,ST-BJ-03,BJ,2026-03-23,2,2,0,0,2
CH-BJ-04-1,ST-BJ-04,BJ,2026-03-23,15,14,1,1,15
CH-BJ-04-2,ST-BJ-04,BJ,2026-03-23,19,19,0,0,18
CH-BJ-04-3,ST-BJ-04,BJ,2026-03-23,4,4,0,0,4
CH-BJ-05-1,ST-BJ-05,BJ,2026-03-23,9,8,1,1,9
CH-BJ-05-2,ST-BJ-05,BJ,2026-03-23,9,8,1,1,9
CH-BJ-05-3,ST-BJ-05,BJ,2026-03-23,3,3,0,0,3
CH-DL-01-1,ST-DL-01,DL,2026-03-23,8,8,0,0,8
CH-DL-01-2,ST-DL-01,DL,2026-03-23,9,9,0,0,9
CH-DL-01-3,ST-DL-01,DL,2026-03-23,4,4,0,0,4
CH-DL-02-1,ST-DL-02,DL,2026-03-23,10,10,0,0,10
CH-DL-02-2,ST-DL-02,DL,2026-03-23,14,12,2,1,14
CH-DL-02-3,ST-DL-02,DL,2026-03-23,3,3,0,0,3
CH-DL-03-1,ST-DL-03,DL,2026-03-23,10,10,0,0,10
CH-DL-03-2,ST-DL-03,DL,2026-03-23,5,5,0,0,5
CH-DL-03-3,ST-DL-03,DL,2026-03-23,3,3,0,0,3
CH-DL-04-1,ST-DL-04,DL,2026-03-23,12,12,0,0,11
CH-DL-04-2,ST-DL-04,DL,2026-03-23,22,22,0,0,20
CH-DL-04-3,ST-DL-04,DL,2026-03-23,7,7,0,0,7
CH-DL-05-1,ST-DL-05,DL,2026-03-23,11,10,1,1,11
CH-DL-05-2,ST-DL-05,DL,2026-03-23,10,10,0,0,10
CH-DL-05-3,ST-DL-05,DL,2026-03-23,4,4,0,0,4
CH-SH-01-1,ST-SH-01,SH,2026-03-23,10,10,0,0,10
CH-SH-01-2,ST-SH-01,SH,2026-03-23,10,9,1,1,10
CH-SH-01-3,ST-SH-01,SH,2026-03-23,3,3,0,0,3
CH-SH-02-1,ST-SH-02,SH,2026-03-23,9,9,0,0,9
CH-SH-02-2,ST-SH-02,SH,2026-03-23,14,13,1,1,14
CH-SH-02-3,ST-SH-02,SH,2026-03-23,3,3,0,0,3
CH-SH-03-1,ST-SH-03,SH,2026-03-23,8,7,1,1,8
CH-SH-03-2,ST-SH-03,SH,2026-03-23,2,2,0,0,2
CH-SH-03-3,ST-SH-03,SH,2026-03-23,3,3,0,0,3
CH-SH-04-1,ST-SH-04,SH,2026-03-23,13,13,0,0,13
CH-SH-04-2,ST-SH-04,SH,2026-03-23,17,17,0,0,16
CH-SH-04-3,ST-SH-04,SH,2026-03-23,3,3,0,0,3
CH-SH-05-1,ST-SH-05,SH,2026-03-23,6,5,1,1,6
CH-SH-05-2,ST-SH-05,SH,2026-03-23,7,7,0,0,7
CH-SH-05-3,ST-SH-05,SH,2026-03-23,3,3,0,0,3
CH-SY-01-1,ST-SY-01,SY,2026-03-23,10,10,0,0,10
CH-SY-01-2,ST-SY-01,SY,2026-03-23,12,11,1,1,12
CH-SY-01-3,ST-SY-01,SY,2026-03-23,6,6,0,0,6
CH-SY-02-1,ST-SY-02,SY,2026-03-23,11,10,1,1,11
CH-SY-02-2,ST-SY-02,SY,2026-03-23,14,14,0,0,14
CH-SY-02-3,ST-SY-02,SY,2026-03-23,3,3,0,0,3
CH-SY-03-1,ST-SY-03,SY,2026-03-23,8,8,0,0,8
CH-SY-03-2,ST-SY-03,SY,2026-03-23,2,2,0,0,2
CH-SY-03-3,ST-SY-03,SY,2026-03-23,2,2,0,0,2
CH-SY-04-1,ST-SY-04,SY,2026-03-23,14,14,0,0,13
CH-SY-04-2,ST-SY-04,SY,2026-03-23,17,16,1,1,17
CH-SY-04-3,ST-SY-04,SY,2026-03-23,5,5,0,0,5
CH-SY-05-1,ST-SY-05,SY,2026-03-23,6,6,0,0,6
CH-SY-05-2,ST-SY-05,SY,2026-03-23,10,10,0,0,10
CH-SY-05-3,ST-SY-05,SY,2026-03-23,3,3,0,0,3
CH-SZ-01-1,ST-SZ-01,SZ,2026-03-23,10,10,0,0,10
CH-SZ-01-2,ST-SZ-01,SZ,2026-03-23,15,14,1,1,15
CH-SZ-01-3,ST-SZ-01,SZ,2026-03-23,6,6,0,0,6
CH-SZ-02-1,ST-SZ-02,SZ,2026-03-23,10,8,2,1,10
CH-SZ-02-2,ST-SZ-02,SZ,2026-03-23,8,8,0,0,8
CH-SZ-02-3,ST-SZ-02,SZ,2026-03-23,5,5,0,0,5
CH-SZ-03-1,ST-SZ-03,SZ,2026-03-23,11,11,0,0,11
CH-SZ-03-2,ST-SZ-03,SZ,2026-03-23,2,2,0,0,2
CH-SZ-03-3,ST-SZ-03,SZ,2026-03-23,3,3,0,0,3
CH-SZ-04-1,ST-SZ-04,SZ,2026-03-23,17,17,0,0,16
CH-SZ-04-2,ST-SZ-04,SZ,2026-03-23,19,19,0,0,18
CH-SZ-04-3,ST-SZ-04,SZ,2026-03-23,6,6,0,0,6
CH-SZ-05-1,ST-SZ-05,SZ,2026-03-23,11,8,3,1,11
CH-SZ-05-2,ST-SZ-05,SZ,2026-03-23,7,7,0,0,7
CH-SZ-05-3,ST-SZ-05,SZ,2026-03-23,5,5,0,0,5
CH-BJ-01-1,ST-BJ-01,BJ,2026-03-24,8,7,1,1,8
CH-BJ-01-2,ST-BJ-01,BJ,2026-03-24,12,12,0,0,12
CH-BJ-01-3,ST-BJ-01,BJ,2026-03-24,4,4,0,0,4
CH-BJ-02-1,ST-BJ-02,BJ,2026-03-24,9,9,0,0,9
CH-BJ-02-2,ST-BJ-02,BJ,2026-03-24,14,14,0,0,14
CH-BJ-02-3,ST-BJ-02,BJ,2026-03-24,5,5,0,0,5
CH-BJ-03-1,ST-BJ-03,BJ,2026-03-24,7,6,1,1,7
CH-BJ-03-2,ST-BJ-03,BJ,2026-03-24,3,3,0,0,3
CH-BJ-03-3,ST-BJ-03,BJ,2026-03-24,2,2,0,0,2
CH-BJ-04-1,ST-BJ-04,BJ,2026-03-24,17,17,0,0,17
CH-BJ-04-2,ST-BJ-04,BJ,2026-03-24,18,17,1,1,18
CH-BJ-04-3,ST-BJ-04,BJ,2026-03-24,6,6,0,0,6
CH-BJ-05-1,ST-BJ-05,BJ,2026-03-24,7,7,0,0,7
CH-BJ-05-2,ST-BJ-05,BJ,2026-03-24,9,9,0,0,9
CH-BJ-05-3,ST-BJ-05,BJ,2026-03-24,4,4,0,0,4
CH-DL-01-1,ST-DL-01,DL,2026-03-24,12,11,1,1,12
CH-DL-01-2,ST-DL-01,DL,2026-03-24,12,11,1,1,12
CH-DL-01-3,ST-DL-01,DL,2026-03-24,5,5,0,0,5
CH-DL-02-1,ST-DL-02,DL,2026-03-24,12,12,0,0,12
CH-DL-02-2,ST-DL-02,DL,2026-03-24,12,12,0,0,12
CH-DL-02-3,ST-DL-02,DL,2026-03-24,6,6,0,0,6
CH-DL-03-1,ST-DL-03,DL,2026-03-24,9,8,1,1,9
CH-DL-03-2,ST-DL-03,DL,2026-03-24,5,4,1,1,5
CH-DL-03-3,ST-DL-03,DL,2026-03-24,3,3,0,0,3
CH-DL-04-1,ST-DL-04,DL,2026-03-24,14,13,1,1,14
CH-DL-04-2,ST-DL-04,DL,2026-03-24,15,15,0,0,15
CH-DL-04-3,ST-DL-04,DL,2026-03-24,5,4,1,1,5
CH-DL-05-1,ST-DL-05,DL,2026-03-24,5,5,0,0,5
CH-DL-05-2,ST-DL-05,DL,2026-03-24,6,6,0,0,6
CH-DL-05-3,ST-DL-05,DL,2026-03-24,3,3,0,0,3
CH-SH-01-1,ST-SH-01,SH,2026-03-24,9,8,1,1,9
CH-SH-01-2,ST-SH-01,SH,2026-03-24,10,10,0,0,10
CH-SH-01-3,ST-SH-01,SH,2026-03-24,3,3,0,0,3
CH-SH-02-1,ST-SH-02,SH,2026-03-24,10,10,0,0,10
CH-SH-02-2,ST-SH-02,SH,2026-03-24,7,6,1,1,7
CH-SH-02-3,ST-SH-02,SH,2026-03-24,3,3,0,0,3
CH-SH-03-1,ST-SH-03,SH,2026-03-24,11,11,0,0,11
CH-SH-03-2,ST-SH-03,SH,2026-03-24,1,1,0,0,1
CH-SH-03-3,ST-SH-03,SH,2026-03-24,1,1,0,0,1
CH-SH-04-1,ST-SH-04,SH,2026-03-24,16,16,0,0,16
CH-SH-04-2,ST-SH-04,SH,2026-03-24,17,17,0,0,17
CH-SH-04-3,ST-SH-04,SH,2026-03-24,4,4,0,0,4
CH-SH-05-1,ST-SH-05,SH,2026-03-24,7,7,0,0,7
CH-SH-05-2,ST-SH-05,SH,2026-03-24,6,5,1,1,6
CH-SH-05-3,ST-SH-05,SH,2026-03-24,3,3,0,0,3
CH-SY-01-1,ST-SY-01,SY,2026-03-24,6,6,0,0,6
CH-SY-01-2,ST-SY-01,SY,2026-03-24,7,7,0,0,7
CH-SY-01-3,ST-SY-01,SY,2026-03-24,3,3,0,0,3
CH-SY-02-1,ST-SY-02,SY,2026-03-24,11,11,0,0,11
CH-SY-02-2,ST-SY-02,SY,2026-03-24,12,12,0,0,12
CH-SY-02-3,ST-SY-02,SY,2026-03-24,6,6,0,0,6
CH-SY-03-1,ST-SY-03,SY,2026-03-24,7,6,1,1,7
CH-SY-03-2,ST-SY-03,SY,2026-03-24,3,3,0,0,3
CH-SY-03-3,ST-SY-03,SY,2026-03-24,3,2,1,1,3
CH-SY-04-1,ST-SY-04,SY,2026-03-24,13,13,0,0,13
CH-SY-04-2,ST-SY-04,SY,2026-03-24,17,17,0,0,16
CH-SY-04-3,ST-SY-04,SY,2026-03-24,4,4,0,0,4
CH-SY-05-1,ST-SY-05,SY,2026-03-24,7,7,0,0,7
CH-SY-05-2,ST-SY-05,SY,2026-03-24,8,8,0,0,8
CH-SY-05-3,ST-SY-05,SY,2026-03-24,4,4,0,0,4
CH-SZ-01-1,ST-SZ-01,SZ,2026-03-24,10,9,1,1,10
CH-SZ-01-2,ST-SZ-01,SZ,2026-03-24,11,11,0,0,11
CH-SZ-01-3,ST-SZ-01,SZ,2026-03-24,2,2,0,0,2
CH-SZ-02-1,ST-SZ-02,SZ,2026-03-24,9,8,1,1,9
CH-SZ-02-2,ST-SZ-02,SZ,2026-03-24,13,13,0,0,13
CH-SZ-02-3,ST-SZ-02,SZ,2026-03-24,4,4,0,0,4
CH-SZ-03-1,ST-SZ-03,SZ,2026-03-24,5,4,1,1,5
CH-SZ-03-2,ST-SZ-03,SZ,2026-03-24,3,3,0,0,3
CH-SZ-03-3,ST-SZ-03,SZ,2026-03-24,3,3,0,0,3
CH-SZ-04-1,ST-SZ-04,SZ,2026-03-24,14,13,1,1,13
CH-SZ-04-2,ST-SZ-04,SZ,2026-03-24,21,20,1,1,21
CH-SZ-04-3,ST-SZ-04,SZ,2026-03-24,3,3,0,0,3
CH-SZ-05-1,ST-SZ-05,SZ,2026-03-24,6,6,0,0,6
CH-SZ-05-2,ST-SZ-05,SZ,2026-03-24,11,10,1,1,11
CH-SZ-05-3,ST-SZ-05,SZ,2026-03-24,4,4,0,0,4
CH-BJ-01-1,ST-BJ-01,BJ,2026-03-25,9,7,2,1,9
CH-BJ-01-2,ST-BJ-01,BJ,2026-03-25,16,16,0,0,16
CH-BJ-01-3,ST-BJ-01,BJ,2026-03-25,4,4,0,0,4
CH-BJ-02-1,ST-BJ-02,BJ,2026-03-25,14,14,0,0,14
CH-BJ-02-2,ST-BJ-02,BJ,2026-03-25,16,16,0,0,16
CH-BJ-02-3,ST-BJ-02,BJ,2026-03-25,6,6,0,0,6
CH-BJ-03-1,ST-BJ-03,BJ,2026-03-25,9,8,1,1,9
CH-BJ-03-2,ST-BJ-03,BJ,2026-03-25,2,2,0,0,2
CH-BJ-03-3,ST-BJ-03,BJ,2026-03-25,3,3,0,0,3
CH-BJ-04-1,ST-BJ-04,BJ,2026-03-25,19,19,0,0,19
CH-BJ-04-2,ST-BJ-04,BJ,2026-03-25,21,20,1,1,21
CH-BJ-04-3,ST-BJ-04,BJ,2026-03-25,5,4,1,1,5
CH-BJ-05-1,ST-BJ-05,BJ,2026-03-25,4,4,0,0,4
CH-BJ-05-2,ST-BJ-05,BJ,2026-03-25,10,10,0,0,10
CH-BJ-05-3,ST-BJ-05,BJ,2026-03-25,3,3,0,0,3
CH-DL-01-1,ST-DL-01,DL,2026-03-25,7,6,1,1,7
CH-DL-01-2,ST-DL-01,DL,2026-03-25,9,9,0,0,8
CH-DL-01-3,ST-DL-01,DL,2026-03-25,4,4,0,0,4
CH-DL-02-1,ST-DL-02,DL,2026-03-25,7,7,0,0,7
CH-DL-02-2,ST-DL-02,DL,2026-03-25,19,17,2,1,19
CH-DL-02-3,ST-DL-02,DL,2026-03-25,3,3,0,0,3
CH-DL-03-1,ST-DL-03,DL,2026-03-25,5,5,0,0,5
CH-DL-03-2,ST-DL-03,DL,2026-03-25,3,3,0,0,3
CH-DL-03-3,ST-DL-03,DL,2026-03-25,1,1,0,0,1
CH-DL-04-1,ST-DL-04,DL,2026-03-25,19,18,1,1,18
CH-DL-04-2,ST-DL-04,DL,2026-03-25,21,20,1,1,21
CH-DL-04-3,ST-DL-04,DL,2026-03-25,4,4,0,0,4
CH-DL-05-1,ST-DL-05,DL,2026-03-25,7,6,1,1,7
CH-DL-05-2,ST-DL-05,DL,2026-03-25,3,3,0,0,3
CH-DL-05-3,ST-DL-05,DL,2026-03-25,4,4,0,0,4
CH-SH-01-1,ST-SH-01,SH,2026-03-25,11,9,2,1,11
CH-SH-01-2,ST-SH-01,SH,2026-03-25,9,9,0,0,9
CH-SH-01-3,ST-SH-01,SH,2026-03-25,5,5,0,0,5
CH-SH-02-1,ST-SH-02,SH,2026-03-25,10,10,0,0,10
CH-SH-02-2,ST-SH-02,SH,2026-03-25,14,13,1,1,14
CH-SH-02-3,ST-SH-02,SH,2026-03-25,3,3,0,0,3
CH-SH-03-1,ST-SH-03,SH,2026-03-25,8,8,0,0,8
CH-SH-03-2,ST-SH-03,SH,2026-03-25,1,1,0,0,1
CH-SH-03-3,ST-SH-03,SH,2026-03-25,3,3,0,0,3
CH-SH-04-1,ST-SH-04,SH,2026-03-25,13,12,1,1,13
CH-SH-04-2,ST-SH-04,SH,2026-03-25,17,16,1,1,16
CH-SH-04-3,ST-SH-04,SH,2026-03-25,2,2,0,0,2
CH-SH-05-1,ST-SH-05,SH,2026-03-25,9,9,0,0,9
CH-SH-05-2,ST-SH-05,SH,2026-03-25,13,13,0,0,13
CH-SH-05-3,ST-SH-05,SH,2026-03-25,4,4,0,0,4
CH-SY-01-1,ST-SY-01,SY,2026-03-25,11,10,1,1,11
CH-SY-01-2,ST-SY-01,SY,2026-03-25,9,9,0,0,9
CH-SY-01-3,ST-SY-01,SY,2026-03-25,5,5,0,0,5
CH-SY-02-1,ST-SY-02,SY,2026-03-25,6,6,0,0,6
CH-SY-02-2,ST-SY-02,SY,2026-03-25,8,8,0,0,8
CH-SY-02-3,ST-SY-02,SY,2026-03-25,3,3,0,0,3
CH-SY-03-1,ST-SY-03,SY,2026-03-25,9,9,0,0,9
CH-SY-03-2,ST-SY-03,SY,2026-03-25,4,4,0,0,4
CH-SY-03-3,ST-SY-03,SY,2026-03-25,2,2,0,0,2
CH-SY-04-1,ST-SY-04,SY,2026-03-25,14,13,1,1,13
CH-SY-04-2,ST-SY-04,SY,2026-03-25,16,15,1,1,16
CH-SY-04-3,ST-SY-04,SY,2026-03-25,4,4,0,0,4
CH-SY-05-1,ST-SY-05,SY,2026-03-25,6,6,0,0,6
CH-SY-05-2,ST-SY-05,SY,2026-03-25,9,9,0,0,9
CH-SY-05-3,ST-SY-05,SY,2026-03-25,7,7,0,0,7
CH-SZ-01-1,ST-SZ-01,SZ,2026-03-25,9,9,0,0,9
CH-SZ-01-2,ST-SZ-01,SZ,2026-03-25,9,9,0,0,9
CH-SZ-01-3,ST-SZ-01,SZ,2026-03-25,2,2,0,0,2
CH-SZ-02-1,ST-SZ-02,SZ,2026-03-25,7,7,0,0,7
CH-SZ-02-2,ST-SZ-02,SZ,2026-03-25,13,12,1,1,13
CH-SZ-02-3,ST-SZ-02,SZ,2026-03-25,4,4,0,0,4
CH-SZ-03-1,ST-SZ-03,SZ,2026-03-25,9,8,1,1,8
CH-SZ-03-2,ST-SZ-03,SZ,2026-03-25,3,3,0,0,3
CH-SZ-03-3,ST-SZ-03,SZ,2026-03-25,3,3,0,0,3
CH-SZ-04-1,ST-SZ-04,SZ,2026-03-25,15,15,0,0,15
CH-SZ-04-2,ST-SZ-04,SZ,2026-03-25,13,13,0,0,13
CH-SZ-04-3,ST-SZ-04,SZ,2026-03-25,5,5,0,0,5
CH-SZ-05-1,ST-SZ-05,SZ,2026-03-25,7,7,0,0,7
CH-SZ-05-2,ST-SZ-05,SZ,2026-03-25,12,12,0,0,12
CH-SZ-05-3,ST-SZ-05,SZ,2026-03-25,2,2,0,0,2
CH-BJ-01-1,ST-BJ-01,BJ,2026-03-26,10,10,0,0,10
CH-BJ-01-2,ST-BJ-01,BJ,2026-03-26,8,8,0,0,8
CH-BJ-01-3,ST-BJ-01,BJ,2026-03-26,4,4,0,0,4
CH-BJ-02-1,ST-BJ-02,BJ,2026-03-26,13,13,0,0,13
CH-BJ-02-2,ST-BJ-02,BJ,2026-03-26,14,14,0,0,14
CH-BJ-02-3,ST-BJ-02,BJ,2026-03-26,6,5,1,1,6
CH-BJ-03-1,ST-BJ-03,BJ,2026-03-26,8,8,0,0,8
CH-BJ-03-2,ST-BJ-03,BJ,2026-03-26,2,2,0,0,2
CH-BJ-03-3,ST-BJ-03,BJ,2026-03-26,2,2,0,0,2
CH-BJ-04-1,ST-BJ-04,BJ,2026-03-26,16,15,1,1,16
CH-BJ-04-2,ST-BJ-04,BJ,2026-03-26,27,27,0,0,25
CH-BJ-04-3,ST-BJ-04,BJ,2026-03-26,4,4,0,0,4
CH-BJ-05-1,ST-BJ-05,BJ,2026-03-26,10,9,1,1,10
CH-BJ-05-2,ST-BJ-05,BJ,2026-03-26,14,14,0,0,14
CH-BJ-05-3,ST-BJ-05,BJ,2026-03-26,2,2,0,0,2
CH-DL-01-1,ST-DL-01,DL,2026-03-26,9,9,0,0,9
CH-DL-01-2,ST-DL-01,DL,2026-03-26,10,10,0,0,10
CH-DL-01-3,ST-DL-01,DL,2026-03-26,2,2,0,0,2
CH-DL-02-1,ST-DL-02,DL,2026-03-26,10,9,1,1,10
CH-DL-02-2,ST-DL-02,DL,2026-03-26,10,10,0,0,10
CH-DL-02-3,ST-DL-02,DL,2026-03-26,4,4,0,0,4
CH-DL-03-1,ST-DL-03,DL,2026-03-26,10,10,0,0,10
CH-DL-03-2,ST-DL-03,DL,2026-03-26,2,2,0,0,2
CH-DL-03-3,ST-DL-03,DL,2026-03-26,3,3,0,0,3
CH-DL-04-1,ST-DL-04,DL,2026-03-26,18,17,1,1,18
CH-DL-04-2,ST-DL-04,DL,2026-03-26,20,18,2,1,20
CH-DL-04-3,ST-DL-04,DL,2026-03-26,4,4,0,0,4
CH-DL-05-1,ST-DL-05,DL,2026-03-26,8,7,1,1,8
CH-DL-05-2,ST-DL-05,DL,2026-03-26,9,9,0,0,9
CH-DL-05-3,ST-DL-05,DL,2026-03-26,3,3,0,0,3
CH-SH-01-1,ST-SH-01,SH,2026-03-26,7,7,0,0,7
CH-SH-01-2,ST-SH-01,SH,2026-03-26,10,9,1,1,10
CH-SH-01-3,ST-SH-01,SH,2026-03-26,4,4,0,0,4
CH-SH-02-1,ST-SH-02,SH,2026-03-26,11,11,0,0,11
CH-SH-02-2,ST-SH-02,SH,2026-03-26,14,13,1,1,14
CH-SH-02-3,ST-SH-02,SH,2026-03-26,5,4,1,1,5
CH-SH-03-1,ST-SH-03,SH,2026-03-26,5,5,0,0,5
CH-SH-03-2,ST-SH-03,SH,2026-03-26,2,2,0,0,2
CH-SH-03-3,ST-SH-03,SH,2026-03-26,2,2,0,0,2
CH-SH-04-1,ST-SH-04,SH,2026-03-26,14,13,1,1,14
CH-SH-04-2,ST-SH-04,SH,2026-03-26,16,16,0,0,16
CH-SH-04-3,ST-SH-04,SH,2026-03-26,3,3,0,0,3
CH-SH-05-1,ST-SH-05,SH,2026-03-26,9,9,0,0,9
CH-SH-05-2,ST-SH-05,SH,2026-03-26,9,8,1,1,9
CH-SH-05-3,ST-SH-05,SH,2026-03-26,4,4,0,0,4
CH-SY-01-1,ST-SY-01,SY,2026-03-26,11,11,0,0,11
CH-SY-01-2,ST-SY-01,SY,2026-03-26,12,12,0,0,12
CH-SY-01-3,ST-SY-01,SY,2026-03-26,4,4,0,0,4
CH-SY-02-1,ST-SY-02,SY,2026-03-26,12,11,1,1,12
CH-SY-02-2,ST-SY-02,SY,2026-03-26,18,18,0,0,18
CH-SY-02-3,ST-SY-02,SY,2026-03-26,3,3,0,0,3
CH-SY-03-1,ST-SY-03,SY,2026-03-26,9,9,0,0,9
CH-SY-03-2,ST-SY-03,SY,2026-03-26,3,3,0,0,3
CH-SY-03-3,ST-SY-03,SY,2026-03-26,4,3,1,1,4
CH-SY-04-1,ST-SY-04,SY,2026-03-26,17,16,1,1,16
CH-SY-04-2,ST-SY-04,SY,2026-03-26,25,25,0,0,22
CH-SY-04-3,ST-SY-04,SY,2026-03-26,5,5,0,0,5
CH-SY-05-1,ST-SY-05,SY,2026-03-26,4,3,1,1,4
CH-SY-05-2,ST-SY-05,SY,2026-03-26,7,7,0,0,7
CH-SY-05-3,ST-SY-05,SY,2026-03-26,4,4,0,0,4
CH-SZ-01-1,ST-SZ-01,SZ,2026-03-26,9,9,0,0,9
CH-SZ-01-2,ST-SZ-01,SZ,2026-03-26,8,8,0,0,8
CH-SZ-01-3,ST-SZ-01,SZ,2026-03-26,2,2,0,0,2
CH-SZ-02-1,ST-SZ-02,SZ,2026-03-26,9,9,0,0,9
CH-SZ-02-2,ST-SZ-02,SZ,2026-03-26,12,12,0,0,12
CH-SZ-02-3,ST-SZ-02,SZ,2026-03-26,4,4,0,0,4
CH-SZ-03-1,ST-SZ-03,SZ,2026-03-26,4,4,0,0,4
CH-SZ-03-2,ST-SZ-03,SZ,2026-03-26,3,2,1,1,3
CH-SZ-03-3,ST-SZ-03,SZ,2026-03-26,2,2,0,0,2
CH-SZ-04-1,ST-SZ-04,SZ,2026-03-26,12,11,1,1,12
CH-SZ-04-2,ST-SZ-04,SZ,2026-03-26,13,13,0,0,13
CH-SZ-04-3,ST-SZ-04,SZ,2026-03-26,3,3,0,0,3
CH-SZ-05-1,ST-SZ-05,SZ,2026-03-26,11,9,2,1,11
CH-SZ-05-2,ST-SZ-05,SZ,2026-03-26,10,10,0,0,10
CH-SZ-05-3,ST-SZ-05,SZ,2026-03-26,3,3,0,0,3
CH-BJ-01-1,ST-BJ-01,BJ,2026-03-27,10,10,0,0,10
CH-BJ-01-2,ST-BJ-01,BJ,2026-03-27,10,10,0,0,10
CH-BJ-01-3,ST-BJ-01,BJ,2026-03-27,3,3,0,0,3
CH-BJ-02-1,ST-BJ-02,BJ,2026-03-27,11,11,0,0,11
CH-BJ-02-2,ST-BJ-02,BJ,2026-03-27,13,13,0,0,13
CH-BJ-02-3,ST-BJ-02,BJ,2026-03-27,3,3,0,0,3
CH-BJ-03-1,ST-BJ-03,BJ,2026-03-27,8,8,0,0,8
CH-BJ-03-2,ST-BJ-03,BJ,2026-03-27,2,2,0,0,2
CH-BJ-03-3,ST-BJ-03,BJ,2026-03-27,2,2,0,0,2
CH-BJ-04-1,ST-BJ-04,BJ,2026-03-27,16,15,1,1,16
CH-BJ-04-2,ST-BJ-04,BJ,2026-03-27,19,18,1,1,19
CH-BJ-04-3,ST-BJ-04,BJ,2026-03-27,5,5,0,0,5
CH-BJ-05-1,ST-BJ-05,BJ,2026-03-27,11,9,2,1,11
CH-BJ-05-2,ST-BJ-05,BJ,2026-03-27,6,5,1,1,6
CH-BJ-05-3,ST-BJ-05,BJ,2026-03-27,2,2,0,0,2
CH-DL-01-1,ST-DL-01,DL,2026-03-27,11,10,1,1,11
CH-DL-01-2,ST-DL-01,DL,2026-03-27,12,12,0,0,12
CH-DL-01-3,ST-DL-01,DL,2026-03-27,3,3,0,0,3
CH-DL-02-1,ST-DL-02,DL,2026-03-27,13,13,0,0,13
CH-DL-02-2,ST-DL-02,DL,2026-03-27,13,11,2,1,13
CH-DL-02-3,ST-DL-02,DL,2026-03-27,7,7,0,0,7
CH-DL-03-1,ST-DL-03,DL,2026-03-27,9,7,2,1,9
CH-DL-03-2,ST-DL-03,DL,2026-03-27,3,3,0,0,3
CH-DL-03-3,ST-DL-03,DL,2026-03-27,3,3,0,0,3
CH-DL-04-1,ST-DL-04,DL,2026-03-27,18,17,1,1,18
CH-DL-04-2,ST-DL-04,DL,2026-03-27,19,18,1,1,16
CH-DL-04-3,ST-DL-04,DL,2026-03-27,4,4,0,0,4
CH-DL-05-1,ST-DL-05,DL,2026-03-27,5,5,0,0,5
CH-DL-05-2,ST-DL-05,DL,2026-03-27,8,8,0,0,8
CH-DL-05-3,ST-DL-05,DL,2026-03-27,2,2,0,0,2
CH-SH-01-1,ST-SH-01,SH,2026-03-27,9,9,0,0,9
CH-SH-01-2,ST-SH-01,SH,2026-03-27,9,9,0,0,9
CH-SH-01-3,ST-SH-01,SH,2026-03-27,3,3,0,0,3
CH-SH-02-1,ST-SH-02,SH,2026-03-27,10,9,1,1,10
CH-SH-02-2,ST-SH-02,SH,2026-03-27,11,11,0,0,11
CH-SH-02-3,ST-SH-02,SH,2026-03-27,4,3,1,1,4
CH-SH-03-1,ST-SH-03,SH,2026-03-27,7,6,1,1,7
CH-SH-03-2,ST-SH-03,SH,2026-03-27,4,4,0,0,4
CH-SH-03-3,ST-SH-03,SH,2026-03-27,2,2,0,0,2
CH-SH-04-1,ST-SH-04,SH,2026-03-27,10,9,1,1,10
CH-SH-04-2,ST-SH-04,SH,2026-03-27,16,16,0,0,16
CH-SH-04-3,ST-SH-04,SH,2026-03-27,4,4,0,0,4
CH-SH-05-1,ST-SH-05,SH,2026-03-27,7,5,2,1,7
CH-SH-05-2,ST-SH-05,SH,2026-03-27,9,8,1,1,9
CH-SH-05-3,ST-SH-05,SH,2026-03-27,4,4,0,0,4
CH-SY-01-1,ST-SY-01,SY,2026-03-27,6,6,0,0,6
CH-SY-01-2,ST-SY-01,SY,2026-03-27,9,9,0,0,9
CH-SY-01-3,ST-SY-01,SY,2026-03-27,2,2,0,0,2
CH-SY-02-1,ST-SY-02,SY,2026-03-27,12,12,0,0,12
CH-SY-02-2,ST-SY-02,SY,2026-03-27,15,15,0,0,15
CH-SY-02-3,ST-SY-02,SY,2026-03-27,4,4,0,0,4
CH-SY-03-1,ST-SY-03,SY,2026-03-27,12,11,1,1,12
CH-SY-03-2,ST-SY-03,SY,2026-03-27,1,1,0,0,1
CH-SY-03-3,ST-SY-03,SY,2026-03-27,3,3,0,0,3
CH-SY-04-1,ST-SY-04,SY,2026-03-27,15,14,1,1,15
CH-SY-04-2,ST-SY-04,SY,2026-03-27,20,20,0,0,20
CH-SY-04-3,ST-SY-04,SY,2026-03-27,5,5,0,0,5
CH-SY-05-1,ST-SY-05,SY,2026-03-27,9,7,2,1,9
CH-SY-05-2,ST-SY-05,SY,2026-03-27,7,7,0,0,7
CH-SY-05-3,ST-SY-05,SY,2026-03-27,6,6,0,0,6
CH-SZ-01-1,ST-SZ-01,SZ,2026-03-27,9,9,0,0,9
CH-SZ-01-2,ST-SZ-01,SZ,2026-03-27,9,9,0,0,9
CH-SZ-01-3,ST-SZ-01,SZ,2026-03-27,4,4,0,0,4
CH-SZ-02-1,ST-SZ-02,SZ,2026-03-27,10,9,1,1,10
CH-SZ-02-2,ST-SZ-02,SZ,2026-03-27,9,9,0,0,9
CH-SZ-02-3,ST-SZ-02,SZ,2026-03-27,3,3,0,0,3
CH-SZ-03-1,ST-SZ-03,SZ,2026-03-27,7,6,1,1,7
CH-SZ-03-2,ST-SZ-03,SZ,2026-03-27,2,2,0,0,2
CH-SZ-03-3,ST-SZ-03,SZ,2026-03-27,2,2,0,0,2
CH-SZ-04-1,ST-SZ-04,SZ,2026-03-27,12,11,1,1,11
CH-SZ-04-2,ST-SZ-04,SZ,2026-03-27,17,16,1,1,17
CH-SZ-04-3,ST-SZ-04,SZ,2026-03-27,6,6,0,0,6
CH-SZ-05-1,ST-SZ-05,SZ,2026-03-27,10,9,1,1,10
CH-SZ-05-2,ST-SZ-05,SZ,2026-03-27,10,10,0,0,10
CH-SZ-05-3,ST-SZ-05,SZ,2026-03-27,4,4,0,0,4
CH-BJ-01-1,ST-BJ-01,BJ,2026-03-28,5,4,1,1,5
CH-BJ-01-2,ST-BJ-01,BJ,2026-03-28,7,7,0,0,7
CH-BJ-01-3,ST-BJ-01,BJ,2026-03-28,2,2,0,0,2
CH-BJ-02-1,ST-BJ-02,BJ,2026-03-28,8,8,0,0,8
CH-BJ-02-2,ST-BJ-02,BJ,2026-03-28,14,12,2,1,14
CH-BJ-02-3,ST-BJ-02,BJ,2026-03-28,4,4,0,0,4
CH-BJ-03-1,ST-BJ-03,BJ,2026-03-28,12,12,0,0,12
CH-BJ-03-2,ST-BJ-03,BJ,2026-03-28,2,2,0,0,2
CH-BJ-03-3,ST-BJ-03,BJ,2026-03-28,2,2,0,0,2
CH-BJ-04-1,ST-BJ-04,BJ,2026-03-28,15,14,1,1,14
CH-BJ-04-2,ST-BJ-04,BJ,2026-03-28,21,21,0,0,21
CH-BJ-04-3,ST-BJ-04,BJ,2026-03-28,5,5,0,0,5
CH-BJ-05-1,ST-BJ-05,BJ,2026-03-28,6,6,0,0,6
CH-BJ-05-2,ST-BJ-05,BJ,2026-03-28,6,6,0,0,6
CH-BJ-05-3,ST-BJ-05,BJ,2026-03-28,3,3,0,0,3
CH-DL-01-1,ST-DL-01,DL,2026-03-28,7,6,1,1,7
CH-DL-01-2,ST-DL-01,DL,2026-03-28,3,3,0,0,3
CH-DL-01-3,ST-DL-01,DL,2026-03-28,4,4,0,0,4
CH-DL-02-1,ST-DL-02,DL,2026-03-28,11,11,0,0,11
CH-DL-02-2,ST-DL-02,DL,2026-03-28,16,16,0,0,16
CH-DL-02-3,ST-DL-02,DL,2026-03-28,5,5,0,0,5
CH-DL-03-1,ST-DL-03,DL,2026-03-28,2,2,0,0,2
CH-DL-03-2,ST-DL-03,DL,2026-03-28,2,2,0,0,2
CH-DL-03-3,ST-DL-03,DL,2026-03-28,1,1,0,0,1
CH-DL-04-1,ST-DL-04,DL,2026-03-28,11,10,1,1,11
CH-DL-04-2,ST-DL-04,DL,2026-03-28,17,16,1,1,16
CH-DL-04-3,ST-DL-04,DL,2026-03-28,6,6,0,0,6
CH-DL-05-1,ST-DL-05,DL,2026-03-28,2,2,0,0,2
CH-DL-05-2,ST-DL-05,DL,2026-03-28,10,10,0,0,10
CH-DL-05-3,ST-DL-05,DL,2026-03-28,5,5,0,0,5
CH-SH-01-1,ST-SH-01,SH,2026-03-28,6,5,1,1,6
CH-SH-01-2,ST-SH-01,SH,2026-03-28,6,6,0,0,6
CH-SH-01-3,ST-SH-01,SH,2026-03-28,2,2,0,0,2
CH-SH-02-1,ST-SH-02,SH,2026-03-28,11,11,0,0,11
CH-SH-02-2,ST-SH-02,SH,2026-03-28,17,17,0,0,17
CH-SH-02-3,ST-SH-02,SH,2026-03-28,3,3,0,0,3
CH-SH-03-1,ST-SH-03,SH,2026-03-28,8,7,1,1,8
CH-SH-03-2,ST-SH-03,SH,2026-03-28,4,4,0,0,4
CH-SH-03-3,ST-SH-03,SH,2026-03-28,2,2,0,0,2
CH-SH-04-1,ST-SH-04,SH,2026-03-28,15,14,1,1,15
CH-SH-04-2,ST-SH-04,SH,2026-03-28,19,19,0,0,17
CH-SH-04-3,ST-SH-04,SH,2026-03-28,5,5,0,0,5
CH-SH-05-1,ST-SH-05,SH,2026-03-28,0,0,0,0,0
CH-SH-05-2,ST-SH-05,SH,2026-03-28,5,5,0,0,5
CH-SH-05-3,ST-SH-05,SH,2026-03-28,3,3,0,0,3
CH-SY-01-1,ST-SY-01,SY,2026-03-28,2,1,1,1,2
CH-SY-01-2,ST-SY-01,SY,2026-03-28,5,5,0,0,5
CH-SY-01-3,ST-SY-01,SY,2026-03-28,4,4,0,0,4
CH-SY-02-1,ST-SY-02,SY,2026-03-28,9,9,0,0,9
CH-SY-02-2,ST-SY-02,SY,2026-03-28,16,15,1,1,16
CH-SY-02-3,ST-SY-02,SY,2026-03-28,5,5,0,0,5
CH-SY-03-1,ST-SY-03,SY,2026-03-28,6,6,0,0,6
CH-SY-03-2,ST-SY-03,SY,2026-03-28,3,3,0,0,3
CH-SY-03-3,ST-SY-03,SY,2026-03-28,2,2,0,0,2
CH-SY-04-1,ST-SY-04,SY,2026-03-28,15,14,1,1,15
CH-SY-04-2,ST-SY-04,SY,2026-03-28,20,19,1,1,18
CH-SY-04-3,ST-SY-04,SY,2026-03-28,6,6,0,0,6
CH-SY-05-1,ST-SY-05,SY,2026-03-28,5,4,1,1,5
CH-SY-05-2,ST-SY-05,SY,2026-03-28,5,5,0,0,5
CH-SY-05-3,ST-SY-05,SY,2026-03-28,2,2,0,0,2
CH-SZ-01-1,ST-SZ-01,SZ,2026-03-28,3,3,0,0,3
CH-SZ-01-2,ST-SZ-01,SZ,2026-03-28,5,5,0,0,5
CH-SZ-01-3,ST-SZ-01,SZ,2026-03-28,4,4,0,0,4
CH-SZ-02-1,ST-SZ-02,SZ,2026-03-28,12,12,0,0,12
CH-SZ-02-2,ST-SZ-02,SZ,2026-03-28,10,10,0,0,10
CH-SZ-02-3,ST-SZ-02,SZ,2026-03-28,3,3,0,0,3
CH-SZ-03-1,ST-SZ-03,SZ,2026-03-28,3,3,0,0,3
CH-SZ-03-2,ST-SZ-03,SZ,2026-03-28,2,2,0,0,2
CH-SZ-03-3,ST-SZ-03,SZ,2026-03-28,1,1,0,0,1
CH-SZ-04-1,ST-SZ-04,SZ,2026-03-28,12,12,0,0,12
CH-SZ-04-2,ST-SZ-04,SZ,2026-03-28,22,21,1,1,21
CH-SZ-04-3,ST-SZ-04,SZ,2026-03-28,5,5,0,0,5
CH-SZ-05-1,ST-SZ-05,SZ,2026-03-28,5,5,0,0,5
CH-SZ-05-2,ST-SZ-05,SZ,2026-03-28,11,10,1,1,11
CH-SZ-05-3,ST-SZ-05,SZ,2026-03-28,3,3,0,0,3
CH-BJ-01-1,ST-BJ-01,BJ,2026-03-29,4,3,1,1,4
CH-BJ-01-2,ST-BJ-01,BJ,2026-03-29,4,4,0,0,4
CH-BJ-01-3,ST-BJ-01,BJ,2026-03-29,1,1,0,0,1
CH-BJ-02-1,ST-BJ-02,BJ,2026-03-29,13,11,2,1,13
CH-BJ-02-2,ST-BJ-02,BJ,2026-03-29,15,14,1,1,15
CH-BJ-02-3,ST-BJ-02,BJ,2026-03-29,5,5,0,0,5
CH-BJ-03-1,ST-BJ-03,BJ,2026-03-29,6,5,1,1,6
CH-BJ-03-2,ST-BJ-03,BJ,2026-03-29,2,2,0,0,2
CH-BJ-03-3,ST-BJ-03,BJ,2026-03-29,1,1,0,0,1
CH-BJ-04-1,ST-BJ-04,BJ,2026-03-29,18,14,4,1,18
CH-BJ-04-2,ST-BJ-04,BJ,2026-03-29,25,25,0,0,24
CH-BJ-04-3,ST-BJ-04,BJ,2026-03-29,5,4,1,1,5
CH-BJ-05-1,ST-BJ-05,BJ,2026-03-29,7,6,1,1,7
CH-BJ-05-2,ST-BJ-05,BJ,2026-03-29,5,5,0,0,5
CH-BJ-05-3,ST-BJ-05,BJ,2026-03-29,3,3,0,0,3
CH-DL-01-1,ST-DL-01,DL,2026-03-29,4,4,0,0,4
CH-DL-01-2,ST-DL-01,DL,2026-03-29,6,6,0,0,6
CH-DL-01-3,ST-DL-01,DL,2026-03-29,3,3,0,0,3
CH-DL-02-1,ST-DL-02,DL,2026-03-29,10,9,1,1,10
CH-DL-02-2,ST-DL-02,DL,2026-03-29,10,10,0,0,10
CH-DL-02-3,ST-DL-02,DL,2026-03-29,6,5,1,1,6
CH-DL-03-1,ST-DL-03,DL,2026-03-29,3,3,0,0,3
CH-DL-03-2,ST-DL-03,DL,2026-03-29,2,2,0,0,2
CH-DL-03-3,ST-DL-03,DL,2026-03-29,2,2,0,0,2
CH-DL-04-1,ST-DL-04,DL,2026-03-29,15,14,1,1,14
CH-DL-04-2,ST-DL-04,DL,2026-03-29,14,14,0,0,14
CH-DL-04-3,ST-DL-04,DL,2026-03-29,6,6,0,0,6
CH-DL-05-1,ST-DL-05,DL,2026-03-29,7,7,0,0,7
CH-DL-05-2,ST-DL-05,DL,2026-03-29,7,7,0,0,7
CH-DL-05-3,ST-DL-05,DL,2026-03-29,5,5,0,0,5
CH-SH-01-1,ST-SH-01,SH,2026-03-29,7,7,0,0,7
CH-SH-01-2,ST-SH-01,SH,2026-03-29,5,5,0,0,5
CH-SH-01-3,ST-SH-01,SH,2026-03-29,4,4,0,0,4
CH-SH-02-1,ST-SH-02,SH,2026-03-29,13,13,0,0,13
CH-SH-02-2,ST-SH-02,SH,2026-03-29,14,13,1,1,14
CH-SH-02-3,ST-SH-02,SH,2026-03-29,4,4,0,0,4
CH-SH-03-1,ST-SH-03,SH,2026-03-29,7,6,1,1,7
CH-SH-03-2,ST-SH-03,SH,2026-03-29,2,2,0,0,2
CH-SH-03-3,ST-SH-03,SH,2026-03-29,3,3,0,0,3
CH-SH-04-1,ST-SH-04,SH,2026-03-29,13,12,1,1,13
CH-SH-04-2,ST-SH-04,SH,2026-03-29,17,17,0,0,16
CH-SH-04-3,ST-SH-04,SH,2026-03-29,3,3,0,0,3
CH-SH-05-1,ST-SH-05,SH,2026-03-29,3,3,0,0,3
CH-SH-05-2,ST-SH-05,SH,2026-03-29,6,5,1,1,6
CH-SH-05-3,ST-SH-05,SH,2026-03-29,2,2,0,0,2
CH-SY-01-1,ST-SY-01,SY,2026-03-29,3,2,1,1,3
CH-SY-01-2,ST-SY-01,SY,2026-03-29,7,7,0,0,7
CH-SY-01-3,ST-SY-01,SY,2026-03-29,3,3,0,0,3
CH-SY-02-1,ST-SY-02,SY,2026-03-29,11,10,1,1,11
CH-SY-02-2,ST-SY-02,SY,2026-03-29,15,14,1,1,15
CH-SY-02-3,ST-SY-02,SY,2026-03-29,3,3,0,0,3
CH-SY-03-1,ST-SY-03,SY,2026-03-29,7,6,1,1,7
CH-SY-03-2,ST-SY-03,SY,2026-03-29,2,2,0,0,2
CH-SY-03-3,ST-SY-03,SY,2026-03-29,6,4,2,1,6
CH-SY-04-1,ST-SY-04,SY,2026-03-29,12,12,0,0,11
CH-SY-04-2,ST-SY-04,SY,2026-03-29,20,17,3,1,20
CH-SY-04-3,ST-SY-04,SY,2026-03-29,4,4,0,0,4
CH-SY-05-1,ST-SY-05,SY,2026-03-29,5,5,0,0,5
CH-SY-05-2,ST-SY-05,SY,2026-03-29,4,4,0,0,4
CH-SY-05-3,ST-SY-05,SY,2026-03-29,3,3,0,0,3
CH-SZ-01-1,ST-SZ-01,SZ,2026-03-29,3,3,0,0,3
CH-SZ-01-2,ST-SZ-01,SZ,2026-03-29,5,5,0,0,5
CH-SZ-01-3,ST-SZ-01,SZ,2026-03-29,6,6,0,0,6
CH-SZ-02-1,ST-SZ-02,SZ,2026-03-29,8,7,1,1,8
CH-SZ-02-2,ST-SZ-02,SZ,2026-03-29,11,10,1,1,11
CH-SZ-02-3,ST-SZ-02,SZ,2026-03-29,6,6,0,0,6
CH-SZ-03-1,ST-SZ-03,SZ,2026-03-29,2,1,1,1,2
CH-SZ-03-2,ST-SZ-03,SZ,2026-03-29,3,3,0,0,3
CH-SZ-03-3,ST-SZ-03,SZ,2026-03-29,2,2,0,0,2
CH-SZ-04-1,ST-SZ-04,SZ,2026-03-29,12,12,0,0,11
CH-SZ-04-2,ST-SZ-04,SZ,2026-03-29,21,21,0,0,20
CH-SZ-04-3,ST-SZ-04,SZ,2026-03-29,4,4,0,0,4
CH-SZ-05-1,ST-SZ-05,SZ,2026-03-29,4,4,0,0,4
CH-SZ-05-2,ST-SZ-05,SZ,2026-03-29,9,9,0,0,9
CH-SZ-05-3,ST-SZ-05,SZ,2026-03-29,3,3,0,0,3
CH-BJ-01-1,ST-BJ-01,BJ,2026-03-30,10,9,1,1,10
CH-BJ-01-2,ST-BJ-01,BJ,2026-03-30,12,12,0,0,12
CH-BJ-01-3,ST-BJ-01,BJ,2026-03-30,5,5,0,0,5
CH-BJ-02-1,ST-BJ-02,BJ,2026-03-30,16,16,0,0,16
CH-BJ-02-2,ST-BJ-02,BJ,2026-03-30,13,13,0,0,13
CH-BJ-02-3,ST-BJ-02,BJ,2026-03-30,3,3,0,0,3
CH-BJ-03-1,ST-BJ-03,BJ,2026-03-30,11,11,0,0,11
CH-BJ-03-2,ST-BJ-03,BJ,2026-03-30,4,4,0,0,4
CH-BJ-03-3,ST-BJ-03,BJ,2026-03-30,3,3,0,0,3
CH-BJ-04-1,ST-BJ-04,BJ,2026-03-30,18,18,0,0,18
CH-BJ-04-2,ST-BJ-04,BJ,2026-03-30,21,21,0,0,20
CH-BJ-04-3,ST-BJ-04,BJ,2026-03-30,5,5,0,0,5
CH-BJ-05-1,ST-BJ-05,BJ,2026-03-30,8,8,0,0,8
CH-BJ-05-2,ST-BJ-05,BJ,2026-03-30,14,12,2,1,14
CH-BJ-05-3,ST-BJ-05,BJ,2026-03-30,5,4,1,1,5
CH-DL-01-1,ST-DL-01,DL,2026-03-30,9,9,0,0,9
CH-DL-01-2,ST-DL-01,DL,2026-03-30,12,12,0,0,12
CH-DL-01-3,ST-DL-01,DL,2026-03-30,3,3,0,0,3
CH-DL-02-1,ST-DL-02,DL,2026-03-30,8,8,0,0,8
CH-DL-02-2,ST-DL-02,DL,2026-03-30,16,16,0,0,16
CH-DL-02-3,ST-DL-02,DL,2026-03-30,4,4,0,0,4
CH-DL-03-1,ST-DL-03,DL,2026-03-30,5,4,1,1,5
CH-DL-03-2,ST-DL-03,DL,2026-03-30,2,2,0,0,2
CH-DL-03-3,ST-DL-03,DL,2026-03-30,2,2,0,0,2
CH-DL-04-1,ST-DL-04,DL,2026-03-30,13,13,0,0,13
CH-DL-04-2,ST-DL-04,DL,2026-03-30,22,22,0,0,21
CH-DL-04-3,ST-DL-04,DL,2026-03-30,5,5,0,0,5
CH-DL-05-1,ST-DL-05,DL,2026-03-30,8,8,0,0,8
CH-DL-05-2,ST-DL-05,DL,2026-03-30,11,10,1,1,11
CH-DL-05-3,ST-DL-05,DL,2026-03-30,5,5,0,0,5
CH-SH-01-1,ST-SH-01,SH,2026-03-30,8,8,0,0,8
CH-SH-01-2,ST-SH-01,SH,2026-03-30,11,11,0,0,11
CH-SH-01-3,ST-SH-01,SH,2026-03-30,5,5,0,0,5
CH-SH-02-1,ST-SH-02,SH,2026-03-30,16,15,1,1,16
CH-SH-02-2,ST-SH-02,SH,2026-03-30,15,13,2,1,15
CH-SH-02-3,ST-SH-02,SH,2026-03-30,5,5,0,0,5
CH-SH-03-1,ST-SH-03,SH,2026-03-30,2,2,0,0,2
CH-SH-03-2,ST-SH-03,SH,2026-03-30,2,2,0,0,2
CH-SH-03-3,ST-SH-03,SH,2026-03-30,2,2,0,0,2
CH-SH-04-1,ST-SH-04,SH,2026-03-30,13,13,0,0,13
CH-SH-04-2,ST-SH-04,SH,2026-03-30,12,12,0,0,11
CH-SH-04-3,ST-SH-04,SH,2026-03-30,5,5,0,0,5
CH-SH-05-1,ST-SH-05,SH,2026-03-30,5,5,0,0,5
CH-SH-05-2,ST-SH-05,SH,2026-03-30,7,7,0,0,7
CH-SH-05-3,ST-SH-05,SH,2026-03-30,5,5,0,0,5
CH-SY-01-1,ST-SY-01,SY,2026-03-30,9,8,1,1,9
CH-SY-01-2,ST-SY-01,SY,2026-03-30,12,12,0,0,12
CH-SY-01-3,ST-SY-01,SY,2026-03-30,3,3,0,0,3
CH-SY-02-1,ST-SY-02,SY,2026-03-30,10,10,0,0,10
CH-SY-02-2,ST-SY-02,SY,2026-03-30,18,17,1,1,18
CH-SY-02-3,ST-SY-02,SY,2026-03-30,4,4,0,0,4
CH-SY-03-1,ST-SY-03,SY,2026-03-30,5,4,1,1,5
CH-SY-03-2,ST-SY-03,SY,2026-03-30,3,3,0,0,3
CH-SY-03-3,ST-SY-03,SY,2026-03-30,3,3,0,0,3
CH-SY-04-1,ST-SY-04,SY,2026-03-30,12,11,1,1,12
CH-SY-04-2,ST-SY-04,SY,2026-03-30,18,18,0,0,17
CH-SY-04-3,ST-SY-04,SY,2026-03-30,4,4,0,0,4
CH-SY-05-1,ST-SY-05,SY,2026-03-30,5,5,0,0,5
CH-SY-05-2,ST-SY-05,SY,2026-03-30,4,4,0,0,4
CH-SY-05-3,ST-SY-05,SY,2026-03-30,4,4,0,0,4
CH-SZ-01-1,ST-SZ-01,SZ,2026-03-30,10,10,0,0,10
CH-SZ-01-2,ST-SZ-01,SZ,2026-03-30,13,12,1,1,13
CH-SZ-01-3,ST-SZ-01,SZ,2026-03-30,2,2,0,0,2
CH-SZ-02-1,ST-SZ-02,SZ,2026-03-30,7,7,0,0,7
CH-SZ-02-2,ST-SZ-02,SZ,2026-03-30,12,12,0,0,12
CH-SZ-02-3,ST-SZ-02,SZ,2026-03-30,5,5,0,0,5
CH-SZ-03-1,ST-SZ-03,SZ,2026-03-30,5,5,0,0,5
CH-SZ-03-2,ST-SZ-03,SZ,2026-03-30,3,3,0,0,3
CH-SZ-03-3,ST-SZ-03,SZ,2026-03-30,3,3,0,0,3
CH-SZ-04-1,ST-SZ-04,SZ,2026-03-30,16,15,1,1,16
CH-SZ-04-2,ST-SZ-04,SZ,2026-03-30,20,19,1,1,20
CH-SZ-04-3,ST-SZ-04,SZ,2026-03-30,5,5,0,0,5
CH-SZ-05-1,ST-SZ-05,SZ,2026-03-30,10,9,1,1,10
CH-SZ-05-2,ST-SZ-05,SZ,2026-03-30,11,11,0,0,11
CH-SZ-05-3,ST-SZ-05,SZ,2026-03-30,5,5,0,0,5
CH-BJ-01-1,ST-BJ-01,BJ,2026-03-31,9,8,1,1,9
CH-BJ-01-2,ST-BJ-01,BJ,2026-03-31,13,12,1,1,13
CH-BJ-01-3,ST-BJ-01,BJ,2026-03-31,4,4,0,0,4
CH-BJ-02-1,ST-BJ-02,BJ,2026-03-31,8,8,0,0,8
CH-BJ-02-2,ST-BJ-02,BJ,2026-03-31,18,17,1,1,18
CH-BJ-02-3,ST-BJ-02,BJ,2026-03-31,3,3,0,0,3
CH-BJ-03-1,ST-BJ-03,BJ,2026-03-31,7,5,2,1,7
CH-BJ-03-2,ST-BJ-03,BJ,2026-03-31,3,3,0,0,3
CH-BJ-03-3,ST-BJ-03,BJ,2026-03-31,2,2,0,0,2
CH-BJ-04-1,ST-BJ-04,BJ,2026-03-31,18,16,2,1,17
CH-BJ-04-2,ST-BJ-04,BJ,2026-03-31,22,22,0,0,22
CH-BJ-04-3,ST-BJ-04,BJ,2026-03-31,7,7,0,0,7
CH-BJ-05-1,ST-BJ-05,BJ,2026-03-31,8,7,1,1,8
CH-BJ-05-2,ST-BJ-05,BJ,2026-03-31,12,12,0,0,12
CH-BJ-05-3,ST-BJ-05,BJ,2026-03-31,5,5,0,0,5
CH-DL-01-1,ST-DL-01,DL,2026-03-31,14,12,2,1,13
CH-DL-01-2,ST-DL-01,DL,2026-03-31,13,12,1,1,13
CH-DL-01-3,ST-DL-01,DL,2026-03-31,5,5,0,0,5
CH-DL-02-1,ST-DL-02,DL,2026-03-31,11,10,1,1,11
CH-DL-02-2,ST-DL-02,DL,2026-03-31,11,11,0,0,11
CH-DL-02-3,ST-DL-02,DL,2026-03-31,6,6,0,0,6
CH-DL-03-1,ST-DL-03,DL,2026-03-31,8,6,2,1,8
CH-DL-03-2,ST-DL-03,DL,2026-03-31,4,4,0,0,4
CH-DL-03-3,ST-DL-03,DL,2026-03-31,4,4,0,0,4
CH-DL-04-1,ST-DL-04,DL,2026-03-31,16,16,0,0,16
CH-DL-04-2,ST-DL-04,DL,2026-03-31,24,22,2,1,23
CH-DL-04-3,ST-DL-04,DL,2026-03-31,5,5,0,0,5
CH-DL-05-1,ST-DL-05,DL,2026-03-31,13,13,0,0,13
CH-DL-05-2,ST-DL-05,DL,2026-03-31,13,12,1,1,13
CH-DL-05-3,ST-DL-05,DL,2026-03-31,2,2,0,0,2
CH-SH-01-1,ST-SH-01,SH,2026-03-31,8,8,0,0,8
CH-SH-01-2,ST-SH-01,SH,2026-03-31,18,17,1,1,18
CH-SH-01-3,ST-SH-01,SH,2026-03-31,5,5,0,0,5
CH-SH-02-1,ST-SH-02,SH,2026-03-31,11,11,0,0,11
CH-SH-02-2,ST-SH-02,SH,2026-03-31,13,13,0,0,13
CH-SH-02-3,ST-SH-02,SH,2026-03-31,4,4,0,0,4
CH-SH-03-1,ST-SH-03,SH,2026-03-31,11,10,1,1,11
CH-SH-03-2,ST-SH-03,SH,2026-03-31,3,3,0,0,3
CH-SH-03-3,ST-SH-03,SH,2026-03-31,2,2,0,0,2
CH-SH-04-1,ST-SH-04,SH,2026-03-31,12,12,0,0,12
CH-SH-04-2,ST-SH-04,SH,2026-03-31,22,21,1,1,21
CH-SH-04-3,ST-SH-04,SH,2026-03-31,5,5,0,0,5
CH-SH-05-1,ST-SH-05,SH,2026-03-31,7,6,1,1,7
CH-SH-05-2,ST-SH-05,SH,2026-03-31,9,9,0,0,9
CH-SH-05-3,ST-SH-05,SH,2026-03-31,4,4,0,0,4
CH-SY-01-1,ST-SY-01,SY,2026-03-31,10,9,1,1,10
CH-SY-01-2,ST-SY-01,SY,2026-03-31,12,12,0,0,12
CH-SY-01-3,ST-SY-01,SY,2026-03-31,2,2,0,0,2
CH-SY-02-1,ST-SY-02,SY,2026-03-31,14,13,1,1,14
CH-SY-02-2,ST-SY-02,SY,2026-03-31,14,14,0,0,14
CH-SY-02-3,ST-SY-02,SY,2026-03-31,6,6,0,0,6
CH-SY-03-1,ST-SY-03,SY,2026-03-31,4,4,0,0,4
CH-SY-03-2,ST-SY-03,SY,2026-03-31,3,3,0,0,3
CH-SY-03-3,ST-SY-03,SY,2026-03-31,3,3,0,0,3
CH-SY-04-1,ST-SY-04,SY,2026-03-31,15,13,2,1,15
CH-SY-04-2,ST-SY-04,SY,2026-03-31,21,20,1,1,21
CH-SY-04-3,ST-SY-04,SY,2026-03-31,5,5,0,0,5
CH-SY-05-1,ST-SY-05,SY,2026-03-31,6,6,0,0,6
CH-SY-05-2,ST-SY-05,SY,2026-03-31,5,4,1,1,5
CH-SY-05-3,ST-SY-05,SY,2026-03-31,4,4,0,0,4
CH-SZ-01-1,ST-SZ-01,SZ,2026-03-31,6,6,0,0,6
CH-SZ-01-2,ST-SZ-01,SZ,2026-03-31,16,15,1,1,16
CH-SZ-01-3,ST-SZ-01,SZ,2026-03-31,4,4,0,0,4
CH-SZ-02-1,ST-SZ-02,SZ,2026-03-31,9,7,2,1,9
CH-SZ-02-2,ST-SZ-02,SZ,2026-03-31,12,12,0,0,12
CH-SZ-02-3,ST-SZ-02,SZ,2026-03-31,3,3,0,0,3
CH-SZ-03-1,ST-SZ-03,SZ,2026-03-31,8,8,0,0,8
CH-SZ-03-2,ST-SZ-03,SZ,2026-03-31,2,2,0,0,2
CH-SZ-03-3,ST-SZ-03,SZ,2026-03-31,3,3,0,0,3
CH-SZ-04-1,ST-SZ-04,SZ,2026-03-31,13,13,0,0,13
CH-SZ-04-2,ST-SZ-04,SZ,2026-03-31,20,20,0,0,18
CH-SZ-04-3,ST-SZ-04,SZ,2026-03-31,4,4,0,0,4
CH-SZ-05-1,ST-SZ-05,SZ,2026-03-31,8,8,0,0,8
CH-SZ-05-2,ST-SZ-05,SZ,2026-03-31,12,12,0,0,12
CH-SZ-05-3,ST-SZ-05,SZ,2026-03-31,4,4,0,0,4
CH-BJ-01-1,ST-BJ-01,BJ,2026-04-01,8,7,1,1,8
CH-BJ-01-2,ST-BJ-01,BJ,2026-04-01,8,8,0,0,8
CH-BJ-01-3,ST-BJ-01,BJ,2026-04-01,5,5,0,0,5
CH-BJ-02-1,ST-BJ-02,BJ,2026-04-01,12,11,1,1,12
CH-BJ-02-2,ST-BJ-02,BJ,2026-04-01,18,18,0,0,18
CH-BJ-02-3,ST-BJ-02,BJ,2026-04-01,3,3,0,0,3
CH-BJ-03-1,ST-BJ-03,BJ,2026-04-01,5,5,0,0,5
CH-BJ-03-2,ST-BJ-03,BJ,2026-04-01,2,2,0,0,2
CH-BJ-03-3,ST-BJ-03,BJ,2026-04-01,2,2,0,0,2
CH-BJ-04-1,ST-BJ-04,BJ,2026-04-01,17,15,2,1,17
CH-BJ-04-2,ST-BJ-04,BJ,2026-04-01,19,19,0,0,19
CH-BJ-04-3,ST-BJ-04,BJ,2026-04-01,3,3,0,0,3
CH-BJ-05-1,ST-BJ-05,BJ,2026-04-01,12,12,0,0,12
CH-BJ-05-2,ST-BJ-05,BJ,2026-04-01,11,11,0,0,11
CH-BJ-05-3,ST-BJ-05,BJ,2026-04-01,4,4,0,0,4
CH-DL-01-1,ST-DL-01,DL,2026-04-01,10,10,0,0,10
CH-DL-01-2,ST-DL-01,DL,2026-04-01,14,14,0,0,14
CH-DL-01-3,ST-DL-01,DL,2026-04-01,4,4,0,0,4
CH-DL-02-1,ST-DL-02,DL,2026-04-01,11,10,1,1,11
CH-DL-02-2,ST-DL-02,DL,2026-04-01,15,15,0,0,15
CH-DL-02-3,ST-DL-02,DL,2026-04-01,5,5,0,0,5
CH-DL-03-1,ST-DL-03,DL,2026-04-01,11,10,1,1,11
CH-DL-03-2,ST-DL-03,DL,2026-04-01,2,2,0,0,2
CH-DL-03-3,ST-DL-03,DL,2026-04-01,2,2,0,0,2
CH-DL-04-1,ST-DL-04,DL,2026-04-01,16,15,1,1,16
CH-DL-04-2,ST-DL-04,DL,2026-04-01,17,17,0,0,17
CH-DL-04-3,ST-DL-04,DL,2026-04-01,5,5,0,0,5
CH-DL-05-1,ST-DL-05,DL,2026-04-01,7,6,1,1,7
CH-DL-05-2,ST-DL-05,DL,2026-04-01,8,7,1,1,8
CH-DL-05-3,ST-DL-05,DL,2026-04-01,6,6,0,0,6
CH-SH-01-1,ST-SH-01,SH,2026-04-01,11,10,1,1,11
CH-SH-01-2,ST-SH-01,SH,2026-04-01,14,13,1,1,14
CH-SH-01-3,ST-SH-01,SH,2026-04-01,3,3,0,0,3
CH-SH-02-1,ST-SH-02,SH,2026-04-01,7,6,1,1,7
CH-SH-02-2,ST-SH-02,SH,2026-04-01,14,14,0,0,14
CH-SH-02-3,ST-SH-02,SH,2026-04-01,3,3,0,0,3
CH-SH-03-1,ST-SH-03,SH,2026-04-01,8,7,1,1,8
CH-SH-03-2,ST-SH-03,SH,2026-04-01,3,3,0,0,3
CH-SH-03-3,ST-SH-03,SH,2026-04-01,3,3,0,0,3
CH-SH-04-1,ST-SH-04,SH,2026-04-01,16,13,3,1,16
CH-SH-04-2,ST-SH-04,SH,2026-04-01,18,18,0,0,17
CH-SH-04-3,ST-SH-04,SH,2026-04-01,5,5,0,0,5
CH-SH-05-1,ST-SH-05,SH,2026-04-01,8,8,0,0,8
CH-SH-05-2,ST-SH-05,SH,2026-04-01,12,11,1,1,12
CH-SH-05-3,ST-SH-05,SH,2026-04-01,4,4,0,0,4
CH-SY-01-1,ST-SY-01,SY,2026-04-01,9,9,0,0,9
CH-SY-01-2,ST-SY-01,SY,2026-04-01,11,11,0,0,11
CH-SY-01-3,ST-SY-01,SY,2026-04-01,4,4,0,0,4
CH-SY-02-1,ST-SY-02,SY,2026-04-01,10,10,0,0,10
CH-SY-02-2,ST-SY-02,SY,2026-04-01,17,17,0,0,17
CH-SY-02-3,ST-SY-02,SY,2026-04-01,6,6,0,0,6
CH-SY-03-1,ST-SY-03,SY,2026-04-01,3,3,0,0,3
CH-SY-03-2,ST-SY-03,SY,2026-04-01,2,2,0,0,2
CH-SY-03-3,ST-SY-03,SY,2026-04-01,3,3,0,0,3
CH-SY-04-1,ST-SY-04,SY,2026-04-01,15,14,1,1,15
CH-SY-04-2,ST-SY-04,SY,2026-04-01,18,18,0,0,18
CH-SY-04-3,ST-SY-04,SY,2026-04-01,5,5,0,0,5
CH-SY-05-1,ST-SY-05,SY,2026-04-01,6,6,0,0,6
CH-SY-05-2,ST-SY-05,SY,2026-04-01,10,10,0,0,10
CH-SY-05-3,ST-SY-05,SY,2026-04-01,4,4,0,0,4
CH-SZ-01-1,ST-SZ-01,SZ,2026-04-01,6,6,0,0,6
CH-SZ-01-2,ST-SZ-01,SZ,2026-04-01,12,12,0,0,12
CH-SZ-01-3,ST-SZ-01,SZ,2026-04-01,3,3,0,0,3
CH-SZ-02-1,ST-SZ-02,SZ,2026-04-01,7,7,0,0,7
CH-SZ-02-2,ST-SZ-02,SZ,2026-04-01,13,13,0,0,13
CH-SZ-02-3,ST-SZ-02,SZ,2026-04-01,2,2,0,0,2
CH-SZ-03-1,ST-SZ-03,SZ,2026-04-01,4,4,0,0,4
CH-SZ-03-2,ST-SZ-03,SZ,2026-04-01,1,1,0,0,1
CH-SZ-03-3,ST-SZ-03,SZ,2026-04-01,2,2,0,0,2
CH-SZ-04-1,ST-SZ-04,SZ,2026-04-01,11,11,0,0,11
CH-SZ-04-2,ST-SZ-04,SZ,2026-04-01,14,13,1,1,14
CH-SZ-04-3,ST-SZ-04,SZ,2026-04-01,5,5,0,0,5
CH-SZ-05-1,ST-SZ-05,SZ,2026-04-01,7,7,0,0,7
CH-SZ-05-2,ST-SZ-05,SZ,2026-04-01,13,12,1,1,13
CH-SZ-05-3,ST-SZ-05,SZ,2026-04-01,5,5,0,0,5
CH-BJ-01-1,ST-BJ-01,BJ,2026-04-02,10,9,1,1,10
CH-BJ-01-2,ST-BJ-01,BJ,2026-04-02,8,8,0,0,8
CH-BJ-01-3,ST-BJ-01,BJ,2026-04-02,5,5,0,0,5
CH-BJ-02-1,ST-BJ-02,BJ,2026-04-02,7,7,0,0,7
CH-BJ-02-2,ST-BJ-02,BJ,2026-04-02,13,13,0,0,13
CH-BJ-02-3,ST-BJ-02,BJ,2026-04-02,5,5,0,0,5
CH-BJ-03-1,ST-BJ-03,BJ,2026-04-02,6,5,1,1,6
CH-BJ-03-2,ST-BJ-03,BJ,2026-04-02,1,1,0,0,1
CH-BJ-03-3,ST-BJ-03,BJ,2026-04-02,1,1,0,0,1
CH-BJ-04-1,ST-BJ-04,BJ,2026-04-02,14,13,1,1,12
CH-BJ-04-2,ST-BJ-04,BJ,2026-04-02,20,20,0,0,20
CH-BJ-04-3,ST-BJ-04,BJ,2026-04-02,7,7,0,0,7
CH-BJ-05-1,ST-BJ-05,BJ,2026-04-02,7,6,1,1,7
CH-BJ-05-2,ST-BJ-05,BJ,2026-04-02,13,13,0,0,13
CH-BJ-05-3,ST-BJ-05,BJ,2026-04-02,5,5,0,0,5
CH-DL-01-1,ST-DL-01,DL,2026-04-02,9,9,0,0,9
CH-DL-01-2,ST-DL-01,DL,2026-04-02,13,12,1,1,13
CH-DL-01-3,ST-DL-01,DL,2026-04-02,4,4,0,0,4
CH-DL-02-1,ST-DL-02,DL,2026-04-02,10,9,1,1,10
CH-DL-02-2,ST-DL-02,DL,2026-04-02,11,11,0,0,11
CH-DL-02-3,ST-DL-02,DL,2026-04-02,4,4,0,0,4
CH-DL-03-1,ST-DL-03,DL,2026-04-02,10,9,1,1,10
CH-DL-03-2,ST-DL-03,DL,2026-04-02,3,3,0,0,3
CH-DL-03-3,ST-DL-03,DL,2026-04-02,3,3,0,0,3
CH-DL-04-1,ST-DL-04,DL,2026-04-02,15,15,0,0,15
CH-DL-04-2,ST-DL-04,DL,2026-04-02,24,22,2,1,20
CH-DL-04-3,ST-DL-04,DL,2026-04-02,5,5,0,0,5
CH-DL-05-1,ST-DL-05,DL,2026-04-02,9,9,0,0,9
CH-DL-05-2,ST-DL-05,DL,2026-04-02,9,9,0,0,9
CH-DL-05-3,ST-DL-05,DL,2026-04-02,4,4,0,0,4
CH-SH-01-1,ST-SH-01,SH,2026-04-02,10,10,0,0,10
CH-SH-01-2,ST-SH-01,SH,2026-04-02,10,10,0,0,10
CH-SH-01-3,ST-SH-01,SH,2026-04-02,4,4,0,0,4
CH-SH-02-1,ST-SH-02,SH,2026-04-02,10,8,2,1,10
CH-SH-02-2,ST-SH-02,SH,2026-04-02,12,12,0,0,12
CH-SH-02-3,ST-SH-02,SH,2026-04-02,4,4,0,0,4
CH-SH-03-1,ST-SH-03,SH,2026-04-02,9,9,0,0,9
CH-SH-03-2,ST-SH-03,SH,2026-04-02,2,2,0,0,2
CH-SH-03-3,ST-SH-03,SH,2026-04-02,2,2,0,0,2
CH-SH-04-1,ST-SH-04,SH,2026-04-02,16,14,2,1,16
CH-SH-04-2,ST-SH-04,SH,2026-04-02,17,16,1,1,17
CH-SH-04-3,ST-SH-04,SH,2026-04-02,4,4,0,0,4
CH-SH-05-1,ST-SH-05,SH,2026-04-02,5,4,1,1,5
CH-SH-05-2,ST-SH-05,SH,2026-04-02,6,5,1,1,6
CH-SH-05-3,ST-SH-05,SH,2026-04-02,4,4,0,0,4
CH-SY-01-1,ST-SY-01,SY,2026-04-02,8,7,1,1,8
CH-SY-01-2,ST-SY-01,SY,2026-04-02,10,10,0,0,10
CH-SY-01-3,ST-SY-01,SY,2026-04-02,3,3,0,0,3
CH-SY-02-1,ST-SY-02,SY,2026-04-02,14,13,1,1,14
CH-SY-02-2,ST-SY-02,SY,2026-04-02,21,21,0,0,21
CH-SY-02-3,ST-SY-02,SY,2026-04-02,3,3,0,0,3
CH-SY-03-1,ST-SY-03,SY,2026-04-02,7,7,0,0,7
CH-SY-03-2,ST-SY-03,SY,2026-04-02,2,2,0,0,2
CH-SY-03-3,ST-SY-03,SY,2026-04-02,3,3,0,0,3
CH-SY-04-1,ST-SY-04,SY,2026-04-02,16,16,0,0,16
CH-SY-04-2,ST-SY-04,SY,2026-04-02,21,21,0,0,21
CH-SY-04-3,ST-SY-04,SY,2026-04-02,6,6,0,0,6
CH-SY-05-1,ST-SY-05,SY,2026-04-02,10,10,0,0,10
CH-SY-05-2,ST-SY-05,SY,2026-04-02,8,8,0,0,8
CH-SY-05-3,ST-SY-05,SY,2026-04-02,4,4,0,0,4
CH-SZ-01-1,ST-SZ-01,SZ,2026-04-02,11,8,3,1,11
CH-SZ-01-2,ST-SZ-01,SZ,2026-04-02,8,8,0,0,8
CH-SZ-01-3,ST-SZ-01,SZ,2026-04-02,4,4,0,0,4
CH-SZ-02-1,ST-SZ-02,SZ,2026-04-02,8,8,0,0,8
CH-SZ-02-2,ST-SZ-02,SZ,2026-04-02,9,9,0,0,9
CH-SZ-02-3,ST-SZ-02,SZ,2026-04-02,2,2,0,0,2
CH-SZ-03-1,ST-SZ-03,SZ,2026-04-02,7,7,0,0,7
CH-SZ-03-2,ST-SZ-03,SZ,2026-04-02,3,3,0,0,3
CH-SZ-03-3,ST-SZ-03,SZ,2026-04-02,2,2,0,0,2
CH-SZ-04-1,ST-SZ-04,SZ,2026-04-02,12,12,0,0,12
CH-SZ-04-2,ST-SZ-04,SZ,2026-04-02,17,17,0,0,17
CH-SZ-04-3,ST-SZ-04,SZ,2026-04-02,3,3,0,0,3
CH-SZ-05-1,ST-SZ-05,SZ,2026-04-02,5,5,0,0,5
CH-SZ-05-2,ST-SZ-05,SZ,2026-04-02,9,9,0,0,9
CH-SZ-05-3,ST-SZ-05,SZ,2026-04-02,2,2,0,0,2
CH-BJ-01-1,ST-BJ-01,BJ,2026-04-03,9,9,0,0,9
CH-BJ-01-2,ST-BJ-01,BJ,2026-04-03,10,10,0,0,10
CH-BJ-01-3,ST-BJ-01,BJ,2026-04-03,7,7,0,0,7
CH-BJ-02-1,ST-BJ-02,BJ,2026-04-03,9,8,1,1,9
CH-BJ-02-2,ST-BJ-02,BJ,2026-04-03,18,18,0,0,18
CH-BJ-02-3,ST-BJ-02,BJ,2026-04-03,4,4,0,0,4
CH-BJ-03-1,ST-BJ-03,BJ,2026-04-03,12,12,0,0,12
CH-BJ-03-2,ST-BJ-03,BJ,2026-04-03,4,4,0,0,4
CH-BJ-03-3,ST-BJ-03,BJ,2026-04-03,4,4,0,0,4
CH-BJ-04-1,ST-BJ-04,BJ,2026-04-03,15,13,2,1,15
CH-BJ-04-2,ST-BJ-04,BJ,2026-04-03,17,16,1,1,17
CH-BJ-04-3,ST-BJ-04,BJ,2026-04-03,4,4,0,0,4
CH-BJ-05-1,ST-BJ-05,BJ,2026-04-03,8,7,1,1,8
CH-BJ-05-2,ST-BJ-05,BJ,2026-04-03,8,8,0,0,8
CH-BJ-05-3,ST-BJ-05,BJ,2026-04-03,5,5,0,0,5
CH-DL-01-1,ST-DL-01,DL,2026-04-03,10,8,2,1,10
CH-DL-01-2,ST-DL-01,DL,2026-04-03,9,9,0,0,9
CH-DL-01-3,ST-DL-01,DL,2026-04-03,2,2,0,0,2
CH-DL-02-1,ST-DL-02,DL,2026-04-03,11,10,1,1,11
CH-DL-02-2,ST-DL-02,DL,2026-04-03,15,15,0,0,15
CH-DL-02-3,ST-DL-02,DL,2026-04-03,4,4,0,0,4
CH-DL-03-1,ST-DL-03,DL,2026-04-03,5,5,0,0,5
CH-DL-03-2,ST-DL-03,DL,2026-04-03,1,1,0,0,1
CH-DL-03-3,ST-DL-03,DL,2026-04-03,1,1,0,0,1
CH-DL-04-1,ST-DL-04,DL,2026-04-03,17,16,1,1,17
CH-DL-04-2,ST-DL-04,DL,2026-04-03,22,20,2,1,21
CH-DL-04-3,ST-DL-04,DL,2026-04-03,5,5,0,0,5
CH-DL-05-1,ST-DL-05,DL,2026-04-03,9,8,1,1,9
CH-DL-05-2,ST-DL-05,DL,2026-04-03,11,10,1,1,11
CH-DL-05-3,ST-DL-05,DL,2026-04-03,2,2,0,0,2
CH-SH-01-1,ST-SH-01,SH,2026-04-03,9,7,2,1,9
CH-SH-01-2,ST-SH-01,SH,2026-04-03,9,9,0,0,9
CH-SH-01-3,ST-SH-01,SH,2026-04-03,2,2,0,0,2
CH-SH-02-1,ST-SH-02,SH,2026-04-03,11,10,1,1,11
CH-SH-02-2,ST-SH-02,SH,2026-04-03,18,17,1,1,18
CH-SH-02-3,ST-SH-02,SH,2026-04-03,4,4,0,0,4
CH-SH-03-1,ST-SH-03,SH,2026-04-03,8,8,0,0,8
CH-SH-03-2,ST-SH-03,SH,2026-04-03,2,2,0,0,2
CH-SH-03-3,ST-SH-03,SH,2026-04-03,1,1,0,0,1
CH-SH-04-1,ST-SH-04,SH,2026-04-03,13,12,1,1,12
CH-SH-04-2,ST-SH-04,SH,2026-04-03,17,17,0,0,16
CH-SH-04-3,ST-SH-04,SH,2026-04-03,4,4,0,0,4
CH-SH-05-1,ST-SH-05,SH,2026-04-03,7,7,0,0,7
CH-SH-05-2,ST-SH-05,SH,2026-04-03,8,8,0,0,8
CH-SH-05-3,ST-SH-05,SH,2026-04-03,3,3,0,0,3
CH-SY-01-1,ST-SY-01,SY,2026-04-03,11,9,2,1,11
CH-SY-01-2,ST-SY-01,SY,2026-04-03,11,11,0,0,11
CH-SY-01-3,ST-SY-01,SY,2026-04-03,5,5,0,0,5
CH-SY-02-1,ST-SY-02,SY,2026-04-03,10,9,1,1,10
CH-SY-02-2,ST-SY-02,SY,2026-04-03,12,11,1,1,12
CH-SY-02-3,ST-SY-02,SY,2026-04-03,4,4,0,0,4
CH-SY-03-1,ST-SY-03,SY,2026-04-03,10,10,0,0,10
CH-SY-03-2,ST-SY-03,SY,2026-04-03,1,1,0,0,1
CH-SY-03-3,ST-SY-03,SY,2026-04-03,3,3,0,0,3
CH-SY-04-1,ST-SY-04,SY,2026-04-03,18,18,0,0,18
CH-SY-04-2,ST-SY-04,SY,2026-04-03,21,21,0,0,20
CH-SY-04-3,ST-SY-04,SY,2026-04-03,4,4,0,0,4
CH-SY-05-1,ST-SY-05,SY,2026-04-03,7,7,0,0,7
CH-SY-05-2,ST-SY-05,SY,2026-04-03,8,8,0,0,8
CH-SY-05-3,ST-SY-05,SY,2026-04-03,4,4,0,0,4
CH-SZ-01-1,ST-SZ-01,SZ,2026-04-03,9,9,0,0,9
CH-SZ-01-2,ST-SZ-01,SZ,2026-04-03,12,12,0,0,12
CH-SZ-01-3,ST-SZ-01,SZ,2026-04-03,3,3,0,0,3
CH-SZ-02-1,ST-SZ-02,SZ,2026-04-03,8,8,0,0,8
CH-SZ-02-2,ST-SZ-02,SZ,2026-04-03,12,11,1,1,12
CH-SZ-02-3,ST-SZ-02,SZ,2026-04-03,3,3,0,0,3
CH-SZ-03-1,ST-SZ-03,SZ,2026-04-03,4,4,0,0,4
CH-SZ-03-2,ST-SZ-03,SZ,2026-04-03,2,2,0,0,2
CH-SZ-03-3,ST-SZ-03,SZ,2026-04-03,1,1,0,0,1
CH-SZ-04-1,ST-SZ-04,SZ,2026-04-03,15,15,0,0,15
CH-SZ-04-2,ST-SZ-04,SZ,2026-04-03,18,17,1,1,18
CH-SZ-04-3,ST-SZ-04,SZ,2026-04-03,5,5,0,0,5
CH-SZ-05-1,ST-SZ-05,SZ,2026-04-03,5,4,1,1,5
CH-SZ-05-2,ST-SZ-05,SZ,2026-04-03,6,6,0,0,6
CH-SZ-05-3,ST-SZ-05,SZ,2026-04-03,4,4,0,0,4
CH-BJ-01-1,ST-BJ-01,BJ,2026-04-04,1,1,0,0,1
CH-BJ-01-2,ST-BJ-01,BJ,2026-04-04,2,2,0,0,2
CH-BJ-01-3,ST-BJ-01,BJ,2026-04-04,1,1,0,0,1
CH-BJ-02-1,ST-BJ-02,BJ,2026-04-04,13,10,3,1,13
CH-BJ-02-2,ST-BJ-02,BJ,2026-04-04,17,16,1,1,17
CH-BJ-02-3,ST-BJ-02,BJ,2026-04-04,4,4,0,0,4
CH-BJ-03-1,ST-BJ-03,BJ,2026-04-04,4,4,0,0,4
CH-BJ-03-2,ST-BJ-03,BJ,2026-04-04,3,3,0,0,3
CH-BJ-03-3,ST-BJ-03,BJ,2026-04-04,2,2,0,0,2
CH-BJ-04-1,ST-BJ-04,BJ,2026-04-04,16,15,1,1,15
CH-BJ-04-2,ST-BJ-04,BJ,2026-04-04,16,16,0,0,16
CH-BJ-04-3,ST-BJ-04,BJ,2026-04-04,4,4,0,0,4
CH-BJ-05-1,ST-BJ-05,BJ,2026-04-04,0,0,0,0,0
CH-BJ-05-2,ST-BJ-05,BJ,2026-04-04,1,1,0,0,1
CH-BJ-05-3,ST-BJ-05,BJ,2026-04-04,1,1,0,0,1
CH-DL-01-1,ST-DL-01,DL,2026-04-04,2,1,1,1,2
CH-DL-01-2,ST-DL-01,DL,2026-04-04,5,5,0,0,5
CH-DL-01-3,ST-DL-01,DL,2026-04-04,3,3,0,0,3
CH-DL-02-1,ST-DL-02,DL,2026-04-04,12,12,0,0,12
CH-DL-02-2,ST-DL-02,DL,2026-04-04,15,15,0,0,15
CH-DL-02-3,ST-DL-02,DL,2026-04-04,7,7,0,0,7
CH-DL-03-1,ST-DL-03,DL,2026-04-04,8,7,1,1,8
CH-DL-03-2,ST-DL-03,DL,2026-04-04,1,1,0,0,1
CH-DL-03-3,ST-DL-03,DL,2026-04-04,1,1,0,0,1
CH-DL-04-1,ST-DL-04,DL,2026-04-04,16,15,1,1,16
CH-DL-04-2,ST-DL-04,DL,2026-04-04,22,21,1,1,22
CH-DL-04-3,ST-DL-04,DL,2026-04-04,5,5,0,0,5
CH-DL-05-1,ST-DL-05,DL,2026-04-04,0,0,0,0,0
CH-DL-05-2,ST-DL-05,DL,2026-04-04,3,3,0,0,3
CH-DL-05-3,ST-DL-05,DL,2026-04-04,2,2,0,0,2
CH-SH-01-1,ST-SH-01,SH,2026-04-04,3,3,0,0,3
CH-SH-01-2,ST-SH-01,SH,2026-04-04,1,1,0,0,1
CH-SH-01-3,ST-SH-01,SH,2026-04-04,3,3,0,0,3
CH-SH-02-1,ST-SH-02,SH,2026-04-04,9,9,0,0,9
CH-SH-02-2,ST-SH-02,SH,2026-04-04,16,16,0,0,16
CH-SH-02-3,ST-SH-02,SH,2026-04-04,5,5,0,0,5
CH-SH-03-1,ST-SH-03,SH,2026-04-04,7,7,0,0,7
CH-SH-03-2,ST-SH-03,SH,2026-04-04,2,2,0,0,2
CH-SH-03-3,ST-SH-03,SH,2026-04-04,3,3,0,0,3
CH-SH-04-1,ST-SH-04,SH,2026-04-04,22,19,3,1,22
CH-SH-04-2,ST-SH-04,SH,2026-04-04,16,15,1,1,16
CH-SH-04-3,ST-SH-04,SH,2026-04-04,6,6,0,0,6
CH-SH-05-1,ST-SH-05,SH,2026-04-04,3,3,0,0,2
CH-SH-05-2,ST-SH-05,SH,2026-04-04,1,1,0,0,1
CH-SH-05-3,ST-SH-05,SH,2026-04-04,1,1,0,0,1
CH-SY-01-1,ST-SY-01,SY,2026-04-04,1,1,0,0,1
CH-SY-01-2,ST-SY-01,SY,2026-04-04,1,1,0,0,1
CH-SY-01-3,ST-SY-01,SY,2026-04-04,2,2,0,0,2
CH-SY-02-1,ST-SY-02,SY,2026-04-04,12,10,2,1,12
CH-SY-02-2,ST-SY-02,SY,2026-04-04,13,12,1,1,13
CH-SY-02-3,ST-SY-02,SY,2026-04-04,3,3,0,0,3
CH-SY-03-1,ST-SY-03,SY,2026-04-04,8,7,1,1,8
CH-SY-03-2,ST-SY-03,SY,2026-04-04,2,2,0,0,2
CH-SY-03-3,ST-SY-03,SY,2026-04-04,3,3,0,0,3
CH-SY-04-1,ST-SY-04,SY,2026-04-04,17,17,0,0,17
CH-SY-04-2,ST-SY-04,SY,2026-04-04,20,19,1,1,20
CH-SY-04-3,ST-SY-04,SY,2026-04-04,6,6,0,0,6
CH-SY-05-1,ST-SY-05,SY,2026-04-04,0,0,0,0,0
CH-SY-05-2,ST-SY-05,SY,2026-04-04,2,2,0,0,2
CH-SY-05-3,ST-SY-05,SY,2026-04-04,3,3,0,0,3
CH-SZ-01-1,ST-SZ-01,SZ,2026-04-04,0,0,0,0,0
CH-SZ-01-2,ST-SZ-01,SZ,2026-04-04,2,2,0,0,2
CH-SZ-01-3,ST-SZ-01,SZ,2026-04-04,4,4,0,0,4
CH-SZ-02-1,ST-SZ-02,SZ,2026-04-04,10,10,0,0,10
CH-SZ-02-2,ST-SZ-02,SZ,2026-04-04,14,12,2,1,14
CH-SZ-02-3,ST-SZ-02,SZ,2026-04-04,1,1,0,0,1
CH-SZ-03-1,ST-SZ-03,SZ,2026-04-04,6,5,1,1,6
CH-SZ-03-2,ST-SZ-03,SZ,2026-04-04,3,3,0,0,3
CH-SZ-03-3,ST-SZ-03,SZ,2026-04-04,1,1,0,0,1
CH-SZ-04-1,ST-SZ-04,SZ,2026-04-04,11,11,0,0,11
CH-SZ-04-2,ST-SZ-04,SZ,2026-04-04,14,14,0,0,14
CH-SZ-04-3,ST-SZ-04,SZ,2026-04-04,6,6,0,0,6
CH-SZ-05-1,ST-SZ-05,SZ,2026-04-04,2,2,0,0,2
CH-SZ-05-2,ST-SZ-05,SZ,2026-04-04,1,1,0,0,1
CH-SZ-05-3,ST-SZ-05,SZ,2026-04-04,2,2,0,0,2
CH-BJ-01-1,ST-BJ-01,BJ,2026-04-05,0,0,0,0,0
CH-BJ-01-2,ST-BJ-01,BJ,2026-04-05,2,2,0,0,2
CH-BJ-01-3,ST-BJ-01,BJ,2026-04-05,2,2,0,0,2
CH-BJ-02-1,ST-BJ-02,BJ,2026-04-05,11,10,1,1,11
CH-BJ-02-2,ST-BJ-02,BJ,2026-04-05,17,16,1,1,17
CH-BJ-02-3,ST-BJ-02,BJ,2026-04-05,4,4,0,0,4
CH-BJ-03-1,ST-BJ-03,BJ,2026-04-05,11,10,1,1,11
CH-BJ-03-2,ST-BJ-03,BJ,2026-04-05,3,3,0,0,3
CH-BJ-03-3,ST-BJ-03,BJ,2026-04-05,4,4,0,0,4
CH-BJ-04-1,ST-BJ-04,BJ,2026-04-05,14,11,3,1,14
CH-BJ-04-2,ST-BJ-04,BJ,2026-04-05,20,20,0,0,20
CH-BJ-04-3,ST-BJ-04,BJ,2026-04-05,7,7,0,0,7
CH-BJ-05-1,ST-BJ-05,BJ,2026-04-05,1,1,0,0,1
CH-BJ-05-2,ST-BJ-05,BJ,2026-04-05,1,1,0,0,1
CH-BJ-05-3,ST-BJ-05,BJ,2026-04-05,1,1,0,0,1
CH-DL-01-1,ST-DL-01,DL,2026-04-05,1,1,0,0,1
CH-DL-01-2,ST-DL-01,DL,2026-04-05,3,3,0,0,3
CH-DL-01-3,ST-DL-01,DL,2026-04-05,4,4,0,0,4
CH-DL-02-1,ST-DL-02,DL,2026-04-05,15,12,3,1,15
CH-DL-02-2,ST-DL-02,DL,2026-04-05,12,12,0,0,12
CH-DL-02-3,ST-DL-02,DL,2026-04-05,6,6,0,0,6
CH-DL-03-1,ST-DL-03,DL,2026-04-05,9,9,0,0,9
CH-DL-03-2,ST-DL-03,DL,2026-04-05,3,3,0,0,3
CH-DL-03-3,ST-DL-03,DL,2026-04-05,2,2,0,0,2
CH-DL-04-1,ST-DL-04,DL,2026-04-05,13,12,1,1,12
CH-DL-04-2,ST-DL-04,DL,2026-04-05,18,17,1,1,17
CH-DL-04-3,ST-DL-04,DL,2026-04-05,6,5,1,1,6
CH-DL-05-1,ST-DL-05,DL,2026-04-05,3,2,1,1,3
CH-DL-05-2,ST-DL-05,DL,2026-04-05,2,2,0,0,2
CH-DL-05-3,ST-DL-05,DL,2026-04-05,2,2,0,0,2
CH-SH-01-1,ST-SH-01,SH,2026-04-05,2,1,1,1,2
CH-SH-01-2,ST-SH-01,SH,2026-04-05,3,3,0,0,3
CH-SH-01-3,ST-SH-01,SH,2026-04-05,1,1,0,0,1
CH-SH-02-1,ST-SH-02,SH,2026-04-05,13,13,0,0,13
CH-SH-02-2,ST-SH-02,SH,2026-04-05,15,15,0,0,15
CH-SH-02-3,ST-SH-02,SH,2026-04-05,6,6,0,0,6
CH-SH-03-1,ST-SH-03,SH,2026-04-05,6,6,0,0,6
CH-SH-03-2,ST-SH-03,SH,2026-04-05,2,2,0,0,2
CH-SH-03-3,ST-SH-03,SH,2026-04-05,2,2,0,0,2
CH-SH-04-1,ST-SH-04,SH,2026-04-05,13,11,2,1,13
CH-SH-04-2,ST-SH-04,SH,2026-04-05,20,20,0,0,20
CH-SH-04-3,ST-SH-04,SH,2026-04-05,5,5,0,0,5
CH-SH-05-1,ST-SH-05,SH,2026-04-05,1,1,0,0,1
CH-SH-05-2,ST-SH-05,SH,2026-04-05,1,1,0,0,1
CH-SH-05-3,ST-SH-05,SH,2026-04-05,2,2,0,0,2
CH-SY-01-1,ST-SY-01,SY,2026-04-05,2,2,0,0,2
CH-SY-01-2,ST-SY-01,SY,2026-04-05,0,0,0,0,0
CH-SY-01-3,ST-SY-01,SY,2026-04-05,2,2,0,0,2
CH-SY-02-1,ST-SY-02,SY,2026-04-05,10,10,0,0,10
CH-SY-02-2,ST-SY-02,SY,2026-04-05,13,12,1,1,13
CH-SY-02-3,ST-SY-02,SY,2026-04-05,5,5,0,0,5
CH-SY-03-1,ST-SY-03,SY,2026-04-05,7,7,0,0,7
CH-SY-03-2,ST-SY-03,SY,2026-04-05,2,2,0,0,2
CH-SY-03-3,ST-SY-03,SY,2026-04-05,3,3,0,0,3
CH-SY-04-1,ST-SY-04,SY,2026-04-05,19,19,0,0,17
CH-SY-04-2,ST-SY-04,SY,2026-04-05,21,20,1,1,21
CH-SY-04-3,ST-SY-04,SY,2026-04-05,6,5,1,1,6
CH-SY-05-1,ST-SY-05,SY,2026-04-05,1,1,0,0,1
CH-SY-05-2,ST-SY-05,SY,2026-04-05,2,2,0,0,2
CH-SY-05-3,ST-SY-05,SY,2026-04-05,3,3,0,0,3
CH-SZ-01-1,ST-SZ-01,SZ,2026-04-05,3,3,0,0,3
CH-SZ-01-2,ST-SZ-01,SZ,2026-04-05,3,3,0,0,3
CH-SZ-01-3,ST-SZ-01,SZ,2026-04-05,1,1,0,0,1
CH-SZ-02-1,ST-SZ-02,SZ,2026-04-05,7,7,0,0,7
CH-SZ-02-2,ST-SZ-02,SZ,2026-04-05,15,15,0,0,15
CH-SZ-02-3,ST-SZ-02,SZ,2026-04-05,5,5,0,0,5
CH-SZ-03-1,ST-SZ-03,SZ,2026-04-05,4,3,1,1,4
CH-SZ-03-2,ST-SZ-03,SZ,2026-04-05,1,1,0,0,1
CH-SZ-03-3,ST-SZ-03,SZ,2026-04-05,1,1,0,0,1
CH-SZ-04-1,ST-SZ-04,SZ,2026-04-05,17,16,1,1,16
CH-SZ-04-2,ST-SZ-04,SZ,2026-04-05,17,17,0,0,17
CH-SZ-04-3,ST-SZ-04,SZ,2026-04-05,5,5,0,0,5
CH-SZ-05-1,ST-SZ-05,SZ,2026-04-05,3,3,0,0,3
CH-SZ-05-2,ST-SZ-05,SZ,2026-04-05,1,1,0,0,1
CH-SZ-05-3,ST-SZ-05,SZ,2026-04-05,3,3,0,0,3
CH-BJ-01-1,ST-BJ-01,BJ,2026-04-06,3,3,0,0,3
CH-BJ-01-2,ST-BJ-01,BJ,2026-04-06,3,3,0,0,3
CH-BJ-01-3,ST-BJ-01,BJ,2026-04-06,3,3,0,0,3
CH-BJ-02-1,ST-BJ-02,BJ,2026-04-06,11,10,1,1,11
CH-BJ-02-2,ST-BJ-02,BJ,2026-04-06,16,16,0,0,16
CH-BJ-02-3,ST-BJ-02,BJ,2026-04-06,5,4,1,1,5
CH-BJ-03-1,ST-BJ-03,BJ,2026-04-06,8,7,1,1,8
CH-BJ-03-2,ST-BJ-03,BJ,2026-04-06,2,2,0,0,2
CH-BJ-03-3,ST-BJ-03,BJ,2026-04-06,1,1,0,0,1
CH-BJ-04-1,ST-BJ-04,BJ,2026-04-06,17,14,3,1,17
CH-BJ-04-2,ST-BJ-04,BJ,2026-04-06,25,25,0,0,24
CH-BJ-04-3,ST-BJ-04,BJ,2026-04-06,6,6,0,0,6
CH-BJ-05-1,ST-BJ-05,BJ,2026-04-06,3,2,1,1,3
CH-BJ-05-2,ST-BJ-05,BJ,2026-04-06,5,4,1,1,5
CH-BJ-05-3,ST-BJ-05,BJ,2026-04-06,3,3,0,0,3
CH-DL-01-1,ST-DL-01,DL,2026-04-06,1,1,0,0,1
CH-DL-01-2,ST-DL-01,DL,2026-04-06,3,3,0,0,3
CH-DL-01-3,ST-DL-01,DL,2026-04-06,1,1,0,0,1
CH-DL-02-1,ST-DL-02,DL,2026-04-06,10,9,1,1,10
CH-DL-02-2,ST-DL-02,DL,2026-04-06,9,8,1,1,9
CH-DL-02-3,ST-DL-02,DL,2026-04-06,4,4,0,0,4
CH-DL-03-1,ST-DL-03,DL,2026-04-06,8,8,0,0,8
CH-DL-03-2,ST-DL-03,DL,2026-04-06,2,2,0,0,2
CH-DL-03-3,ST-DL-03,DL,2026-04-06,3,3,0,0,3
CH-DL-04-1,ST-DL-04,DL,2026-04-06,16,14,2,1,15
CH-DL-04-2,ST-DL-04,DL,2026-04-06,20,20,0,0,20
CH-DL-04-3,ST-DL-04,DL,2026-04-06,5,5,0,0,5
CH-DL-05-1,ST-DL-05,DL,2026-04-06,0,0,0,0,0
CH-DL-05-2,ST-DL-05,DL,2026-04-06,2,2,0,0,2
CH-DL-05-3,ST-DL-05,DL,2026-04-06,1,1,0,0,1
CH-SH-01-1,ST-SH-01,SH,2026-04-06,2,2,0,0,2
CH-SH-01-2,ST-SH-01,SH,2026-04-06,4,4,0,0,4
CH-SH-01-3,ST-SH-01,SH,2026-04-06,1,1,0,0,1
CH-SH-02-1,ST-SH-02,SH,2026-04-06,9,9,0,0,9
CH-SH-02-2,ST-SH-02,SH,2026-04-06,14,13,1,1,14
CH-SH-02-3,ST-SH-02,SH,2026-04-06,6,6,0,0,6
CH-SH-03-1,ST-SH-03,SH,2026-04-06,8,8,0,0,8
CH-SH-03-2,ST-SH-03,SH,2026-04-06,4,4,0,0,4
CH-SH-03-3,ST-SH-03,SH,2026-04-06,3,3,0,0,3
CH-SH-04-1,ST-SH-04,SH,2026-04-06,19,16,3,1,19
CH-SH-04-2,ST-SH-04,SH,2026-04-06,19,19,0,0,19
CH-SH-04-3,ST-SH-04,SH,2026-04-06,3,3,0,0,3
CH-SH-05-1,ST-SH-05,SH,2026-04-06,1,1,0,0,1
CH-SH-05-2,ST-SH-05,SH,2026-04-06,1,1,0,0,1
CH-SH-05-3,ST-SH-05,SH,2026-04-06,3,3,0,0,3
CH-SY-01-1,ST-SY-01,SY,2026-04-06,2,2,0,0,2
CH-SY-01-2,ST-SY-01,SY,2026-04-06,2,2,0,0,2
CH-SY-01-3,ST-SY-01,SY,2026-04-06,3,3,0,0,3
CH-SY-02-1,ST-SY-02,SY,2026-04-06,12,10,2,1,12
CH-SY-02-2,ST-SY-02,SY,2026-04-06,13,12,1,1,13
CH-SY-02-3,ST-SY-02,SY,2026-04-06,4,4,0,0,4
CH-SY-03-1,ST-SY-03,SY,2026-04-06,4,3,1,1,4
CH-SY-03-2,ST-SY-03,SY,2026-04-06,2,2,0,0,2
CH-SY-03-3,ST-SY-03,SY,2026-04-06,4,4,0,0,4
CH-SY-04-1,ST-SY-04,SY,2026-04-06,13,12,1,1,13
CH-SY-04-2,ST-SY-04,SY,2026-04-06,23,21,2,1,23
CH-SY-04-3,ST-SY-04,SY,2026-04-06,5,5,0,0,5
CH-SY-05-1,ST-SY-05,SY,2026-04-06,2,2,0,0,2
CH-SY-05-2,ST-SY-05,SY,2026-04-06,3,3,0,0,3
CH-SY-05-3,ST-SY-05,SY,2026-04-06,2,2,0,0,2
CH-SZ-01-1,ST-SZ-01,SZ,2026-04-06,3,2,1,1,3
CH-SZ-01-2,ST-SZ-01,SZ,2026-04-06,1,1,0,0,1
CH-SZ-01-3,ST-SZ-01,SZ,2026-04-06,3,3,0,0,3
CH-SZ-02-1,ST-SZ-02,SZ,2026-04-06,12,11,1,1,12
CH-SZ-02-2,ST-SZ-02,SZ,2026-04-06,10,10,0,0,10
CH-SZ-02-3,ST-SZ-02,SZ,2026-04-06,3,3,0,0,3
CH-SZ-03-1,ST-SZ-03,SZ,2026-04-06,5,5,0,0,5
CH-SZ-03-2,ST-SZ-03,SZ,2026-04-06,2,2,0,0,2
CH-SZ-03-3,ST-SZ-03,SZ,2026-04-06,3,3,0,0,3
CH-SZ-04-1,ST-SZ-04,SZ,2026-04-06,14,13,1,1,13
CH-SZ-04-2,ST-SZ-04,SZ,2026-04-06,14,13,1,1,14
CH-SZ-04-3,ST-SZ-04,SZ,2026-04-06,4,4,0,0,4
CH-SZ-05-1,ST-SZ-05,SZ,2026-04-06,1,1,0,0,1
CH-SZ-05-2,ST-SZ-05,SZ,2026-04-06,0,0,0,0,0
CH-SZ-05-3,ST-SZ-05,SZ,2026-04-06,3,3,0,0,3
CH-BJ-01-1,ST-BJ-01,BJ,2026-04-07,12,12,0,0,12
CH-BJ-01-2,ST-BJ-01,BJ,2026-04-07,12,12,0,0,12
CH-BJ-01-3,ST-BJ-01,BJ,2026-04-07,4,4,0,0,4
CH-BJ-02-1,ST-BJ-02,BJ,2026-04-07,12,12,0,0,12
CH-BJ-02-2,ST-BJ-02,BJ,2026-04-07,16,16,0,0,16
CH-BJ-02-3,ST-BJ-02,BJ,2026-04-07,4,4,0,0,4
CH-BJ-03-1,ST-BJ-03,BJ,2026-04-07,4,4,0,0,4
CH-BJ-03-2,ST-BJ-03,BJ,2026-04-07,2,2,0,0,2
CH-BJ-03-3,ST-BJ-03,BJ,2026-04-07,2,2,0,0,2
CH-BJ-04-1,ST-BJ-04,BJ,2026-04-07,18,16,2,1,16
CH-BJ-04-2,ST-BJ-04,BJ,2026-04-07,18,18,0,0,18
CH-BJ-04-3,ST-BJ-04,BJ,2026-04-07,4,4,0,0,4
CH-BJ-05-1,ST-BJ-05,BJ,2026-04-07,6,6,0,0,6
CH-BJ-05-2,ST-BJ-05,BJ,2026-04-07,12,12,0,0,12
CH-BJ-05-3,ST-BJ-05,BJ,2026-04-07,3,3,0,0,3
CH-DL-01-1,ST-DL-01,DL,2026-04-07,8,8,0,0,8
CH-DL-01-2,ST-DL-01,DL,2026-04-07,7,7,0,0,7
CH-DL-01-3,ST-DL-01,DL,2026-04-07,3,3,0,0,3
CH-DL-02-1,ST-DL-02,DL,2026-04-07,10,9,1,1,10
CH-DL-02-2,ST-DL-02,DL,2026-04-07,15,15,0,0,15
CH-DL-02-3,ST-DL-02,DL,2026-04-07,3,3,0,0,3
CH-DL-03-1,ST-DL-03,DL,2026-04-07,6,5,1,1,6
CH-DL-03-2,ST-DL-03,DL,2026-04-07,3,3,0,0,3
CH-DL-03-3,ST-DL-03,DL,2026-04-07,2,2,0,0,2
CH-DL-04-1,ST-DL-04,DL,2026-04-07,14,12,2,1,14
CH-DL-04-2,ST-DL-04,DL,2026-04-07,15,15,0,0,14
CH-DL-04-3,ST-DL-04,DL,2026-04-07,6,6,0,0,6
CH-DL-05-1,ST-DL-05,DL,2026-04-07,7,7,0,0,7
CH-DL-05-2,ST-DL-05,DL,2026-04-07,13,12,1,1,13
CH-DL-05-3,ST-DL-05,DL,2026-04-07,5,5,0,0,5
CH-SH-01-1,ST-SH-01,SH,2026-04-07,10,10,0,0,10
CH-SH-01-2,ST-SH-01,SH,2026-04-07,7,7,0,0,7
CH-SH-01-3,ST-SH-01,SH,2026-04-07,4,4,0,0,4
CH-SH-02-1,ST-SH-02,SH,2026-04-07,12,12,0,0,12
CH-SH-02-2,ST-SH-02,SH,2026-04-07,13,13,0,0,13
CH-SH-02-3,ST-SH-02,SH,2026-04-07,5,5,0,0,5
CH-SH-03-1,ST-SH-03,SH,2026-04-07,6,6,0,0,6
CH-SH-03-2,ST-SH-03,SH,2026-04-07,1,1,0,0,1
CH-SH-03-3,ST-SH-03,SH,2026-04-07,2,2,0,0,2
CH-SH-04-1,ST-SH-04,SH,2026-04-07,9,9,0,0,9
CH-SH-04-2,ST-SH-04,SH,2026-04-07,16,16,0,0,16
CH-SH-04-3,ST-SH-04,SH,2026-04-07,5,5,0,0,5
CH-SH-05-1,ST-SH-05,SH,2026-04-07,11,11,0,0,11
CH-SH-05-2,ST-SH-05,SH,2026-04-07,10,10,0,0,10
CH-SH-05-3,ST-SH-05,SH,2026-04-07,2,2,0,0,2
CH-SY-01-1,ST-SY-01,SY,2026-04-07,9,9,0,0,9
CH-SY-01-2,ST-SY-01,SY,2026-04-07,9,8,1,1,9
CH-SY-01-3,ST-SY-01,SY,2026-04-07,5,5,0,0,5
CH-SY-02-1,ST-SY-02,SY,2026-04-07,11,11,0,0,11
CH-SY-02-2,ST-SY-02,SY,2026-04-07,14,14,0,0,14
CH-SY-02-3,ST-SY-02,SY,2026-04-07,4,4,0,0,4
CH-SY-03-1,ST-SY-03,SY,2026-04-07,7,7,0,0,7
CH-SY-03-2,ST-SY-03,SY,2026-04-07,2,2,0,0,2
CH-SY-03-3,ST-SY-03,SY,2026-04-07,3,3,0,0,3
CH-SY-04-1,ST-SY-04,SY,2026-04-07,14,13,1,1,14
CH-SY-04-2,ST-SY-04,SY,2026-04-07,21,21,0,0,21
CH-SY-04-3,ST-SY-04,SY,2026-04-07,5,5,0,0,5
CH-SY-05-1,ST-SY-05,SY,2026-04-07,5,4,1,1,5
CH-SY-05-2,ST-SY-05,SY,2026-04-07,7,7,0,0,7
CH-SY-05-3,ST-SY-05,SY,2026-04-07,5,4,1,1,5
CH-SZ-01-1,ST-SZ-01,SZ,2026-04-07,4,3,1,1,4
CH-SZ-01-2,ST-SZ-01,SZ,2026-04-07,9,8,1,1,9
CH-SZ-01-3,ST-SZ-01,SZ,2026-04-07,2,2,0,0,2
CH-SZ-02-1,ST-SZ-02,SZ,2026-04-07,8,8,0,0,8
CH-SZ-02-2,ST-SZ-02,SZ,2026-04-07,9,9,0,0,9
CH-SZ-02-3,ST-SZ-02,SZ,2026-04-07,4,4,0,0,4
CH-SZ-03-1,ST-SZ-03,SZ,2026-04-07,11,11,0,0,11
CH-SZ-03-2,ST-SZ-03,SZ,2026-04-07,3,3,0,0,3
CH-SZ-03-3,ST-SZ-03,SZ,2026-04-07,2,2,0,0,2
CH-SZ-04-1,ST-SZ-04,SZ,2026-04-07,16,14,2,1,16
CH-SZ-04-2,ST-SZ-04,SZ,2026-04-07,21,20,1,1,21
CH-SZ-04-3,ST-SZ-04,SZ,2026-04-07,6,6,0,0,6
CH-SZ-05-1,ST-SZ-05,SZ,2026-04-07,11,11,0,0,11
CH-SZ-05-2,ST-SZ-05,SZ,2026-04-07,12,12,0,0,12
CH-SZ-05-3,ST-SZ-05,SZ,2026-04-07,4,4,0,0,4
CH-BJ-01-1,ST-BJ-01,BJ,2026-04-08,11,10,1,1,11
CH-BJ-01-2,ST-BJ-01,BJ,2026-04-08,9,9,0,0,9
CH-BJ-01-3,ST-BJ-01,BJ,2026-04-08,4,4,0,0,4
CH-BJ-02-1,ST-BJ-02,BJ,2026-04-08,15,15,0,0,15
CH-BJ-02-2,ST-BJ-02,BJ,2026-04-08,18,18,0,0,18
CH-BJ-02-3,ST-BJ-02,BJ,2026-04-08,5,5,0,0,5
CH-BJ-03-1,ST-BJ-03,BJ,2026-04-08,3,3,0,0,3
CH-BJ-03-2,ST-BJ-03,BJ,2026-04-08,4,4,0,0,4
CH-BJ-03-3,ST-BJ-03,BJ,2026-04-08,2,2,0,0,2
CH-BJ-04-1,ST-BJ-04,BJ,2026-04-08,17,13,4,1,17
CH-BJ-04-2,ST-BJ-04,BJ,2026-04-08,20,20,0,0,20
CH-BJ-04-3,ST-BJ-04,BJ,2026-04-08,7,7,0,0,7
CH-BJ-05-1,ST-BJ-05,BJ,2026-04-08,8,8,0,0,8
CH-BJ-05-2,ST-BJ-05,BJ,2026-04-08,10,10,0,0,10
CH-BJ-05-3,ST-BJ-05,BJ,2026-04-08,6,6,0,0,6
CH-DL-01-1,ST-DL-01,DL,2026-04-08,9,9,0,0,9
CH-DL-01-2,ST-DL-01,DL,2026-04-08,10,10,0,0,10
CH-DL-01-3,ST-DL-01,DL,2026-04-08,4,4,0,0,4
CH-DL-02-1,ST-DL-02,DL,2026-04-08,8,8,0,0,8
CH-DL-02-2,ST-DL-02,DL,2026-04-08,16,15,1,1,16
CH-DL-02-3,ST-DL-02,DL,2026-04-08,6,5,1,1,6
CH-DL-03-1,ST-DL-03,DL,2026-04-08,8,8,0,0,8
CH-DL-03-2,ST-DL-03,DL,2026-04-08,2,2,0,0,2
CH-DL-03-3,ST-DL-03,DL,2026-04-08,2,2,0,0,2
CH-DL-04-1,ST-DL-04,DL,2026-04-08,20,18,2,1,18
CH-DL-04-2,ST-DL-04,DL,2026-04-08,19,18,1,1,19
CH-DL-04-3,ST-DL-04,DL,2026-04-08,6,6,0,0,6
CH-DL-05-1,ST-DL-05,DL,2026-04-08,9,9,0,0,9
CH-DL-05-2,ST-DL-05,DL,2026-04-08,11,11,0,0,11
CH-DL-05-3,ST-DL-05,DL,2026-04-08,3,3,0,0,3
CH-SH-01-1,ST-SH-01,SH,2026-04-08,10,10,0,0,10
CH-SH-01-2,ST-SH-01,SH,2026-04-08,9,8,1,1,9
CH-SH-01-3,ST-SH-01,SH,2026-04-08,3,3,0,0,3
CH-SH-02-1,ST-SH-02,SH,2026-04-08,10,10,0,0,10
CH-SH-02-2,ST-SH-02,SH,2026-04-08,14,14,0,0,14
CH-SH-02-3,ST-SH-02,SH,2026-04-08,5,5,0,0,5
CH-SH-03-1,ST-SH-03,SH,2026-04-08,7,7,0,0,7
CH-SH-03-2,ST-SH-03,SH,2026-04-08,3,3,0,0,3
CH-SH-03-3,ST-SH-03,SH,2026-04-08,3,3,0,0,3
CH-SH-04-1,ST-SH-04,SH,2026-04-08,19,17,2,1,17
CH-SH-04-2,ST-SH-04,SH,2026-04-08,18,17,1,1,17
CH-SH-04-3,ST-SH-04,SH,2026-04-08,5,5,0,0,5
CH-SH-05-1,ST-SH-05,SH,2026-04-08,7,6,1,1,7
CH-SH-05-2,ST-SH-05,SH,2026-04-08,8,8,0,0,8
CH-SH-05-3,ST-SH-05,SH,2026-04-08,4,4,0,0,4
CH-SY-01-1,ST-SY-01,SY,2026-04-08,8,8,0,0,8
CH-SY-01-2,ST-SY-01,SY,2026-04-08,5,5,0,0,5
CH-SY-01-3,ST-SY-01,SY,2026-04-08,3,3,0,0,3
CH-SY-02-1,ST-SY-02,SY,2026-04-08,12,12,0,0,12
CH-SY-02-2,ST-SY-02,SY,2026-04-08,17,17,0,0,17
CH-SY-02-3,ST-SY-02,SY,2026-04-08,4,4,0,0,4
CH-SY-03-1,ST-SY-03,SY,2026-04-08,9,9,0,0,9
CH-SY-03-2,ST-SY-03,SY,2026-04-08,2,2,0,0,2
CH-SY-03-3,ST-SY-03,SY,2026-04-08,2,2,0,0,2
CH-SY-04-1,ST-SY-04,SY,2026-04-08,15,14,1,1,15
CH-SY-04-2,ST-SY-04,SY,2026-04-08,21,20,1,1,21
CH-SY-04-3,ST-SY-04,SY,2026-04-08,6,5,1,1,6
CH-SY-05-1,ST-SY-05,SY,2026-04-08,7,7,0,0,7
CH-SY-05-2,ST-SY-05,SY,2026-04-08,10,10,0,0,10
CH-SY-05-3,ST-SY-05,SY,2026-04-08,6,6,0,0,6
CH-SZ-01-1,ST-SZ-01,SZ,2026-04-08,12,12,0,0,12
CH-SZ-01-2,ST-SZ-01,SZ,2026-04-08,6,6,0,0,6
CH-SZ-01-3,ST-SZ-01,SZ,2026-04-08,2,2,0,0,2
CH-SZ-02-1,ST-SZ-02,SZ,2026-04-08,13,11,2,1,13
CH-SZ-02-2,ST-SZ-02,SZ,2026-04-08,17,16,1,1,17
CH-SZ-02-3,ST-SZ-02,SZ,2026-04-08,4,4,0,0,4
CH-SZ-03-1,ST-SZ-03,SZ,2026-04-08,7,7,0,0,7
CH-SZ-03-2,ST-SZ-03,SZ,2026-04-08,3,3,0,0,3
CH-SZ-03-3,ST-SZ-03,SZ,2026-04-08,3,3,0,0,3
CH-SZ-04-1,ST-SZ-04,SZ,2026-04-08,17,17,0,0,17
CH-SZ-04-2,ST-SZ-04,SZ,2026-04-08,19,19,0,0,19
CH-SZ-04-3,ST-SZ-04,SZ,2026-04-08,6,6,0,0,5
CH-SZ-05-1,ST-SZ-05,SZ,2026-04-08,8,8,0,0,8
CH-SZ-05-2,ST-SZ-05,SZ,2026-04-08,8,8,0,0,8
CH-SZ-05-3,ST-SZ-05,SZ,2026-04-08,3,3,0,0,3
CH-BJ-01-1,ST-BJ-01,BJ,2026-04-09,8,8,0,0,8
CH-BJ-01-2,ST-BJ-01,BJ,2026-04-09,10,10,0,0,10
CH-BJ-01-3,ST-BJ-01,BJ,2026-04-09,3,3,0,0,3
CH-BJ-02-1,ST-BJ-02,BJ,2026-04-09,11,11,0,0,11
CH-BJ-02-2,ST-BJ-02,BJ,2026-04-09,10,10,0,0,10
CH-BJ-02-3,ST-BJ-02,BJ,2026-04-09,5,4,1,1,5
CH-BJ-03-1,ST-BJ-03,BJ,2026-04-09,8,7,1,1,8
CH-BJ-03-2,ST-BJ-03,BJ,2026-04-09,2,2,0,0,2
CH-BJ-03-3,ST-BJ-03,BJ,2026-04-09,3,3,0,0,3
CH-BJ-04-1,ST-BJ-04,BJ,2026-04-09,22,22,0,0,22
CH-BJ-04-2,ST-BJ-04,BJ,2026-04-09,25,25,0,0,25
CH-BJ-04-3,ST-BJ-04,BJ,2026-04-09,5,4,1,1,5
CH-BJ-05-1,ST-BJ-05,BJ,2026-04-09,8,8,0,0,8
CH-BJ-05-2,ST-BJ-05,BJ,2026-04-09,12,11,1,1,12
CH-BJ-05-3,ST-BJ-05,BJ,2026-04-09,4,4,0,0,4
CH-DL-01-1,ST-DL-01,DL,2026-04-09,12,10,2,1,12
CH-DL-01-2,ST-DL-01,DL,2026-04-09,13,13,0,0,13
CH-DL-01-3,ST-DL-01,DL,2026-04-09,5,5,0,0,5
CH-DL-02-1,ST-DL-02,DL,2026-04-09,12,12,0,0,12
CH-DL-02-2,ST-DL-02,DL,2026-04-09,12,12,0,0,12
CH-DL-02-3,ST-DL-02,DL,2026-04-09,3,3,0,0,3
CH-DL-03-1,ST-DL-03,DL,2026-04-09,5,4,1,1,5
CH-DL-03-2,ST-DL-03,DL,2026-04-09,3,3,0,0,3
CH-DL-03-3,ST-DL-03,DL,2026-04-09,2,2,0,0,2
CH-DL-04-1,ST-DL-04,DL,2026-04-09,16,15,1,1,16
CH-DL-04-2,ST-DL-04,DL,2026-04-09,17,17,0,0,16
CH-DL-04-3,ST-DL-04,DL,2026-04-09,4,4,0,0,4
CH-DL-05-1,ST-DL-05,DL,2026-04-09,6,6,0,0,6
CH-DL-05-2,ST-DL-05,DL,2026-04-09,5,5,0,0,5
CH-DL-05-3,ST-DL-05,DL,2026-04-09,2,2,0,0,2
CH-SH-01-1,ST-SH-01,SH,2026-04-09,6,6,0,0,6
CH-SH-01-2,ST-SH-01,SH,2026-04-09,13,13,0,0,13
CH-SH-01-3,ST-SH-01,SH,2026-04-09,4,4,0,0,4
CH-SH-02-1,ST-SH-02,SH,2026-04-09,11,10,1,1,11
CH-SH-02-2,ST-SH-02,SH,2026-04-09,14,14,0,0,14
CH-SH-02-3,ST-SH-02,SH,2026-04-09,4,4,0,0,4
CH-SH-03-1,ST-SH-03,SH,2026-04-09,7,6,1,1,7
CH-SH-03-2,ST-SH-03,SH,2026-04-09,3,3,0,0,3
CH-SH-03-3,ST-SH-03,SH,2026-04-09,2,2,0,0,2
CH-SH-04-1,ST-SH-04,SH,2026-04-09,12,12,0,0,12
CH-SH-04-2,ST-SH-04,SH,2026-04-09,16,16,0,0,16
CH-SH-04-3,ST-SH-04,SH,2026-04-09,3,3,0,0,3
CH-SH-05-1,ST-SH-05,SH,2026-04-09,5,5,0,0,5
CH-SH-05-2,ST-SH-05,SH,2026-04-09,10,10,0,0,10
CH-SH-05-3,ST-SH-05,SH,2026-04-09,4,4,0,0,4
CH-SY-01-1,ST-SY-01,SY,2026-04-09,8,8,0,0,8
CH-SY-01-2,ST-SY-01,SY,2026-04-09,7,7,0,0,7
CH-SY-01-3,ST-SY-01,SY,2026-04-09,3,3,0,0,3
CH-SY-02-1,ST-SY-02,SY,2026-04-09,10,9,1,1,10
CH-SY-02-2,ST-SY-02,SY,2026-04-09,11,11,0,0,11
CH-SY-02-3,ST-SY-02,SY,2026-04-09,4,4,0,0,4
CH-SY-03-1,ST-SY-03,SY,2026-04-09,8,8,0,0,8
CH-SY-03-2,ST-SY-03,SY,2026-04-09,2,2,0,0,2
CH-SY-03-3,ST-SY-03,SY,2026-04-09,4,4,0,0,4
CH-SY-04-1,ST-SY-04,SY,2026-04-09,11,11,0,0,11
CH-SY-04-2,ST-SY-04,SY,2026-04-09,15,15,0,0,15
CH-SY-04-3,ST-SY-04,SY,2026-04-09,6,6,0,0,6
CH-SY-05-1,ST-SY-05,SY,2026-04-09,8,8,0,0,7
CH-SY-05-2,ST-SY-05,SY,2026-04-09,10,10,0,0,10
CH-SY-05-3,ST-SY-05,SY,2026-04-09,1,1,0,0,1
CH-SZ-01-1,ST-SZ-01,SZ,2026-04-09,6,6,0,0,6
CH-SZ-01-2,ST-SZ-01,SZ,2026-04-09,8,8,0,0,8
CH-SZ-01-3,ST-SZ-01,SZ,2026-04-09,4,4,0,0,4
CH-SZ-02-1,ST-SZ-02,SZ,2026-04-09,13,13,0,0,13
CH-SZ-02-2,ST-SZ-02,SZ,2026-04-09,18,17,1,1,18
CH-SZ-02-3,ST-SZ-02,SZ,2026-04-09,5,5,0,0,5
CH-SZ-03-1,ST-SZ-03,SZ,2026-04-09,13,12,1,1,13
CH-SZ-03-2,ST-SZ-03,SZ,2026-04-09,3,3,0,0,3
CH-SZ-03-3,ST-SZ-03,SZ,2026-04-09,3,3,0,0,3
CH-SZ-04-1,ST-SZ-04,SZ,2026-04-09,14,14,0,0,13
CH-SZ-04-2,ST-SZ-04,SZ,2026-04-09,21,21,0,0,20
CH-SZ-04-3,ST-SZ-04,SZ,2026-04-09,6,6,0,0,6
CH-SZ-05-1,ST-SZ-05,SZ,2026-04-09,7,7,0,0,7
CH-SZ-05-2,ST-SZ-05,SZ,2026-04-09,11,10,1,1,11
CH-SZ-05-3,ST-SZ-05,SZ,2026-04-09,5,5,0,0,5
CH-BJ-01-1,ST-BJ-01,BJ,2026-04-10,10,9,1,1,10
CH-BJ-01-2,ST-BJ-01,BJ,2026-04-10,10,9,1,1,10
CH-BJ-01-3,ST-BJ-01,BJ,2026-04-10,4,4,0,0,4
CH-BJ-02-1,ST-BJ-02,BJ,2026-04-10,11,11,0,0,11
CH-BJ-02-2,ST-BJ-02,BJ,2026-04-10,12,12,0,0,12
CH-BJ-02-3,ST-BJ-02,BJ,2026-04-10,4,4,0,0,4
CH-BJ-03-1,ST-BJ-03,BJ,2026-04-10,6,6,0,0,6
CH-BJ-03-2,ST-BJ-03,BJ,2026-04-10,1,1,0,0,1
CH-BJ-03-3,ST-BJ-03,BJ,2026-04-10,2,2,0,0,2
CH-BJ-04-1,ST-BJ-04,BJ,2026-04-10,13,12,1,1,13
CH-BJ-04-2,ST-BJ-04,BJ,2026-04-10,20,20,0,0,19
CH-BJ-04-3,ST-BJ-04,BJ,2026-04-10,5,5,0,0,5
CH-BJ-05-1,ST-BJ-05,BJ,2026-04-10,8,8,0,0,8
CH-BJ-05-2,ST-BJ-05,BJ,2026-04-10,11,11,0,0,11
CH-BJ-05-3,ST-BJ-05,BJ,2026-04-10,3,3,0,0,3
CH-DL-01-1,ST-DL-01,DL,2026-04-10,12,11,1,1,12
CH-DL-01-2,ST-DL-01,DL,2026-04-10,14,14,0,0,14
CH-DL-01-3,ST-DL-01,DL,2026-04-10,5,5,0,0,5
CH-DL-02-1,ST-DL-02,DL,2026-04-10,11,10,1,1,11
CH-DL-02-2,ST-DL-02,DL,2026-04-10,8,7,1,1,8
CH-DL-02-3,ST-DL-02,DL,2026-04-10,4,4,0,0,4
CH-DL-03-1,ST-DL-03,DL,2026-04-10,4,3,1,1,4
CH-DL-03-2,ST-DL-03,DL,2026-04-10,3,3,0,0,3
CH-DL-03-3,ST-DL-03,DL,2026-04-10,3,3,0,0,3
CH-DL-04-1,ST-DL-04,DL,2026-04-10,11,11,0,0,11
CH-DL-04-2,ST-DL-04,DL,2026-04-10,16,16,0,0,16
CH-DL-04-3,ST-DL-04,DL,2026-04-10,4,4,0,0,4
CH-DL-05-1,ST-DL-05,DL,2026-04-10,9,8,1,1,9
CH-DL-05-2,ST-DL-05,DL,2026-04-10,7,7,0,0,7
CH-DL-05-3,ST-DL-05,DL,2026-04-10,2,2,0,0,2
CH-SH-01-1,ST-SH-01,SH,2026-04-10,9,8,1,1,9
CH-SH-01-2,ST-SH-01,SH,2026-04-10,10,10,0,0,10
CH-SH-01-3,ST-SH-01,SH,2026-04-10,4,4,0,0,4
CH-SH-02-1,ST-SH-02,SH,2026-04-10,10,10,0,0,10
CH-SH-02-2,ST-SH-02,SH,2026-04-10,15,15,0,0,15
CH-SH-02-3,ST-SH-02,SH,2026-04-10,4,4,0,0,4
CH-SH-03-1,ST-SH-03,SH,2026-04-10,8,8,0,0,8
CH-SH-03-2,ST-SH-03,SH,2026-04-10,2,2,0,0,2
CH-SH-03-3,ST-SH-03,SH,2026-04-10,2,2,0,0,2
CH-SH-04-1,ST-SH-04,SH,2026-04-10,12,12,0,0,12
CH-SH-04-2,ST-SH-04,SH,2026-04-10,16,16,0,0,16
CH-SH-04-3,ST-SH-04,SH,2026-04-10,3,3,0,0,3
CH-SH-05-1,ST-SH-05,SH,2026-04-10,8,8,0,0,8
CH-SH-05-2,ST-SH-05,SH,2026-04-10,11,11,0,0,11
CH-SH-05-3,ST-SH-05,SH,2026-04-10,5,5,0,0,5
CH-SY-01-1,ST-SY-01,SY,2026-04-10,9,9,0,0,9
CH-SY-01-2,ST-SY-01,SY,2026-04-10,7,7,0,0,7
CH-SY-01-3,ST-SY-01,SY,2026-04-10,3,3,0,0,3
CH-SY-02-1,ST-SY-02,SY,2026-04-10,11,11,0,0,11
CH-SY-02-2,ST-SY-02,SY,2026-04-10,14,14,0,0,14
CH-SY-02-3,ST-SY-02,SY,2026-04-10,5,5,0,0,5
CH-SY-03-1,ST-SY-03,SY,2026-04-10,8,8,0,0,8
CH-SY-03-2,ST-SY-03,SY,2026-04-10,3,3,0,0,3
CH-SY-03-3,ST-SY-03,SY,2026-04-10,1,1,0,0,1
CH-SY-04-1,ST-SY-04,SY,2026-04-10,15,15,0,0,15
CH-SY-04-2,ST-SY-04,SY,2026-04-10,18,18,0,0,18
CH-SY-04-3,ST-SY-04,SY,2026-04-10,4,4,0,0,4
CH-SY-05-1,ST-SY-05,SY,2026-04-10,10,10,0,0,10
CH-SY-05-2,ST-SY-05,SY,2026-04-10,7,5,2,1,7
CH-SY-05-3,ST-SY-05,SY,2026-04-10,2,2,0,0,2
CH-SZ-01-1,ST-SZ-01,SZ,2026-04-10,5,4,1,1,5
CH-SZ-01-2,ST-SZ-01,SZ,2026-04-10,8,8,0,0,8
CH-SZ-01-3,ST-SZ-01,SZ,2026-04-10,3,3,0,0,3
CH-SZ-02-1,ST-SZ-02,SZ,2026-04-10,9,9,0,0,9
CH-SZ-02-2,ST-SZ-02,SZ,2026-04-10,8,8,0,0,8
CH-SZ-02-3,ST-SZ-02,SZ,2026-04-10,5,5,0,0,5
CH-SZ-03-1,ST-SZ-03,SZ,2026-04-10,4,4,0,0,4
CH-SZ-03-2,ST-SZ-03,SZ,2026-04-10,2,2,0,0,2
CH-SZ-03-3,ST-SZ-03,SZ,2026-04-10,2,2,0,0,2
CH-SZ-04-1,ST-SZ-04,SZ,2026-04-10,19,17,2,1,17
CH-SZ-04-2,ST-SZ-04,SZ,2026-04-10,17,16,1,1,17
CH-SZ-04-3,ST-SZ-04,SZ,2026-04-10,3,3,0,0,3
CH-SZ-05-1,ST-SZ-05,SZ,2026-04-10,8,8,0,0,8
CH-SZ-05-2,ST-SZ-05,SZ,2026-04-10,7,7,0,0,7
CH-SZ-05-3,ST-SZ-05,SZ,2026-04-10,4,4,0,0,4
CH-BJ-01-1,ST-BJ-01,BJ,2026-04-11,5,5,0,0,5
CH-BJ-01-2,ST-BJ-01,BJ,2026-04-11,4,4,0,0,4
CH-BJ-01-3,ST-BJ-01,BJ,2026-04-11,3,3,0,0,3
CH-BJ-02-1,ST-BJ-02,BJ,2026-04-11,12,11,1,1,12
CH-BJ-02-2,ST-BJ-02,BJ,2026-04-11,14,14,0,0,14
CH-BJ-02-3,ST-BJ-02,BJ,2026-04-11,6,6,0,0,6
CH-BJ-03-1,ST-BJ-03,BJ,2026-04-11,6,6,0,0,6
CH-BJ-03-2,ST-BJ-03,BJ,2026-04-11,3,3,0,0,3
CH-BJ-03-3,ST-BJ-03,BJ,2026-04-11,2,2,0,0,2
CH-BJ-04-1,ST-BJ-04,BJ,2026-04-11,14,14,0,0,14
CH-BJ-04-2,ST-BJ-04,BJ,2026-04-11,19,19,0,0,18
CH-BJ-04-3,ST-BJ-04,BJ,2026-04-11,3,3,0,0,3
CH-BJ-05-1,ST-BJ-05,BJ,2026-04-11,7,7,0,0,7
CH-BJ-05-2,ST-BJ-05,BJ,2026-04-11,8,8,0,0,8
CH-BJ-05-3,ST-BJ-05,BJ,2026-04-11,2,2,0,0,2
CH-DL-01-1,ST-DL-01,DL,2026-04-11,4,3,1,1,4
CH-DL-01-2,ST-DL-01,DL,2026-04-11,2,2,0,0,2
CH-DL-01-3,ST-DL-01,DL,2026-04-11,4,4,0,0,4
CH-DL-02-1,ST-DL-02,DL,2026-04-11,10,10,0,0,10
CH-DL-02-2,ST-DL-02,DL,2026-04-11,15,15,0,0,15
CH-DL-02-3,ST-DL-02,DL,2026-04-11,4,4,0,0,4
CH-DL-03-1,ST-DL-03,DL,2026-04-11,7,7,0,0,7
CH-DL-03-2,ST-DL-03,DL,2026-04-11,2,2,0,0,2
CH-DL-03-3,ST-DL-03,DL,2026-04-11,3,3,0,0,3
CH-DL-04-1,ST-DL-04,DL,2026-04-11,13,12,1,1,13
CH-DL-04-2,ST-DL-04,DL,2026-04-11,18,17,1,1,16
CH-DL-04-3,ST-DL-04,DL,2026-04-11,5,5,0,0,5
CH-DL-05-1,ST-DL-05,DL,2026-04-11,5,5,0,0,5
CH-DL-05-2,ST-DL-05,DL,2026-04-11,4,4,0,0,4
CH-DL-05-3,ST-DL-05,DL,2026-04-11,3,3,0,0,3
CH-SH-01-1,ST-SH-01,SH,2026-04-11,5,4,1,1,5
CH-SH-01-2,ST-SH-01,SH,2026-04-11,2,1,1,1,2
CH-SH-01-3,ST-SH-01,SH,2026-04-11,5,5,0,0,5
CH-SH-02-1,ST-SH-02,SH,2026-04-11,15,15,0,0,15
CH-SH-02-2,ST-SH-02,SH,2026-04-11,16,16,0,0,16
CH-SH-02-3,ST-SH-02,SH,2026-04-11,6,6,0,0,6
CH-SH-03-1,ST-SH-03,SH,2026-04-11,5,4,1,1,5
CH-SH-03-2,ST-SH-03,SH,2026-04-11,2,2,0,0,2
CH-SH-03-3,ST-SH-03,SH,2026-04-11,3,3,0,0,3
CH-SH-04-1,ST-SH-04,SH,2026-04-11,11,10,1,1,11
CH-SH-04-2,ST-SH-04,SH,2026-04-11,17,17,0,0,17
CH-SH-04-3,ST-SH-04,SH,2026-04-11,5,5,0,0,5
CH-SH-05-1,ST-SH-05,SH,2026-04-11,5,5,0,0,5
CH-SH-05-2,ST-SH-05,SH,2026-04-11,7,7,0,0,7
CH-SH-05-3,ST-SH-05,SH,2026-04-11,3,3,0,0,3
CH-SY-01-1,ST-SY-01,SY,2026-04-11,6,6,0,0,6
CH-SY-01-2,ST-SY-01,SY,2026-04-11,4,4,0,0,4
CH-SY-01-3,ST-SY-01,SY,2026-04-11,2,2,0,0,2
CH-SY-02-1,ST-SY-02,SY,2026-04-11,12,11,1,1,12
CH-SY-02-2,ST-SY-02,SY,2026-04-11,13,13,0,0,13
CH-SY-02-3,ST-SY-02,SY,2026-04-11,2,2,0,0,2
CH-SY-03-1,ST-SY-03,SY,2026-04-11,5,5,0,0,5
CH-SY-03-2,ST-SY-03,SY,2026-04-11,3,3,0,0,3
CH-SY-03-3,ST-SY-03,SY,2026-04-11,3,3,0,0,3
CH-SY-04-1,ST-SY-04,SY,2026-04-11,20,19,1,1,20
CH-SY-04-2,ST-SY-04,SY,2026-04-11,20,20,0,0,19
CH-SY-04-3,ST-SY-04,SY,2026-04-11,7,7,0,0,7
CH-SY-05-1,ST-SY-05,SY,2026-04-11,2,2,0,0,2
CH-SY-05-2,ST-SY-05,SY,2026-04-11,2,2,0,0,2
CH-SY-05-3,ST-SY-05,SY,2026-04-11,4,4,0,0,4
CH-SZ-01-1,ST-SZ-01,SZ,2026-04-11,3,2,1,1,3
CH-SZ-01-2,ST-SZ-01,SZ,2026-04-11,5,5,0,0,5
CH-SZ-01-3,ST-SZ-01,SZ,2026-04-11,3,3,0,0,3
CH-SZ-02-1,ST-SZ-02,SZ,2026-04-11,12,12,0,0,12
CH-SZ-02-2,ST-SZ-02,SZ,2026-04-11,14,14,0,0,14
CH-SZ-02-3,ST-SZ-02,SZ,2026-04-11,2,2,0,0,2
CH-SZ-03-1,ST-SZ-03,SZ,2026-04-11,6,6,0,0,6
CH-SZ-03-2,ST-SZ-03,SZ,2026-04-11,1,1,0,0,1
CH-SZ-03-3,ST-SZ-03,SZ,2026-04-11,1,1,0,0,1
CH-SZ-04-1,ST-SZ-04,SZ,2026-04-11,15,14,1,1,15
CH-SZ-04-2,ST-SZ-04,SZ,2026-04-11,16,16,0,0,15
CH-SZ-04-3,ST-SZ-04,SZ,2026-04-11,5,5,0,0,5
CH-SZ-05-1,ST-SZ-05,SZ,2026-04-11,6,6,0,0,6
CH-SZ-05-2,ST-SZ-05,SZ,2026-04-11,6,5,1,1,6
CH-SZ-05-3,ST-SZ-05,SZ,2026-04-11,4,4,0,0,4
CH-BJ-01-1,ST-BJ-01,BJ,2026-04-12,2,2,0,0,2
CH-BJ-01-2,ST-BJ-01,BJ,2026-04-12,0,0,0,0,0
CH-BJ-01-3,ST-BJ-01,BJ,2026-04-12,2,2,0,0,2
CH-BJ-02-1,ST-BJ-02,BJ,2026-04-12,13,12,1,1,13
CH-BJ-02-2,ST-BJ-02,BJ,2026-04-12,14,14,0,0,14
CH-BJ-02-3,ST-BJ-02,BJ,2026-04-12,6,6,0,0,6
CH-BJ-03-1,ST-BJ-03,BJ,2026-04-12,10,10,0,0,10
CH-BJ-03-2,ST-BJ-03,BJ,2026-04-12,1,1,0,0,1
CH-BJ-03-3,ST-BJ-03,BJ,2026-04-12,2,2,0,0,2
CH-BJ-04-1,ST-BJ-04,BJ,2026-04-12,9,9,0,0,9
CH-BJ-04-2,ST-BJ-04,BJ,2026-04-12,19,18,1,1,18
CH-BJ-04-3,ST-BJ-04,BJ,2026-04-12,7,7,0,0,7
CH-BJ-05-1,ST-BJ-05,BJ,2026-04-12,8,8,0,0,8
CH-BJ-05-2,ST-BJ-05,BJ,2026-04-12,7,7,0,0,7
CH-BJ-05-3,ST-BJ-05,BJ,2026-04-12,3,3,0,0,3
CH-DL-01-1,ST-DL-01,DL,2026-04-12,6,4,2,1,6
CH-DL-01-2,ST-DL-01,DL,2026-04-12,3,3,0,0,3
CH-DL-01-3,ST-DL-01,DL,2026-04-12,3,3,0,0,3
CH-DL-02-1,ST-DL-02,DL,2026-04-12,10,10,0,0,10
CH-DL-02-2,ST-DL-02,DL,2026-04-12,16,16,0,0,16
CH-DL-02-3,ST-DL-02,DL,2026-04-12,5,5,0,0,5
CH-DL-03-1,ST-DL-03,DL,2026-04-12,7,7,0,0,7
CH-DL-03-2,ST-DL-03,DL,2026-04-12,4,4,0,0,4
CH-DL-03-3,ST-DL-03,DL,2026-04-12,2,2,0,0,2
CH-DL-04-1,ST-DL-04,DL,2026-04-12,13,13,0,0,13
CH-DL-04-2,ST-DL-04,DL,2026-04-12,20,19,1,1,20
CH-DL-04-3,ST-DL-04,DL,2026-04-12,5,3,2,1,5
CH-DL-05-1,ST-DL-05,DL,2026-04-12,8,7,1,1,8
CH-DL-05-2,ST-DL-05,DL,2026-04-12,4,4,0,0,4
CH-DL-05-3,ST-DL-05,DL,2026-04-12,5,5,0,0,5
CH-SH-01-1,ST-SH-01,SH,2026-04-12,6,6,0,0,6
CH-SH-01-2,ST-SH-01,SH,2026-04-12,6,6,0,0,6
CH-SH-01-3,ST-SH-01,SH,2026-04-12,2,2,0,0,2
CH-SH-02-1,ST-SH-02,SH,2026-04-12,9,9,0,0,9
CH-SH-02-2,ST-SH-02,SH,2026-04-12,15,15,0,0,15
CH-SH-02-3,ST-SH-02,SH,2026-04-12,3,3,0,0,3
CH-SH-03-1,ST-SH-03,SH,2026-04-12,9,8,1,1,9
CH-SH-03-2,ST-SH-03,SH,2026-04-12,2,2,0,0,2
CH-SH-03-3,ST-SH-03,SH,2026-04-12,2,2,0,0,2
CH-SH-04-1,ST-SH-04,SH,2026-04-12,16,13,3,1,16
CH-SH-04-2,ST-SH-04,SH,2026-04-12,19,19,0,0,19
CH-SH-04-3,ST-SH-04,SH,2026-04-12,4,4,0,0,4
CH-SH-05-1,ST-SH-05,SH,2026-04-12,5,4,1,1,5
CH-SH-05-2,ST-SH-05,SH,2026-04-12,8,8,0,0,8
CH-SH-05-3,ST-SH-05,SH,2026-04-12,5,5,0,0,5
CH-SY-01-1,ST-SY-01,SY,2026-04-12,4,2,2,1,4
CH-SY-01-2,ST-SY-01,SY,2026-04-12,4,4,0,0,4
CH-SY-01-3,ST-SY-01,SY,2026-04-12,1,1,0,0,1
CH-SY-02-1,ST-SY-02,SY,2026-04-12,16,15,1,1,16
CH-SY-02-2,ST-SY-02,SY,2026-04-12,17,16,1,1,17
CH-SY-02-3,ST-SY-02,SY,2026-04-12,8,6,2,1,8
CH-SY-03-1,ST-SY-03,SY,2026-04-12,5,3,2,1,5
CH-SY-03-2,ST-SY-03,SY,2026-04-12,1,1,0,0,1
CH-SY-03-3,ST-SY-03,SY,2026-04-12,1,1,0,0,1
CH-SY-04-1,ST-SY-04,SY,2026-04-12,15,13,2,1,15
CH-SY-04-2,ST-SY-04,SY,2026-04-12,18,17,1,1,16
CH-SY-04-3,ST-SY-04,SY,2026-04-12,5,4,1,1,5
CH-SY-05-1,ST-SY-05,SY,2026-04-12,3,3,0,0,3
CH-SY-05-2,ST-SY-05,SY,2026-04-12,2,2,0,0,2
CH-SY-05-3,ST-SY-05,SY,2026-04-12,2,2,0,0,2
CH-SZ-01-1,ST-SZ-01,SZ,2026-04-12,5,4,1,1,5
CH-SZ-01-2,ST-SZ-01,SZ,2026-04-12,5,5,0,0,5
CH-SZ-01-3,ST-SZ-01,SZ,2026-04-12,3,3,0,0,3
CH-SZ-02-1,ST-SZ-02,SZ,2026-04-12,15,14,1,1,15
CH-SZ-02-2,ST-SZ-02,SZ,2026-04-12,17,17,0,0,17
CH-SZ-02-3,ST-SZ-02,SZ,2026-04-12,4,4,0,0,4
CH-SZ-03-1,ST-SZ-03,SZ,2026-04-12,7,6,1,1,7
CH-SZ-03-2,ST-SZ-03,SZ,2026-04-12,1,1,0,0,1
CH-SZ-03-3,ST-SZ-03,SZ,2026-04-12,2,2,0,0,2
CH-SZ-04-1,ST-SZ-04,SZ,2026-04-12,18,15,3,1,17
CH-SZ-04-2,ST-SZ-04,SZ,2026-04-12,25,24,1,1,25
CH-SZ-04-3,ST-SZ-04,SZ,2026-04-12,6,6,0,0,6
CH-SZ-05-1,ST-SZ-05,SZ,2026-04-12,3,3,0,0,3
CH-SZ-05-2,ST-SZ-05,SZ,2026-04-12,4,4,0,0,4
CH-SZ-05-3,ST-SZ-05,SZ,2026-04-12,4,4,0,0,4
CH-BJ-01-1,ST-BJ-01,BJ,2026-04-13,10,10,0,0,10
CH-BJ-01-2,ST-BJ-01,BJ,2026-04-13,11,11,0,0,11
CH-BJ-01-3,ST-BJ-01,BJ,2026-04-13,3,3,0,0,3
CH-BJ-02-1,ST-BJ-02,BJ,2026-04-13,11,11,0,0,11
CH-BJ-02-2,ST-BJ-02,BJ,2026-04-13,15,15,0,0,15
CH-BJ-02-3,ST-BJ-02,BJ,2026-04-13,4,4,0,0,4
CH-BJ-03-1,ST-BJ-03,BJ,2026-04-13,7,7,0,0,7
CH-BJ-03-2,ST-BJ-03,BJ,2026-04-13,2,2,0,0,2
CH-BJ-03-3,ST-BJ-03,BJ,2026-04-13,3,3,0,0,3
CH-BJ-04-1,ST-BJ-04,BJ,2026-04-13,16,15,1,1,16
CH-BJ-04-2,ST-BJ-04,BJ,2026-04-13,23,22,1,1,23
CH-BJ-04-3,ST-BJ-04,BJ,2026-04-13,2,2,0,0,2
CH-BJ-05-1,ST-BJ-05,BJ,2026-04-13,7,7,0,0,7
CH-BJ-05-2,ST-BJ-05,BJ,2026-04-13,6,6,0,0,6
CH-BJ-05-3,ST-BJ-05,BJ,2026-04-13,6,6,0,0,6
CH-DL-01-1,ST-DL-01,DL,2026-04-13,12,11,1,1,12
CH-DL-01-2,ST-DL-01,DL,2026-04-13,13,13,0,0,13
CH-DL-01-3,ST-DL-01,DL,2026-04-13,4,4,0,0,4
CH-DL-02-1,ST-DL-02,DL,2026-04-13,13,12,1,1,13
CH-DL-02-2,ST-DL-02,DL,2026-04-13,12,12,0,0,12
CH-DL-02-3,ST-DL-02,DL,2026-04-13,5,5,0,0,5
CH-DL-03-1,ST-DL-03,DL,2026-04-13,3,3,0,0,3
CH-DL-03-2,ST-DL-03,DL,2026-04-13,4,4,0,0,4
CH-DL-03-3,ST-DL-03,DL,2026-04-13,2,2,0,0,2
CH-DL-04-1,ST-DL-04,DL,2026-04-13,17,15,2,1,17
CH-DL-04-2,ST-DL-04,DL,2026-04-13,22,21,1,1,22
CH-DL-04-3,ST-DL-04,DL,2026-04-13,7,7,0,0,7
CH-DL-05-1,ST-DL-05,DL,2026-04-13,6,5,1,1,6
CH-DL-05-2,ST-DL-05,DL,2026-04-13,9,9,0,0,9
CH-DL-05-3,ST-DL-05,DL,2026-04-13,3,3,0,0,3
CH-SH-01-1,ST-SH-01,SH,2026-04-13,10,10,0,0,10
CH-SH-01-2,ST-SH-01,SH,2026-04-13,8,8,0,0,8
CH-SH-01-3,ST-SH-01,SH,2026-04-13,4,4,0,0,4
CH-SH-02-1,ST-SH-02,SH,2026-04-13,12,12,0,0,12
CH-SH-02-2,ST-SH-02,SH,2026-04-13,16,16,0,0,16
CH-SH-02-3,ST-SH-02,SH,2026-04-13,5,5,0,0,5
CH-SH-03-1,ST-SH-03,SH,2026-04-13,11,9,2,1,11
CH-SH-03-2,ST-SH-03,SH,2026-04-13,3,3,0,0,3
CH-SH-03-3,ST-SH-03,SH,2026-04-13,3,3,0,0,3
CH-SH-04-1,ST-SH-04,SH,2026-04-13,15,15,0,0,15
CH-SH-04-2,ST-SH-04,SH,2026-04-13,20,20,0,0,17
CH-SH-04-3,ST-SH-04,SH,2026-04-13,5,5,0,0,5
CH-SH-05-1,ST-SH-05,SH,2026-04-13,5,5,0,0,5
CH-SH-05-2,ST-SH-05,SH,2026-04-13,10,10,0,0,10
CH-SH-05-3,ST-SH-05,SH,2026-04-13,4,4,0,0,4
CH-SY-01-1,ST-SY-01,SY,2026-04-13,5,4,1,1,5
CH-SY-01-2,ST-SY-01,SY,2026-04-13,13,13,0,0,13
CH-SY-01-3,ST-SY-01,SY,2026-04-13,4,4,0,0,4
CH-SY-02-1,ST-SY-02,SY,2026-04-13,12,11,1,1,12
CH-SY-02-2,ST-SY-02,SY,2026-04-13,17,17,0,0,17
CH-SY-02-3,ST-SY-02,SY,2026-04-13,5,5,0,0,5
CH-SY-03-1,ST-SY-03,SY,2026-04-13,10,9,1,1,10
CH-SY-03-2,ST-SY-03,SY,2026-04-13,3,3,0,0,3
CH-SY-03-3,ST-SY-03,SY,2026-04-13,3,3,0,0,3
CH-SY-04-1,ST-SY-04,SY,2026-04-13,17,15,2,1,17
CH-SY-04-2,ST-SY-04,SY,2026-04-13,19,19,0,0,19
CH-SY-04-3,ST-SY-04,SY,2026-04-13,7,6,1,1,7
CH-SY-05-1,ST-SY-05,SY,2026-04-13,10,8,2,1,10
CH-SY-05-2,ST-SY-05,SY,2026-04-13,9,9,0,0,9
CH-SY-05-3,ST-SY-05,SY,2026-04-13,3,3,0,0,3
CH-SZ-01-1,ST-SZ-01,SZ,2026-04-13,10,9,1,1,10
CH-SZ-01-2,ST-SZ-01,SZ,2026-04-13,9,9,0,0,9
CH-SZ-01-3,ST-SZ-01,SZ,2026-04-13,4,4,0,0,4
CH-SZ-02-1,ST-SZ-02,SZ,2026-04-13,11,9,2,1,11
CH-SZ-02-2,ST-SZ-02,SZ,2026-04-13,12,11,1,1,12
CH-SZ-02-3,ST-SZ-02,SZ,2026-04-13,3,3,0,0,3
CH-SZ-03-1,ST-SZ-03,SZ,2026-04-13,6,6,0,0,6
CH-SZ-03-2,ST-SZ-03,SZ,2026-04-13,1,1,0,0,1
CH-SZ-03-3,ST-SZ-03,SZ,2026-04-13,1,1,0,0,1
CH-SZ-04-1,ST-SZ-04,SZ,2026-04-13,19,19,0,0,18
CH-SZ-04-2,ST-SZ-04,SZ,2026-04-13,23,22,1,1,22
CH-SZ-04-3,ST-SZ-04,SZ,2026-04-13,5,4,1,1,5
CH-SZ-05-1,ST-SZ-05,SZ,2026-04-13,8,8,0,0,8
CH-SZ-05-2,ST-SZ-05,SZ,2026-04-13,13,13,0,0,13
CH-SZ-05-3,ST-SZ-05,SZ,2026-04-13,4,4,0,0,4
CH-BJ-01-1,ST-BJ-01,BJ,2026-04-14,8,8,0,0,8
CH-BJ-01-2,ST-BJ-01,BJ,2026-04-14,11,11,0,0,11
CH-BJ-01-3,ST-BJ-01,BJ,2026-04-14,4,4,0,0,4
CH-BJ-02-1,ST-BJ-02,BJ,2026-04-14,15,15,0,0,15
CH-BJ-02-2,ST-BJ-02,BJ,2026-04-14,13,12,1,1,13
CH-BJ-02-3,ST-BJ-02,BJ,2026-04-14,4,4,0,0,4
CH-BJ-03-1,ST-BJ-03,BJ,2026-04-14,9,9,0,0,9
CH-BJ-03-2,ST-BJ-03,BJ,2026-04-14,2,2,0,0,2
CH-BJ-03-3,ST-BJ-03,BJ,2026-04-14,2,2,0,0,2
CH-BJ-04-1,ST-BJ-04,BJ,2026-04-14,14,14,0,0,14
CH-BJ-04-2,ST-BJ-04,BJ,2026-04-14,17,17,0,0,17
CH-BJ-04-3,ST-BJ-04,BJ,2026-04-14,5,4,1,1,5
CH-BJ-05-1,ST-BJ-05,BJ,2026-04-14,7,6,1,1,7
CH-BJ-05-2,ST-BJ-05,BJ,2026-04-14,8,8,0,0,8
CH-BJ-05-3,ST-BJ-05,BJ,2026-04-14,4,4,0,0,4
CH-DL-01-1,ST-DL-01,DL,2026-04-14,10,10,0,0,10
CH-DL-01-2,ST-DL-01,DL,2026-04-14,12,12,0,0,12
CH-DL-01-3,ST-DL-01,DL,2026-04-14,3,3,0,0,3
CH-DL-02-1,ST-DL-02,DL,2026-04-14,9,9,0,0,9
CH-DL-02-2,ST-DL-02,DL,2026-04-14,8,8,0,0,8
CH-DL-02-3,ST-DL-02,DL,2026-04-14,3,3,0,0,3
CH-DL-03-1,ST-DL-03,DL,2026-04-14,10,10,0,0,10
CH-DL-03-2,ST-DL-03,DL,2026-04-14,3,3,0,0,3
CH-DL-03-3,ST-DL-03,DL,2026-04-14,6,4,2,1,6
CH-DL-04-1,ST-DL-04,DL,2026-04-14,20,17,3,1,19
CH-DL-04-2,ST-DL-04,DL,2026-04-14,15,15,0,0,15
CH-DL-04-3,ST-DL-04,DL,2026-04-14,6,6,0,0,6
CH-DL-05-1,ST-DL-05,DL,2026-04-14,6,6,0,0,6
CH-DL-05-2,ST-DL-05,DL,2026-04-14,7,7,0,0,7
CH-DL-05-3,ST-DL-05,DL,2026-04-14,4,4,0,0,4
CH-SH-01-1,ST-SH-01,SH,2026-04-14,7,7,0,0,7
CH-SH-01-2,ST-SH-01,SH,2026-04-14,9,9,0,0,9
CH-SH-01-3,ST-SH-01,SH,2026-04-14,1,1,0,0,1
CH-SH-02-1,ST-SH-02,SH,2026-04-14,13,9,4,1,13
CH-SH-02-2,ST-SH-02,SH,2026-04-14,15,15,0,0,15
CH-SH-02-3,ST-SH-02,SH,2026-04-14,3,2,1,1,3
CH-SH-03-1,ST-SH-03,SH,2026-04-14,6,6,0,0,6
CH-SH-03-2,ST-SH-03,SH,2026-04-14,2,2,0,0,2
CH-SH-03-3,ST-SH-03,SH,2026-04-14,2,2,0,0,2
CH-SH-04-1,ST-SH-04,SH,2026-04-14,15,15,0,0,15
CH-SH-04-2,ST-SH-04,SH,2026-04-14,17,17,0,0,17
CH-SH-04-3,ST-SH-04,SH,2026-04-14,6,6,0,0,6
CH-SH-05-1,ST-SH-05,SH,2026-04-14,9,8,1,1,9
CH-SH-05-2,ST-SH-05,SH,2026-04-14,12,11,1,1,12
CH-SH-05-3,ST-SH-05,SH,2026-04-14,5,5,0,0,5
CH-SY-01-1,ST-SY-01,SY,2026-04-14,12,12,0,0,12
CH-SY-01-2,ST-SY-01,SY,2026-04-14,10,10,0,0,10
CH-SY-01-3,ST-SY-01,SY,2026-04-14,3,3,0,0,3
CH-SY-02-1,ST-SY-02,SY,2026-04-14,12,11,1,1,12
CH-SY-02-2,ST-SY-02,SY,2026-04-14,14,13,1,1,14
CH-SY-02-3,ST-SY-02,SY,2026-04-14,2,2,0,0,2
CH-SY-03-1,ST-SY-03,SY,2026-04-14,10,9,1,1,10
CH-SY-03-2,ST-SY-03,SY,2026-04-14,2,2,0,0,2
CH-SY-03-3,ST-SY-03,SY,2026-04-14,2,2,0,0,2
CH-SY-04-1,ST-SY-04,SY,2026-04-14,14,14,0,0,13
CH-SY-04-2,ST-SY-04,SY,2026-04-14,17,17,0,0,17
CH-SY-04-3,ST-SY-04,SY,2026-04-14,6,6,0,0,6
CH-SY-05-1,ST-SY-05,SY,2026-04-14,7,6,1,1,7
CH-SY-05-2,ST-SY-05,SY,2026-04-14,14,14,0,0,14
CH-SY-05-3,ST-SY-05,SY,2026-04-14,4,4,0,0,4
CH-SZ-01-1,ST-SZ-01,SZ,2026-04-14,10,10,0,0,10
CH-SZ-01-2,ST-SZ-01,SZ,2026-04-14,11,11,0,0,11
CH-SZ-01-3,ST-SZ-01,SZ,2026-04-14,4,4,0,0,4
CH-SZ-02-1,ST-SZ-02,SZ,2026-04-14,8,7,1,1,8
CH-SZ-02-2,ST-SZ-02,SZ,2026-04-14,9,9,0,0,9
CH-SZ-02-3,ST-SZ-02,SZ,2026-04-14,3,3,0,0,3
CH-SZ-03-1,ST-SZ-03,SZ,2026-04-14,8,7,1,1,8
CH-SZ-03-2,ST-SZ-03,SZ,2026-04-14,5,5,0,0,5
CH-SZ-03-3,ST-SZ-03,SZ,2026-04-14,1,1,0,0,1
CH-SZ-04-1,ST-SZ-04,SZ,2026-04-14,16,15,1,1,16
CH-SZ-04-2,ST-SZ-04,SZ,2026-04-14,17,17,0,0,16
CH-SZ-04-3,ST-SZ-04,SZ,2026-04-14,4,4,0,0,4
CH-SZ-05-1,ST-SZ-05,SZ,2026-04-14,9,8,1,1,9
CH-SZ-05-2,ST-SZ-05,SZ,2026-04-14,13,13,0,0,13
CH-SZ-05-3,ST-SZ-05,SZ,2026-04-14,4,4,0,0,4
CH-BJ-01-1,ST-BJ-01,BJ,2026-04-15,10,10,0,0,10
CH-BJ-01-2,ST-BJ-01,BJ,2026-04-15,9,9,0,0,9
CH-BJ-01-3,ST-BJ-01,BJ,2026-04-15,3,3,0,0,3
CH-BJ-02-1,ST-BJ-02,BJ,2026-04-15,12,9,3,1,12
CH-BJ-02-2,ST-BJ-02,BJ,2026-04-15,13,13,0,0,13
CH-BJ-02-3,ST-BJ-02,BJ,2026-04-15,3,3,0,0,3
CH-BJ-03-1,ST-BJ-03,BJ,2026-04-15,6,6,0,0,6
CH-BJ-03-2,ST-BJ-03,BJ,2026-04-15,2,2,0,0,2
CH-BJ-03-3,ST-BJ-03,BJ,2026-04-15,4,4,0,0,4
CH-BJ-04-1,ST-BJ-04,BJ,2026-04-15,15,15,0,0,15
CH-BJ-04-2,ST-BJ-04,BJ,2026-04-15,15,15,0,0,14
CH-BJ-04-3,ST-BJ-04,BJ,2026-04-15,6,6,0,0,6
CH-BJ-05-1,ST-BJ-05,BJ,2026-04-15,9,9,0,0,9
CH-BJ-05-2,ST-BJ-05,BJ,2026-04-15,9,8,1,1,9
CH-BJ-05-3,ST-BJ-05,BJ,2026-04-15,5,5,0,0,5
CH-DL-01-1,ST-DL-01,DL,2026-04-15,9,9,0,0,9
CH-DL-01-2,ST-DL-01,DL,2026-04-15,10,9,1,1,10
CH-DL-01-3,ST-DL-01,DL,2026-04-15,4,4,0,0,4
CH-DL-02-1,ST-DL-02,DL,2026-04-15,11,11,0,0,11
CH-DL-02-2,ST-DL-02,DL,2026-04-15,10,9,1,1,10
CH-DL-02-3,ST-DL-02,DL,2026-04-15,7,7,0,0,7
CH-DL-03-1,ST-DL-03,DL,2026-04-15,7,7,0,0,7
CH-DL-03-2,ST-DL-03,DL,2026-04-15,3,2,1,1,3
CH-DL-03-3,ST-DL-03,DL,2026-04-15,2,2,0,0,2
CH-DL-04-1,ST-DL-04,DL,2026-04-15,11,10,1,1,11
CH-DL-04-2,ST-DL-04,DL,2026-04-15,21,20,1,1,19
CH-DL-04-3,ST-DL-04,DL,2026-04-15,4,4,0,0,4
CH-DL-05-1,ST-DL-05,DL,2026-04-15,5,5,0,0,5
CH-DL-05-2,ST-DL-05,DL,2026-04-15,7,7,0,0,7
CH-DL-05-3,ST-DL-05,DL,2026-04-15,4,4,0,0,4
CH-SH-01-1,ST-SH-01,SH,2026-04-15,9,9,0,0,9
CH-SH-01-2,ST-SH-01,SH,2026-04-15,10,9,1,1,10
CH-SH-01-3,ST-SH-01,SH,2026-04-15,5,5,0,0,5
CH-SH-02-1,ST-SH-02,SH,2026-04-15,10,10,0,0,10
CH-SH-02-2,ST-SH-02,SH,2026-04-15,12,12,0,0,12
CH-SH-02-3,ST-SH-02,SH,2026-04-15,7,7,0,0,7
CH-SH-03-1,ST-SH-03,SH,2026-04-15,6,5,1,1,6
CH-SH-03-2,ST-SH-03,SH,2026-04-15,1,1,0,0,1
CH-SH-03-3,ST-SH-03,SH,2026-04-15,2,2,0,0,2
CH-SH-04-1,ST-SH-04,SH,2026-04-15,18,18,0,0,17
CH-SH-04-2,ST-SH-04,SH,2026-04-15,19,19,0,0,19
CH-SH-04-3,ST-SH-04,SH,2026-04-15,4,4,0,0,4
CH-SH-05-1,ST-SH-05,SH,2026-04-15,5,5,0,0,5
CH-SH-05-2,ST-SH-05,SH,2026-04-15,11,10,1,1,11
CH-SH-05-3,ST-SH-05,SH,2026-04-15,4,4,0,0,4
CH-SY-01-1,ST-SY-01,SY,2026-04-15,8,6,2,1,8
CH-SY-01-2,ST-SY-01,SY,2026-04-15,8,8,0,0,8
CH-SY-01-3,ST-SY-01,SY,2026-04-15,4,4,0,0,4
CH-SY-02-1,ST-SY-02,SY,2026-04-15,13,11,2,1,13
CH-SY-02-2,ST-SY-02,SY,2026-04-15,18,18,0,0,18
CH-SY-02-3,ST-SY-02,SY,2026-04-15,4,4,0,0,4
CH-SY-03-1,ST-SY-03,SY,2026-04-15,10,10,0,0,10
CH-SY-03-2,ST-SY-03,SY,2026-04-15,2,2,0,0,2
CH-SY-03-3,ST-SY-03,SY,2026-04-15,2,2,0,0,2
CH-SY-04-1,ST-SY-04,SY,2026-04-15,16,14,2,1,16
CH-SY-04-2,ST-SY-04,SY,2026-04-15,23,21,2,1,23
CH-SY-04-3,ST-SY-04,SY,2026-04-15,4,4,0,0,4
CH-SY-05-1,ST-SY-05,SY,2026-04-15,6,6,0,0,6
CH-SY-05-2,ST-SY-05,SY,2026-04-15,10,10,0,0,10
CH-SY-05-3,ST-SY-05,SY,2026-04-15,3,3,0,0,3
CH-SZ-01-1,ST-SZ-01,SZ,2026-04-15,12,12,0,0,12
CH-SZ-01-2,ST-SZ-01,SZ,2026-04-15,17,17,0,0,16
CH-SZ-01-3,ST-SZ-01,SZ,2026-04-15,3,3,0,0,3
CH-SZ-02-1,ST-SZ-02,SZ,2026-04-15,7,5,2,1,7
CH-SZ-02-2,ST-SZ-02,SZ,2026-04-15,11,11,0,0,11
CH-SZ-02-3,ST-SZ-02,SZ,2026-04-15,4,4,0,0,4
CH-SZ-03-1,ST-SZ-03,SZ,2026-04-15,7,6,1,1,7
CH-SZ-03-2,ST-SZ-03,SZ,2026-04-15,3,3,0,0,3
CH-SZ-03-3,ST-SZ-03,SZ,2026-04-15,2,2,0,0,2
CH-SZ-04-1,ST-SZ-04,SZ,2026-04-15,16,15,1,1,16
CH-SZ-04-2,ST-SZ-04,SZ,2026-04-15,17,16,1,1,17
CH-SZ-04-3,ST-SZ-04,SZ,2026-04-15,4,4,0,0,4
CH-SZ-05-1,ST-SZ-05,SZ,2026-04-15,11,11,0,0,11
CH-SZ-05-2,ST-SZ-05,SZ,2026-04-15,12,12,0,0,12
CH-SZ-05-3,ST-SZ-05,SZ,2026-04-15,4,4,0,0,4
CH-BJ-01-1,ST-BJ-01,BJ,2026-04-16,8,8,0,0,8
CH-BJ-01-2,ST-BJ-01,BJ,2026-04-16,9,9,0,0,9
CH-BJ-01-3,ST-BJ-01,BJ,2026-04-16,4,4,0,0,4
CH-BJ-02-1,ST-BJ-02,BJ,2026-04-16,10,10,0,0,10
CH-BJ-02-2,ST-BJ-02,BJ,2026-04-16,11,11,0,0,11
CH-BJ-02-3,ST-BJ-02,BJ,2026-04-16,4,4,0,0,4
CH-BJ-03-1,ST-BJ-03,BJ,2026-04-16,12,11,1,1,12
CH-BJ-03-2,ST-BJ-03,BJ,2026-04-16,2,2,0,0,2
CH-BJ-03-3,ST-BJ-03,BJ,2026-04-16,2,2,0,0,2
CH-BJ-04-1,ST-BJ-04,BJ,2026-04-16,17,17,0,0,17
CH-BJ-04-2,ST-BJ-04,BJ,2026-04-16,19,19,0,0,18
CH-BJ-04-3,ST-BJ-04,BJ,2026-04-16,4,4,0,0,4
CH-BJ-05-1,ST-BJ-05,BJ,2026-04-16,11,11,0,0,11
CH-BJ-05-2,ST-BJ-05,BJ,2026-04-16,10,10,0,0,10
CH-BJ-05-3,ST-BJ-05,BJ,2026-04-16,6,6,0,0,6
CH-DL-01-1,ST-DL-01,DL,2026-04-16,9,8,1,1,9
CH-DL-01-2,ST-DL-01,DL,2026-04-16,11,10,1,1,11
CH-DL-01-3,ST-DL-01,DL,2026-04-16,5,5,0,0,5
CH-DL-02-1,ST-DL-02,DL,2026-04-16,7,7,0,0,7
CH-DL-02-2,ST-DL-02,DL,2026-04-16,14,12,2,1,14
CH-DL-02-3,ST-DL-02,DL,2026-04-16,3,3,0,0,3
CH-DL-03-1,ST-DL-03,DL,2026-04-16,6,6,0,0,6
CH-DL-03-2,ST-DL-03,DL,2026-04-16,2,2,0,0,2
CH-DL-03-3,ST-DL-03,DL,2026-04-16,5,5,0,0,5
CH-DL-04-1,ST-DL-04,DL,2026-04-16,15,14,1,1,15
CH-DL-04-2,ST-DL-04,DL,2026-04-16,15,15,0,0,14
CH-DL-04-3,ST-DL-04,DL,2026-04-16,6,6,0,0,6
CH-DL-05-1,ST-DL-05,DL,2026-04-16,6,6,0,0,6
CH-DL-05-2,ST-DL-05,DL,2026-04-16,7,7,0,0,7
CH-DL-05-3,ST-DL-05,DL,2026-04-16,4,4,0,0,4
CH-SH-01-1,ST-SH-01,SH,2026-04-16,12,11,1,1,12
CH-SH-01-2,ST-SH-01,SH,2026-04-16,13,13,0,0,13
CH-SH-01-3,ST-SH-01,SH,2026-04-16,4,4,0,0,4
CH-SH-02-1,ST-SH-02,SH,2026-04-16,13,12,1,1,13
CH-SH-02-2,ST-SH-02,SH,2026-04-16,17,16,1,1,17
CH-SH-02-3,ST-SH-02,SH,2026-04-16,5,5,0,0,5
CH-SH-03-1,ST-SH-03,SH,2026-04-16,10,9,1,1,10
CH-SH-03-2,ST-SH-03,SH,2026-04-16,4,4,0,0,4
CH-SH-03-3,ST-SH-03,SH,2026-04-16,2,2,0,0,2
CH-SH-04-1,ST-SH-04,SH,2026-04-16,13,12,1,1,13
CH-SH-04-2,ST-SH-04,SH,2026-04-16,20,20,0,0,20
CH-SH-04-3,ST-SH-04,SH,2026-04-16,4,4,0,0,4
CH-SH-05-1,ST-SH-05,SH,2026-04-16,7,7,0,0,7
CH-SH-05-2,ST-SH-05,SH,2026-04-16,13,13,0,0,13
CH-SH-05-3,ST-SH-05,SH,2026-04-16,4,4,0,0,4
CH-SY-01-1,ST-SY-01,SY,2026-04-16,9,8,1,1,9
CH-SY-01-2,ST-SY-01,SY,2026-04-16,10,10,0,0,10
CH-SY-01-3,ST-SY-01,SY,2026-04-16,4,4,0,0,4
CH-SY-02-1,ST-SY-02,SY,2026-04-16,15,14,1,1,15
CH-SY-02-2,ST-SY-02,SY,2026-04-16,15,14,1,1,15
CH-SY-02-3,ST-SY-02,SY,2026-04-16,5,5,0,0,5
CH-SY-03-1,ST-SY-03,SY,2026-04-16,9,9,0,0,9
CH-SY-03-2,ST-SY-03,SY,2026-04-16,4,3,1,1,4
CH-SY-03-3,ST-SY-03,SY,2026-04-16,1,1,0,0,1
CH-SY-04-1,ST-SY-04,SY,2026-04-16,13,13,0,0,13
CH-SY-04-2,ST-SY-04,SY,2026-04-16,23,23,0,0,22
CH-SY-04-3,ST-SY-04,SY,2026-04-16,6,6,0,0,6
CH-SY-05-1,ST-SY-05,SY,2026-04-16,6,5,1,1,6
CH-SY-05-2,ST-SY-05,SY,2026-04-16,7,7,0,0,7
CH-SY-05-3,ST-SY-05,SY,2026-04-16,3,3,0,0,3
CH-SZ-01-1,ST-SZ-01,SZ,2026-04-16,9,9,0,0,9
CH-SZ-01-2,ST-SZ-01,SZ,2026-04-16,12,12,0,0,12
CH-SZ-01-3,ST-SZ-01,SZ,2026-04-16,4,4,0,0,4
CH-SZ-02-1,ST-SZ-02,SZ,2026-04-16,6,6,0,0,6
CH-SZ-02-2,ST-SZ-02,SZ,2026-04-16,13,13,0,0,13
CH-SZ-02-3,ST-SZ-02,SZ,2026-04-16,2,2,0,0,2
CH-SZ-03-1,ST-SZ-03,SZ,2026-04-16,2,2,0,0,2
CH-SZ-03-2,ST-SZ-03,SZ,2026-04-16,3,3,0,0,3
CH-SZ-03-3,ST-SZ-03,SZ,2026-04-16,2,2,0,0,2
CH-SZ-04-1,ST-SZ-04,SZ,2026-04-16,21,21,0,0,19
CH-SZ-04-2,ST-SZ-04,SZ,2026-04-16,22,21,1,1,20
CH-SZ-04-3,ST-SZ-04,SZ,2026-04-16,4,4,0,0,4
CH-SZ-05-1,ST-SZ-05,SZ,2026-04-16,8,8,0,0,8
CH-SZ-05-2,ST-SZ-05,SZ,2026-04-16,8,8,0,0,8
CH-SZ-05-3,ST-SZ-05,SZ,2026-04-16,3,3,0,0,3
CH-BJ-01-1,ST-BJ-01,BJ,2026-04-17,10,8,2,1,10
CH-BJ-01-2,ST-BJ-01,BJ,2026-04-17,12,11,1,1,12
CH-BJ-01-3,ST-BJ-01,BJ,2026-04-17,3,3,0,0,3
CH-BJ-02-1,ST-BJ-02,BJ,2026-04-17,11,11,0,0,11
CH-BJ-02-2,ST-BJ-02,BJ,2026-04-17,15,14,1,1,15
CH-BJ-02-3,ST-BJ-02,BJ,2026-04-17,2,2,0,0,2
CH-BJ-03-1,ST-BJ-03,BJ,2026-04-17,5,5,0,0,5
CH-BJ-03-2,ST-BJ-03,BJ,2026-04-17,2,2,0,0,2
CH-BJ-03-3,ST-BJ-03,BJ,2026-04-17,1,1,0,0,1
CH-BJ-04-1,ST-BJ-04,BJ,2026-04-17,15,13,2,1,15
CH-BJ-04-2,ST-BJ-04,BJ,2026-04-17,18,18,0,0,18
CH-BJ-04-3,ST-BJ-04,BJ,2026-04-17,4,4,0,0,4
CH-BJ-05-1,ST-BJ-05,BJ,2026-04-17,8,8,0,0,8
CH-BJ-05-2,ST-BJ-05,BJ,2026-04-17,10,9,1,1,10
CH-BJ-05-3,ST-BJ-05,BJ,2026-04-17,3,3,0,0,3
CH-DL-01-1,ST-DL-01,DL,2026-04-17,7,6,1,1,7
CH-DL-01-2,ST-DL-01,DL,2026-04-17,14,14,0,0,14
CH-DL-01-3,ST-DL-01,DL,2026-04-17,3,3,0,0,3
CH-DL-02-1,ST-DL-02,DL,2026-04-17,9,9,0,0,9
CH-DL-02-2,ST-DL-02,DL,2026-04-17,13,13,0,0,13
CH-DL-02-3,ST-DL-02,DL,2026-04-17,4,4,0,0,4
CH-DL-03-1,ST-DL-03,DL,2026-04-17,6,6,0,0,6
CH-DL-03-2,ST-DL-03,DL,2026-04-17,1,1,0,0,1
CH-DL-03-3,ST-DL-03,DL,2026-04-17,1,1,0,0,1
CH-DL-04-1,ST-DL-04,DL,2026-04-17,13,13,0,0,13
CH-DL-04-2,ST-DL-04,DL,2026-04-17,19,19,0,0,19
CH-DL-04-3,ST-DL-04,DL,2026-04-17,4,4,0,0,4
CH-DL-05-1,ST-DL-05,DL,2026-04-17,10,10,0,0,10
CH-DL-05-2,ST-DL-05,DL,2026-04-17,10,10,0,0,10
CH-DL-05-3,ST-DL-05,DL,2026-04-17,4,4,0,0,4
CH-SH-01-1,ST-SH-01,SH,2026-04-17,5,5,0,0,5
CH-SH-01-2,ST-SH-01,SH,2026-04-17,8,8,0,0,8
CH-SH-01-3,ST-SH-01,SH,2026-04-17,1,1,0,0,1
CH-SH-02-1,ST-SH-02,SH,2026-04-17,9,9,0,0,9
CH-SH-02-2,ST-SH-02,SH,2026-04-17,16,14,2,1,16
CH-SH-02-3,ST-SH-02,SH,2026-04-17,5,5,0,0,5
CH-SH-03-1,ST-SH-03,SH,2026-04-17,13,12,1,1,13
CH-SH-03-2,ST-SH-03,SH,2026-04-17,3,3,0,0,3
CH-SH-03-3,ST-SH-03,SH,2026-04-17,3,3,0,0,3
CH-SH-04-1,ST-SH-04,SH,2026-04-17,13,13,0,0,13
CH-SH-04-2,ST-SH-04,SH,2026-04-17,21,21,0,0,20
CH-SH-04-3,ST-SH-04,SH,2026-04-17,5,5,0,0,5
CH-SH-05-1,ST-SH-05,SH,2026-04-17,9,8,1,1,9
CH-SH-05-2,ST-SH-05,SH,2026-04-17,10,10,0,0,10
CH-SH-05-3,ST-SH-05,SH,2026-04-17,2,2,0,0,2
CH-SY-01-1,ST-SY-01,SY,2026-04-17,10,8,2,1,10
CH-SY-01-2,ST-SY-01,SY,2026-04-17,9,9,0,0,9
CH-SY-01-3,ST-SY-01,SY,2026-04-17,2,2,0,0,2
CH-SY-02-1,ST-SY-02,SY,2026-04-17,12,12,0,0,12
CH-SY-02-2,ST-SY-02,SY,2026-04-17,13,13,0,0,13
CH-SY-02-3,ST-SY-02,SY,2026-04-17,4,4,0,0,4
CH-SY-03-1,ST-SY-03,SY,2026-04-17,8,6,2,1,8
CH-SY-03-2,ST-SY-03,SY,2026-04-17,3,3,0,0,3
CH-SY-03-3,ST-SY-03,SY,2026-04-17,4,4,0,0,4
CH-SY-04-1,ST-SY-04,SY,2026-04-17,16,13,3,1,16
CH-SY-04-2,ST-SY-04,SY,2026-04-17,15,15,0,0,15
CH-SY-04-3,ST-SY-04,SY,2026-04-17,4,4,0,0,4
CH-SY-05-1,ST-SY-05,SY,2026-04-17,8,7,1,1,8
CH-SY-05-2,ST-SY-05,SY,2026-04-17,11,11,0,0,11
CH-SY-05-3,ST-SY-05,SY,2026-04-17,2,2,0,0,2
CH-SZ-01-1,ST-SZ-01,SZ,2026-04-17,8,7,1,1,8
CH-SZ-01-2,ST-SZ-01,SZ,2026-04-17,11,11,0,0,11
CH-SZ-01-3,ST-SZ-01,SZ,2026-04-17,3,3,0,0,3
CH-SZ-02-1,ST-SZ-02,SZ,2026-04-17,9,9,0,0,9
CH-SZ-02-2,ST-SZ-02,SZ,2026-04-17,12,12,0,0,12
CH-SZ-02-3,ST-SZ-02,SZ,2026-04-17,2,2,0,0,2
CH-SZ-03-1,ST-SZ-03,SZ,2026-04-17,8,8,0,0,8
CH-SZ-03-2,ST-SZ-03,SZ,2026-04-17,1,1,0,0,1
CH-SZ-03-3,ST-SZ-03,SZ,2026-04-17,1,1,0,0,1
CH-SZ-04-1,ST-SZ-04,SZ,2026-04-17,17,17,0,0,16
CH-SZ-04-2,ST-SZ-04,SZ,2026-04-17,18,18,0,0,18
CH-SZ-04-3,ST-SZ-04,SZ,2026-04-17,4,4,0,0,4
CH-SZ-05-1,ST-SZ-05,SZ,2026-04-17,7,6,1,1,7
CH-SZ-05-2,ST-SZ-05,SZ,2026-04-17,10,10,0,0,10
CH-SZ-05-3,ST-SZ-05,SZ,2026-04-17,4,4,0,0,4
CH-BJ-01-1,ST-BJ-01,BJ,2026-04-18,4,4,0,0,4
CH-BJ-01-2,ST-BJ-01,BJ,2026-04-18,1,1,0,0,1
CH-BJ-01-3,ST-BJ-01,BJ,2026-04-18,4,4,0,0,4
CH-BJ-02-1,ST-BJ-02,BJ,2026-04-18,8,6,2,1,8
CH-BJ-02-2,ST-BJ-02,BJ,2026-04-18,15,15,0,0,15
CH-BJ-02-3,ST-BJ-02,BJ,2026-04-18,4,4,0,0,4
CH-BJ-03-1,ST-BJ-03,BJ,2026-04-18,6,5,1,1,6
CH-BJ-03-2,ST-BJ-03,BJ,2026-04-18,4,4,0,0,4
CH-BJ-03-3,ST-BJ-03,BJ,2026-04-18,2,2,0,0,2
CH-BJ-04-1,ST-BJ-04,BJ,2026-04-18,18,15,3,1,18
CH-BJ-04-2,ST-BJ-04,BJ,2026-04-18,19,19,0,0,19
CH-BJ-04-3,ST-BJ-04,BJ,2026-04-18,6,6,0,0,6
CH-BJ-05-1,ST-BJ-05,BJ,2026-04-18,3,3,0,0,3
CH-BJ-05-2,ST-BJ-05,BJ,2026-04-18,6,5,1,1,6
CH-BJ-05-3,ST-BJ-05,BJ,2026-04-18,3,3,0,0,3
CH-DL-01-1,ST-DL-01,DL,2026-04-18,5,5,0,0,5
CH-DL-01-2,ST-DL-01,DL,2026-04-18,3,3,0,0,3
CH-DL-01-3,ST-DL-01,DL,2026-04-18,2,2,0,0,2
CH-DL-02-1,ST-DL-02,DL,2026-04-18,11,11,0,0,11
CH-DL-02-2,ST-DL-02,DL,2026-04-18,14,12,2,1,14
CH-DL-02-3,ST-DL-02,DL,2026-04-18,4,4,0,0,4
CH-DL-03-1,ST-DL-03,DL,2026-04-18,8,7,1,1,8
CH-DL-03-2,ST-DL-03,DL,2026-04-18,2,2,0,0,2
CH-DL-03-3,ST-DL-03,DL,2026-04-18,3,3,0,0,3
CH-DL-04-1,ST-DL-04,DL,2026-04-18,15,14,1,1,15
CH-DL-04-2,ST-DL-04,DL,2026-04-18,20,19,1,1,20
CH-DL-04-3,ST-DL-04,DL,2026-04-18,4,4,0,0,4
CH-DL-05-1,ST-DL-05,DL,2026-04-18,7,7,0,0,7
CH-DL-05-2,ST-DL-05,DL,2026-04-18,6,6,0,0,6
CH-DL-05-3,ST-DL-05,DL,2026-04-18,6,6,0,0,6
CH-SH-01-1,ST-SH-01,SH,2026-04-18,4,3,1,1,4
CH-SH-01-2,ST-SH-01,SH,2026-04-18,8,8,0,0,8
CH-SH-01-3,ST-SH-01,SH,2026-04-18,4,4,0,0,4
CH-SH-02-1,ST-SH-02,SH,2026-04-18,16,16,0,0,16
CH-SH-02-2,ST-SH-02,SH,2026-04-18,19,18,1,1,19
CH-SH-02-3,ST-SH-02,SH,2026-04-18,6,6,0,0,6
CH-SH-03-1,ST-SH-03,SH,2026-04-18,10,8,2,1,10
CH-SH-03-2,ST-SH-03,SH,2026-04-18,2,2,0,0,2
CH-SH-03-3,ST-SH-03,SH,2026-04-18,2,2,0,0,2
CH-SH-04-1,ST-SH-04,SH,2026-04-18,14,12,2,1,14
CH-SH-04-2,ST-SH-04,SH,2026-04-18,21,21,0,0,20
CH-SH-04-3,ST-SH-04,SH,2026-04-18,6,6,0,0,6
CH-SH-05-1,ST-SH-05,SH,2026-04-18,7,6,1,1,6
CH-SH-05-2,ST-SH-05,SH,2026-04-18,10,9,1,1,10
CH-SH-05-3,ST-SH-05,SH,2026-04-18,4,4,0,0,4
CH-SY-01-1,ST-SY-01,SY,2026-04-18,3,3,0,0,3
CH-SY-01-2,ST-SY-01,SY,2026-04-18,5,5,0,0,5
CH-SY-01-3,ST-SY-01,SY,2026-04-18,3,3,0,0,3
CH-SY-02-1,ST-SY-02,SY,2026-04-18,12,12,0,0,12
CH-SY-02-2,ST-SY-02,SY,2026-04-18,15,15,0,0,15
CH-SY-02-3,ST-SY-02,SY,2026-04-18,5,5,0,0,5
CH-SY-03-1,ST-SY-03,SY,2026-04-18,7,7,0,0,7
CH-SY-03-2,ST-SY-03,SY,2026-04-18,3,2,1,1,3
CH-SY-03-3,ST-SY-03,SY,2026-04-18,2,2,0,0,2
CH-SY-04-1,ST-SY-04,SY,2026-04-18,16,15,1,1,16
CH-SY-04-2,ST-SY-04,SY,2026-04-18,27,27,0,0,26
CH-SY-04-3,ST-SY-04,SY,2026-04-18,2,2,0,0,1
CH-SY-05-1,ST-SY-05,SY,2026-04-18,2,2,0,0,2
CH-SY-05-2,ST-SY-05,SY,2026-04-18,3,3,0,0,3
CH-SY-05-3,ST-SY-05,SY,2026-04-18,3,3,0,0,3
CH-SZ-01-1,ST-SZ-01,SZ,2026-04-18,1,1,0,0,1
CH-SZ-01-2,ST-SZ-01,SZ,2026-04-18,3,2,1,1,3
CH-SZ-01-3,ST-SZ-01,SZ,2026-04-18,2,2,0,0,2
CH-SZ-02-1,ST-SZ-02,SZ,2026-04-18,13,13,0,0,13
CH-SZ-02-2,ST-SZ-02,SZ,2026-04-18,10,8,2,1,10
CH-SZ-02-3,ST-SZ-02,SZ,2026-04-18,6,5,1,1,6
CH-SZ-03-1,ST-SZ-03,SZ,2026-04-18,7,7,0,0,7
CH-SZ-03-2,ST-SZ-03,SZ,2026-04-18,2,2,0,0,2
CH-SZ-03-3,ST-SZ-03,SZ,2026-04-18,3,3,0,0,3
CH-SZ-04-1,ST-SZ-04,SZ,2026-04-18,19,17,2,1,18
CH-SZ-04-2,ST-SZ-04,SZ,2026-04-18,21,21,0,0,20
CH-SZ-04-3,ST-SZ-04,SZ,2026-04-18,5,5,0,0,5
CH-SZ-05-1,ST-SZ-05,SZ,2026-04-18,5,5,0,0,5
CH-SZ-05-2,ST-SZ-05,SZ,2026-04-18,5,5,0,0,5
CH-SZ-05-3,ST-SZ-05,SZ,2026-04-18,4,4,0,0,4
CH-BJ-01-1,ST-BJ-01,BJ,2026-04-19,2,2,0,0,2
CH-BJ-01-2,ST-BJ-01,BJ,2026-04-19,2,2,0,0,2
CH-BJ-01-3,ST-BJ-01,BJ,2026-04-19,3,3,0,0,3
CH-BJ-02-1,ST-BJ-02,BJ,2026-04-19,7,7,0,0,7
CH-BJ-02-2,ST-BJ-02,BJ,2026-04-19,12,12,0,0,12
CH-BJ-02-3,ST-BJ-02,BJ,2026-04-19,6,6,0,0,6
CH-BJ-03-1,ST-BJ-03,BJ,2026-04-19,8,8,0,0,8
CH-BJ-03-2,ST-BJ-03,BJ,2026-04-19,1,1,0,0,1
CH-BJ-03-3,ST-BJ-03,BJ,2026-04-19,3,3,0,0,3
CH-BJ-04-1,ST-BJ-04,BJ,2026-04-19,15,14,1,1,15
CH-BJ-04-2,ST-BJ-04,BJ,2026-04-19,16,16,0,0,16
CH-BJ-04-3,ST-BJ-04,BJ,2026-04-19,4,4,0,0,4
CH-BJ-05-1,ST-BJ-05,BJ,2026-04-19,3,3,0,0,3
CH-BJ-05-2,ST-BJ-05,BJ,2026-04-19,2,2,0,0,2
CH-BJ-05-3,ST-BJ-05,BJ,2026-04-19,2,2,0,0,2
CH-DL-01-1,ST-DL-01,DL,2026-04-19,5,5,0,0,5
CH-DL-01-2,ST-DL-01,DL,2026-04-19,7,6,1,1,7
CH-DL-01-3,ST-DL-01,DL,2026-04-19,4,4,0,0,4
CH-DL-02-1,ST-DL-02,DL,2026-04-19,15,12,3,1,15
CH-DL-02-2,ST-DL-02,DL,2026-04-19,14,14,0,0,14
CH-DL-02-3,ST-DL-02,DL,2026-04-19,4,4,0,0,4
CH-DL-03-1,ST-DL-03,DL,2026-04-19,8,8,0,0,8
CH-DL-03-2,ST-DL-03,DL,2026-04-19,1,1,0,0,1
CH-DL-03-3,ST-DL-03,DL,2026-04-19,2,2,0,0,2
CH-DL-04-1,ST-DL-04,DL,2026-04-19,15,13,2,1,14
CH-DL-04-2,ST-DL-04,DL,2026-04-19,16,16,0,0,15
CH-DL-04-3,ST-DL-04,DL,2026-04-19,4,4,0,0,4
CH-DL-05-1,ST-DL-05,DL,2026-04-19,5,4,1,1,5
CH-DL-05-2,ST-DL-05,DL,2026-04-19,4,4,0,0,4
CH-DL-05-3,ST-DL-05,DL,2026-04-19,5,5,0,0,5
CH-SH-01-1,ST-SH-01,SH,2026-04-19,2,2,0,0,2
CH-SH-01-2,ST-SH-01,SH,2026-04-19,2,2,0,0,2
CH-SH-01-3,ST-SH-01,SH,2026-04-19,4,4,0,0,4
CH-SH-02-1,ST-SH-02,SH,2026-04-19,12,11,1,1,12
CH-SH-02-2,ST-SH-02,SH,2026-04-19,19,18,1,1,19
CH-SH-02-3,ST-SH-02,SH,2026-04-19,3,3,0,0,3
CH-SH-03-1,ST-SH-03,SH,2026-04-19,8,7,1,1,8
CH-SH-03-2,ST-SH-03,SH,2026-04-19,4,4,0,0,4
CH-SH-03-3,ST-SH-03,SH,2026-04-19,3,3,0,0,3
CH-SH-04-1,ST-SH-04,SH,2026-04-19,13,13,0,0,12
CH-SH-04-2,ST-SH-04,SH,2026-04-19,16,16,0,0,15
CH-SH-04-3,ST-SH-04,SH,2026-04-19,4,4,0,0,4
CH-SH-05-1,ST-SH-05,SH,2026-04-19,6,5,1,1,6
CH-SH-05-2,ST-SH-05,SH,2026-04-19,6,6,0,0,6
CH-SH-05-3,ST-SH-05,SH,2026-04-19,2,2,0,0,2
CH-SY-01-1,ST-SY-01,SY,2026-04-19,4,1,3,1,4
CH-SY-01-2,ST-SY-01,SY,2026-04-19,2,2,0,0,2
CH-SY-01-3,ST-SY-01,SY,2026-04-19,2,2,0,0,2
CH-SY-02-1,ST-SY-02,SY,2026-04-19,14,13,1,1,14
CH-SY-02-2,ST-SY-02,SY,2026-04-19,6,6,0,0,6
CH-SY-02-3,ST-SY-02,SY,2026-04-19,5,4,1,1,5
CH-SY-03-1,ST-SY-03,SY,2026-04-19,9,8,1,1,8
CH-SY-03-2,ST-SY-03,SY,2026-04-19,2,2,0,0,2
CH-SY-03-3,ST-SY-03,SY,2026-04-19,2,2,0,0,2
CH-SY-04-1,ST-SY-04,SY,2026-04-19,17,16,1,1,17
CH-SY-04-2,ST-SY-04,SY,2026-04-19,17,15,2,1,17
CH-SY-04-3,ST-SY-04,SY,2026-04-19,3,3,0,0,3
CH-SY-05-1,ST-SY-05,SY,2026-04-19,3,3,0,0,3
CH-SY-05-2,ST-SY-05,SY,2026-04-19,1,1,0,0,1
CH-SY-05-3,ST-SY-05,SY,2026-04-19,3,3,0,0,3
CH-SZ-01-1,ST-SZ-01,SZ,2026-04-19,5,3,2,1,5
CH-SZ-01-2,ST-SZ-01,SZ,2026-04-19,2,2,0,0,2
CH-SZ-01-3,ST-SZ-01,SZ,2026-04-19,3,3,0,0,3
CH-SZ-02-1,ST-SZ-02,SZ,2026-04-19,11,11,0,0,11
CH-SZ-02-2,ST-SZ-02,SZ,2026-04-19,11,11,0,0,11
CH-SZ-02-3,ST-SZ-02,SZ,2026-04-19,4,4,0,0,4
CH-SZ-03-1,ST-SZ-03,SZ,2026-04-19,10,8,2,1,10
CH-SZ-03-2,ST-SZ-03,SZ,2026-04-19,3,3,0,0,3
CH-SZ-03-3,ST-SZ-03,SZ,2026-04-19,2,2,0,0,2
CH-SZ-04-1,ST-SZ-04,SZ,2026-04-19,15,15,0,0,15
CH-SZ-04-2,ST-SZ-04,SZ,2026-04-19,22,21,1,1,21
CH-SZ-04-3,ST-SZ-04,SZ,2026-04-19,5,5,0,0,5
CH-SZ-05-1,ST-SZ-05,SZ,2026-04-19,8,7,1,1,8
CH-SZ-05-2,ST-SZ-05,SZ,2026-04-19,7,7,0,0,7
CH-SZ-05-3,ST-SZ-05,SZ,2026-04-19,3,3,0,0,3
CH-BJ-01-1,ST-BJ-01,BJ,2026-04-20,8,8,0,0,8
CH-BJ-01-2,ST-BJ-01,BJ,2026-04-20,8,8,0,0,8
CH-BJ-01-3,ST-BJ-01,BJ,2026-04-20,7,6,1,1,7
CH-BJ-02-1,ST-BJ-02,BJ,2026-04-20,10,10,0,0,10
CH-BJ-02-2,ST-BJ-02,BJ,2026-04-20,8,8,0,0,8
CH-BJ-02-3,ST-BJ-02,BJ,2026-04-20,6,5,1,1,6
CH-BJ-03-1,ST-BJ-03,BJ,2026-04-20,10,9,1,1,10
CH-BJ-03-2,ST-BJ-03,BJ,2026-04-20,3,3,0,0,3
CH-BJ-03-3,ST-BJ-03,BJ,2026-04-20,2,2,0,0,2
CH-BJ-04-1,ST-BJ-04,BJ,2026-04-20,16,15,1,1,16
CH-BJ-04-2,ST-BJ-04,BJ,2026-04-20,12,11,1,1,12
CH-BJ-04-3,ST-BJ-04,BJ,2026-04-20,4,4,0,0,4
CH-BJ-05-1,ST-BJ-05,BJ,2026-04-20,10,8,2,1,10
CH-BJ-05-2,ST-BJ-05,BJ,2026-04-20,10,9,1,1,10
CH-BJ-05-3,ST-BJ-05,BJ,2026-04-20,5,5,0,0,5
CH-DL-01-1,ST-DL-01,DL,2026-04-20,10,10,0,0,10
CH-DL-01-2,ST-DL-01,DL,2026-04-20,12,12,0,0,12
CH-DL-01-3,ST-DL-01,DL,2026-04-20,5,5,0,0,5
CH-DL-02-1,ST-DL-02,DL,2026-04-20,10,9,1,1,10
CH-DL-02-2,ST-DL-02,DL,2026-04-20,18,17,1,1,18
CH-DL-02-3,ST-DL-02,DL,2026-04-20,3,3,0,0,3
CH-DL-03-1,ST-DL-03,DL,2026-04-20,8,8,0,0,8
CH-DL-03-2,ST-DL-03,DL,2026-04-20,3,3,0,0,3
CH-DL-03-3,ST-DL-03,DL,2026-04-20,2,2,0,0,2
CH-DL-04-1,ST-DL-04,DL,2026-04-20,15,15,0,0,14
CH-DL-04-2,ST-DL-04,DL,2026-04-20,25,24,1,1,25
CH-DL-04-3,ST-DL-04,DL,2026-04-20,5,5,0,0,5
CH-DL-05-1,ST-DL-05,DL,2026-04-20,7,7,0,0,7
CH-DL-05-2,ST-DL-05,DL,2026-04-20,8,8,0,0,8
CH-DL-05-3,ST-DL-05,DL,2026-04-20,3,3,0,0,3
CH-SH-01-1,ST-SH-01,SH,2026-04-20,9,8,1,1,9
CH-SH-01-2,ST-SH-01,SH,2026-04-20,9,9,0,0,9
CH-SH-01-3,ST-SH-01,SH,2026-04-20,2,2,0,0,2
CH-SH-02-1,ST-SH-02,SH,2026-04-20,14,13,1,1,14
CH-SH-02-2,ST-SH-02,SH,2026-04-20,16,16,0,0,16
CH-SH-02-3,ST-SH-02,SH,2026-04-20,4,4,0,0,4
CH-SH-03-1,ST-SH-03,SH,2026-04-20,6,6,0,0,6
CH-SH-03-2,ST-SH-03,SH,2026-04-20,3,3,0,0,3
CH-SH-03-3,ST-SH-03,SH,2026-04-20,2,2,0,0,2
CH-SH-04-1,ST-SH-04,SH,2026-04-20,13,11,2,1,13
CH-SH-04-2,ST-SH-04,SH,2026-04-20,12,12,0,0,12
CH-SH-04-3,ST-SH-04,SH,2026-04-20,4,4,0,0,4
CH-SH-05-1,ST-SH-05,SH,2026-04-20,8,7,1,1,8
CH-SH-05-2,ST-SH-05,SH,2026-04-20,10,10,0,0,10
CH-SH-05-3,ST-SH-05,SH,2026-04-20,4,4,0,0,4
CH-SY-01-1,ST-SY-01,SY,2026-04-20,8,6,2,1,8
CH-SY-01-2,ST-SY-01,SY,2026-04-20,8,8,0,0,8
CH-SY-01-3,ST-SY-01,SY,2026-04-20,2,2,0,0,2
CH-SY-02-1,ST-SY-02,SY,2026-04-20,12,12,0,0,12
CH-SY-02-2,ST-SY-02,SY,2026-04-20,12,12,0,0,12
CH-SY-02-3,ST-SY-02,SY,2026-04-20,4,4,0,0,4
CH-SY-03-1,ST-SY-03,SY,2026-04-20,8,8,0,0,8
CH-SY-03-2,ST-SY-03,SY,2026-04-20,3,3,0,0,3
CH-SY-03-3,ST-SY-03,SY,2026-04-20,2,2,0,0,2
CH-SY-04-1,ST-SY-04,SY,2026-04-20,15,15,0,0,14
CH-SY-04-2,ST-SY-04,SY,2026-04-20,19,18,1,1,18
CH-SY-04-3,ST-SY-04,SY,2026-04-20,5,5,0,0,5
CH-SY-05-1,ST-SY-05,SY,2026-04-20,8,8,0,0,8
CH-SY-05-2,ST-SY-05,SY,2026-04-20,9,9,0,0,9
CH-SY-05-3,ST-SY-05,SY,2026-04-20,4,4,0,0,4
CH-SZ-01-1,ST-SZ-01,SZ,2026-04-20,8,8,0,0,8
CH-SZ-01-2,ST-SZ-01,SZ,2026-04-20,14,14,0,0,14
CH-SZ-01-3,ST-SZ-01,SZ,2026-04-20,6,6,0,0,6
CH-SZ-02-1,ST-SZ-02,SZ,2026-04-20,13,12,1,1,13
CH-SZ-02-2,ST-SZ-02,SZ,2026-04-20,13,12,1,1,13
CH-SZ-02-3,ST-SZ-02,SZ,2026-04-20,4,4,0,0,4
CH-SZ-03-1,ST-SZ-03,SZ,2026-04-20,11,11,0,0,11
CH-SZ-03-2,ST-SZ-03,SZ,2026-04-20,2,2,0,0,2
CH-SZ-03-3,ST-SZ-03,SZ,2026-04-20,2,2,0,0,2
CH-SZ-04-1,ST-SZ-04,SZ,2026-04-20,15,14,1,1,15
CH-SZ-04-2,ST-SZ-04,SZ,2026-04-20,17,17,0,0,17
CH-SZ-04-3,ST-SZ-04,SZ,2026-04-20,5,5,0,0,5
CH-SZ-05-1,ST-SZ-05,SZ,2026-04-20,12,11,1,1,12
CH-SZ-05-2,ST-SZ-05,SZ,2026-04-20,9,9,0,0,9
CH-SZ-05-3,ST-SZ-05,SZ,2026-04-20,5,5,0,0,5
CH-BJ-01-1,ST-BJ-01,BJ,2026-04-21,8,7,1,1,8
CH-BJ-01-2,ST-BJ-01,BJ,2026-04-21,10,10,0,0,10
CH-BJ-01-3,ST-BJ-01,BJ,2026-04-21,3,3,0,0,3
CH-BJ-02-1,ST-BJ-02,BJ,2026-04-21,12,12,0,0,12
CH-BJ-02-2,ST-BJ-02,BJ,2026-04-21,10,10,0,0,10
CH-BJ-02-3,ST-BJ-02,BJ,2026-04-21,3,3,0,0,3
CH-BJ-03-1,ST-BJ-03,BJ,2026-04-21,10,10,0,0,10
CH-BJ-03-2,ST-BJ-03,BJ,2026-04-21,3,3,0,0,3
CH-BJ-03-3,ST-BJ-03,BJ,2026-04-21,3,3,0,0,3
CH-BJ-04-1,ST-BJ-04,BJ,2026-04-21,16,15,1,1,16
CH-BJ-04-2,ST-BJ-04,BJ,2026-04-21,20,20,0,0,19
CH-BJ-04-3,ST-BJ-04,BJ,2026-04-21,6,6,0,0,6
CH-BJ-05-1,ST-BJ-05,BJ,2026-04-21,13,12,1,1,13
CH-BJ-05-2,ST-BJ-05,BJ,2026-04-21,14,12,2,1,14
CH-BJ-05-3,ST-BJ-05,BJ,2026-04-21,3,3,0,0,3
CH-DL-01-1,ST-DL-01,DL,2026-04-21,8,8,0,0,8
CH-DL-01-2,ST-DL-01,DL,2026-04-21,15,15,0,0,15
CH-DL-01-3,ST-DL-01,DL,2026-04-21,5,5,0,0,5
CH-DL-02-1,ST-DL-02,DL,2026-04-21,12,12,0,0,12
CH-DL-02-2,ST-DL-02,DL,2026-04-21,14,14,0,0,14
CH-DL-02-3,ST-DL-02,DL,2026-04-21,4,4,0,0,4
CH-DL-03-1,ST-DL-03,DL,2026-04-21,4,4,0,0,4
CH-DL-03-2,ST-DL-03,DL,2026-04-21,1,1,0,0,1
CH-DL-03-3,ST-DL-03,DL,2026-04-21,2,2,0,0,2
CH-DL-04-1,ST-DL-04,DL,2026-04-21,13,13,0,0,13
CH-DL-04-2,ST-DL-04,DL,2026-04-21,18,17,1,1,18
CH-DL-04-3,ST-DL-04,DL,2026-04-21,5,5,0,0,5
CH-DL-05-1,ST-DL-05,DL,2026-04-21,5,5,0,0,5
CH-DL-05-2,ST-DL-05,DL,2026-04-21,9,9,0,0,9
CH-DL-05-3,ST-DL-05,DL,2026-04-21,5,5,0,0,5
CH-SH-01-1,ST-SH-01,SH,2026-04-21,9,9,0,0,9
CH-SH-01-2,ST-SH-01,SH,2026-04-21,9,8,1,1,9
CH-SH-01-3,ST-SH-01,SH,2026-04-21,3,3,0,0,3
CH-SH-02-1,ST-SH-02,SH,2026-04-21,11,11,0,0,11
CH-SH-02-2,ST-SH-02,SH,2026-04-21,14,14,0,0,14
CH-SH-02-3,ST-SH-02,SH,2026-04-21,4,4,0,0,4
CH-SH-03-1,ST-SH-03,SH,2026-04-21,6,6,0,0,6
CH-SH-03-2,ST-SH-03,SH,2026-04-21,2,2,0,0,2
CH-SH-03-3,ST-SH-03,SH,2026-04-21,1,1,0,0,1
CH-SH-04-1,ST-SH-04,SH,2026-04-21,14,14,0,0,14
CH-SH-04-2,ST-SH-04,SH,2026-04-21,17,17,0,0,17
CH-SH-04-3,ST-SH-04,SH,2026-04-21,4,4,0,0,4
CH-SH-05-1,ST-SH-05,SH,2026-04-21,8,7,1,1,8
CH-SH-05-2,ST-SH-05,SH,2026-04-21,8,8,0,0,8
CH-SH-05-3,ST-SH-05,SH,2026-04-21,3,3,0,0,3
CH-SY-01-1,ST-SY-01,SY,2026-04-21,5,5,0,0,5
CH-SY-01-2,ST-SY-01,SY,2026-04-21,4,4,0,0,4
CH-SY-01-3,ST-SY-01,SY,2026-04-21,5,5,0,0,5
CH-SY-02-1,ST-SY-02,SY,2026-04-21,14,12,2,1,14
CH-SY-02-2,ST-SY-02,SY,2026-04-21,16,16,0,0,16
CH-SY-02-3,ST-SY-02,SY,2026-04-21,6,6,0,0,6
CH-SY-03-1,ST-SY-03,SY,2026-04-21,8,7,1,1,8
CH-SY-03-2,ST-SY-03,SY,2026-04-21,2,2,0,0,2
CH-SY-03-3,ST-SY-03,SY,2026-04-21,2,2,0,0,2
CH-SY-04-1,ST-SY-04,SY,2026-04-21,11,10,1,1,11
CH-SY-04-2,ST-SY-04,SY,2026-04-21,20,20,0,0,20
CH-SY-04-3,ST-SY-04,SY,2026-04-21,2,2,0,0,2
CH-SY-05-1,ST-SY-05,SY,2026-04-21,6,5,1,1,6
CH-SY-05-2,ST-SY-05,SY,2026-04-21,12,12,0,0,12
CH-SY-05-3,ST-SY-05,SY,2026-04-21,4,4,0,0,4
CH-SZ-01-1,ST-SZ-01,SZ,2026-04-21,10,8,2,1,10
CH-SZ-01-2,ST-SZ-01,SZ,2026-04-21,16,16,0,0,16
CH-SZ-01-3,ST-SZ-01,SZ,2026-04-21,5,5,0,0,5
CH-SZ-02-1,ST-SZ-02,SZ,2026-04-21,11,11,0,0,11
CH-SZ-02-2,ST-SZ-02,SZ,2026-04-21,12,12,0,0,12
CH-SZ-02-3,ST-SZ-02,SZ,2026-04-21,2,2,0,0,2
CH-SZ-03-1,ST-SZ-03,SZ,2026-04-21,7,7,0,0,7
CH-SZ-03-2,ST-SZ-03,SZ,2026-04-21,2,2,0,0,2
CH-SZ-03-3,ST-SZ-03,SZ,2026-04-21,3,3,0,0,3
CH-SZ-04-1,ST-SZ-04,SZ,2026-04-21,18,16,2,1,18
CH-SZ-04-2,ST-SZ-04,SZ,2026-04-21,17,16,1,1,16
CH-SZ-04-3,ST-SZ-04,SZ,2026-04-21,4,4,0,0,4
CH-SZ-05-1,ST-SZ-05,SZ,2026-04-21,5,5,0,0,5
CH-SZ-05-2,ST-SZ-05,SZ,2026-04-21,8,8,0,0,8
CH-SZ-05-3,ST-SZ-05,SZ,2026-04-21,5,5,0,0,5
CH-BJ-01-1,ST-BJ-01,BJ,2026-04-22,11,10,1,1,11
CH-BJ-01-2,ST-BJ-01,BJ,2026-04-22,10,9,1,1,10
CH-BJ-01-3,ST-BJ-01,BJ,2026-04-22,5,5,0,0,5
CH-BJ-02-1,ST-BJ-02,BJ,2026-04-22,12,12,0,0,12
CH-BJ-02-2,ST-BJ-02,BJ,2026-04-22,12,12,0,0,12
CH-BJ-02-3,ST-BJ-02,BJ,2026-04-22,3,3,0,0,3
CH-BJ-03-1,ST-BJ-03,BJ,2026-04-22,7,7,0,0,7
CH-BJ-03-2,ST-BJ-03,BJ,2026-04-22,3,3,0,0,3
CH-BJ-03-3,ST-BJ-03,BJ,2026-04-22,1,1,0,0,1
CH-BJ-04-1,ST-BJ-04,BJ,2026-04-22,19,18,1,1,18
CH-BJ-04-2,ST-BJ-04,BJ,2026-04-22,20,20,0,0,20
CH-BJ-04-3,ST-BJ-04,BJ,2026-04-22,6,6,0,0,6
CH-BJ-05-1,ST-BJ-05,BJ,2026-04-22,9,8,1,1,9
CH-BJ-05-2,ST-BJ-05,BJ,2026-04-22,13,13,0,0,13
CH-BJ-05-3,ST-BJ-05,BJ,2026-04-22,3,3,0,0,3
CH-DL-01-1,ST-DL-01,DL,2026-04-22,10,9,1,1,10
CH-DL-01-2,ST-DL-01,DL,2026-04-22,6,6,0,0,6
CH-DL-01-3,ST-DL-01,DL,2026-04-22,2,2,0,0,2
CH-DL-02-1,ST-DL-02,DL,2026-04-22,9,9,0,0,9
CH-DL-02-2,ST-DL-02,DL,2026-04-22,10,10,0,0,10
CH-DL-02-3,ST-DL-02,DL,2026-04-22,4,4,0,0,4
CH-DL-03-1,ST-DL-03,DL,2026-04-22,11,11,0,0,11
CH-DL-03-2,ST-DL-03,DL,2026-04-22,4,3,1,1,4
CH-DL-03-3,ST-DL-03,DL,2026-04-22,2,2,0,0,2
CH-DL-04-1,ST-DL-04,DL,2026-04-22,14,13,1,1,14
CH-DL-04-2,ST-DL-04,DL,2026-04-22,20,20,0,0,20
CH-DL-04-3,ST-DL-04,DL,2026-04-22,6,6,0,0,6
CH-DL-05-1,ST-DL-05,DL,2026-04-22,10,10,0,0,10
CH-DL-05-2,ST-DL-05,DL,2026-04-22,12,12,0,0,12
CH-DL-05-3,ST-DL-05,DL,2026-04-22,3,3,0,0,3
CH-SH-01-1,ST-SH-01,SH,2026-04-22,12,12,0,0,12
CH-SH-01-2,ST-SH-01,SH,2026-04-22,13,12,1,1,13
CH-SH-01-3,ST-SH-01,SH,2026-04-22,3,3,0,0,3
CH-SH-02-1,ST-SH-02,SH,2026-04-22,7,7,0,0,7
CH-SH-02-2,ST-SH-02,SH,2026-04-22,15,15,0,0,15
CH-SH-02-3,ST-SH-02,SH,2026-04-22,3,3,0,0,3
CH-SH-03-1,ST-SH-03,SH,2026-04-22,7,7,0,0,7
CH-SH-03-2,ST-SH-03,SH,2026-04-22,3,3,0,0,3
CH-SH-03-3,ST-SH-03,SH,2026-04-22,3,3,0,0,3
CH-SH-04-1,ST-SH-04,SH,2026-04-22,14,14,0,0,14
CH-SH-04-2,ST-SH-04,SH,2026-04-22,18,18,0,0,18
CH-SH-04-3,ST-SH-04,SH,2026-04-22,4,4,0,0,4
CH-SH-05-1,ST-SH-05,SH,2026-04-22,6,5,1,1,6
CH-SH-05-2,ST-SH-05,SH,2026-04-22,11,10,1,1,11
CH-SH-05-3,ST-SH-05,SH,2026-04-22,4,4,0,0,4
CH-SY-01-1,ST-SY-01,SY,2026-04-22,10,9,1,1,10
CH-SY-01-2,ST-SY-01,SY,2026-04-22,7,7,0,0,7
CH-SY-01-3,ST-SY-01,SY,2026-04-22,5,5,0,0,5
CH-SY-02-1,ST-SY-02,SY,2026-04-22,10,8,2,1,10
CH-SY-02-2,ST-SY-02,SY,2026-04-22,18,17,1,1,18
CH-SY-02-3,ST-SY-02,SY,2026-04-22,4,4,0,0,4
CH-SY-03-1,ST-SY-03,SY,2026-04-22,8,8,0,0,8
CH-SY-03-2,ST-SY-03,SY,2026-04-22,2,2,0,0,2
CH-SY-03-3,ST-SY-03,SY,2026-04-22,2,2,0,0,2
CH-SY-04-1,ST-SY-04,SY,2026-04-22,15,13,2,1,15
CH-SY-04-2,ST-SY-04,SY,2026-04-22,18,18,0,0,18
CH-SY-04-3,ST-SY-04,SY,2026-04-22,4,4,0,0,4
CH-SY-05-1,ST-SY-05,SY,2026-04-22,8,8,0,0,8
CH-SY-05-2,ST-SY-05,SY,2026-04-22,5,5,0,0,5
CH-SY-05-3,ST-SY-05,SY,2026-04-22,5,5,0,0,5
CH-SZ-01-1,ST-SZ-01,SZ,2026-04-22,11,10,1,1,11
CH-SZ-01-2,ST-SZ-01,SZ,2026-04-22,16,15,1,1,16
CH-SZ-01-3,ST-SZ-01,SZ,2026-04-22,4,4,0,0,4
CH-SZ-02-1,ST-SZ-02,SZ,2026-04-22,9,9,0,0,9
CH-SZ-02-2,ST-SZ-02,SZ,2026-04-22,13,13,0,0,13
CH-SZ-02-3,ST-SZ-02,SZ,2026-04-22,5,5,0,0,5
CH-SZ-03-1,ST-SZ-03,SZ,2026-04-22,5,5,0,0,5
CH-SZ-03-2,ST-SZ-03,SZ,2026-04-22,2,2,0,0,2
CH-SZ-03-3,ST-SZ-03,SZ,2026-04-22,2,2,0,0,2
CH-SZ-04-1,ST-SZ-04,SZ,2026-04-22,20,20,0,0,20
CH-SZ-04-2,ST-SZ-04,SZ,2026-04-22,23,23,0,0,21
CH-SZ-04-3,ST-SZ-04,SZ,2026-04-22,6,6,0,0,6
CH-SZ-05-1,ST-SZ-05,SZ,2026-04-22,6,5,1,1,6
CH-SZ-05-2,ST-SZ-05,SZ,2026-04-22,11,11,0,0,11
CH-SZ-05-3,ST-SZ-05,SZ,2026-04-22,6,6,0,0,6
CH-BJ-01-1,ST-BJ-01,BJ,2026-04-23,10,9,1,1,10
CH-BJ-01-2,ST-BJ-01,BJ,2026-04-23,11,11,0,0,11
CH-BJ-01-3,ST-BJ-01,BJ,2026-04-23,3,3,0,0,3
CH-BJ-02-1,ST-BJ-02,BJ,2026-04-23,10,9,1,1,10
CH-BJ-02-2,ST-BJ-02,BJ,2026-04-23,12,10,2,1,12
CH-BJ-02-3,ST-BJ-02,BJ,2026-04-23,4,4,0,0,4
CH-BJ-03-1,ST-BJ-03,BJ,2026-04-23,7,7,0,0,7
CH-BJ-03-2,ST-BJ-03,BJ,2026-04-23,3,3,0,0,3
CH-BJ-03-3,ST-BJ-03,BJ,2026-04-23,1,1,0,0,1
CH-BJ-04-1,ST-BJ-04,BJ,2026-04-23,13,13,0,0,12
CH-BJ-04-2,ST-BJ-04,BJ,2026-04-23,19,17,2,1,19
CH-BJ-04-3,ST-BJ-04,BJ,2026-04-23,5,5,0,0,5
CH-BJ-05-1,ST-BJ-05,BJ,2026-04-23,10,9,1,1,10
CH-BJ-05-2,ST-BJ-05,BJ,2026-04-23,13,13,0,0,13
CH-BJ-05-3,ST-BJ-05,BJ,2026-04-23,4,4,0,0,4
CH-DL-01-1,ST-DL-01,DL,2026-04-23,14,13,1,1,14
CH-DL-01-2,ST-DL-01,DL,2026-04-23,16,16,0,0,16
CH-DL-01-3,ST-DL-01,DL,2026-04-23,3,3,0,0,3
CH-DL-02-1,ST-DL-02,DL,2026-04-23,15,13,2,1,15
CH-DL-02-2,ST-DL-02,DL,2026-04-23,12,11,1,1,12
CH-DL-02-3,ST-DL-02,DL,2026-04-23,6,5,1,1,6
CH-DL-03-1,ST-DL-03,DL,2026-04-23,10,9,1,1,10
CH-DL-03-2,ST-DL-03,DL,2026-04-23,2,2,0,0,2
CH-DL-03-3,ST-DL-03,DL,2026-04-23,1,1,0,0,1
CH-DL-04-1,ST-DL-04,DL,2026-04-23,15,14,1,1,15
CH-DL-04-2,ST-DL-04,DL,2026-04-23,19,18,1,1,15
CH-DL-04-3,ST-DL-04,DL,2026-04-23,4,4,0,0,4
CH-DL-05-1,ST-DL-05,DL,2026-04-23,6,6,0,0,6
CH-DL-05-2,ST-DL-05,DL,2026-04-23,8,8,0,0,8
CH-DL-05-3,ST-DL-05,DL,2026-04-23,2,2,0,0,2
CH-SH-01-1,ST-SH-01,SH,2026-04-23,14,13,1,1,14
CH-SH-01-2,ST-SH-01,SH,2026-04-23,13,13,0,0,13
CH-SH-01-3,ST-SH-01,SH,2026-04-23,2,2,0,0,2
CH-SH-02-1,ST-SH-02,SH,2026-04-23,8,8,0,0,8
CH-SH-02-2,ST-SH-02,SH,2026-04-23,13,13,0,0,13
CH-SH-02-3,ST-SH-02,SH,2026-04-23,5,5,0,0,5
CH-SH-03-1,ST-SH-03,SH,2026-04-23,7,6,1,1,7
CH-SH-03-2,ST-SH-03,SH,2026-04-23,3,3,0,0,3
CH-SH-03-3,ST-SH-03,SH,2026-04-23,3,3,0,0,3
CH-SH-04-1,ST-SH-04,SH,2026-04-23,7,7,0,0,7
CH-SH-04-2,ST-SH-04,SH,2026-04-23,13,13,0,0,13
CH-SH-04-3,ST-SH-04,SH,2026-04-23,5,5,0,0,5
CH-SH-05-1,ST-SH-05,SH,2026-04-23,7,7,0,0,7
CH-SH-05-2,ST-SH-05,SH,2026-04-23,10,10,0,0,10
CH-SH-05-3,ST-SH-05,SH,2026-04-23,3,3,0,0,3
CH-SY-01-1,ST-SY-01,SY,2026-04-23,9,9,0,0,9
CH-SY-01-2,ST-SY-01,SY,2026-04-23,13,13,0,0,13
CH-SY-01-3,ST-SY-01,SY,2026-04-23,5,5,0,0,5
CH-SY-02-1,ST-SY-02,SY,2026-04-23,13,13,0,0,13
CH-SY-02-2,ST-SY-02,SY,2026-04-23,19,18,1,1,19
CH-SY-02-3,ST-SY-02,SY,2026-04-23,4,4,0,0,4
CH-SY-03-1,ST-SY-03,SY,2026-04-23,5,5,0,0,5
CH-SY-03-2,ST-SY-03,SY,2026-04-23,3,3,0,0,3
CH-SY-03-3,ST-SY-03,SY,2026-04-23,2,2,0,0,2
CH-SY-04-1,ST-SY-04,SY,2026-04-23,14,13,1,1,14
CH-SY-04-2,ST-SY-04,SY,2026-04-23,22,22,0,0,22
CH-SY-04-3,ST-SY-04,SY,2026-04-23,5,5,0,0,5
CH-SY-05-1,ST-SY-05,SY,2026-04-23,6,6,0,0,6
CH-SY-05-2,ST-SY-05,SY,2026-04-23,11,11,0,0,11
CH-SY-05-3,ST-SY-05,SY,2026-04-23,3,3,0,0,3
CH-SZ-01-1,ST-SZ-01,SZ,2026-04-23,6,6,0,0,6
CH-SZ-01-2,ST-SZ-01,SZ,2026-04-23,7,7,0,0,7
CH-SZ-01-3,ST-SZ-01,SZ,2026-04-23,5,5,0,0,5
CH-SZ-02-1,ST-SZ-02,SZ,2026-04-23,10,10,0,0,10
CH-SZ-02-2,ST-SZ-02,SZ,2026-04-23,10,10,0,0,10
CH-SZ-02-3,ST-SZ-02,SZ,2026-04-23,2,2,0,0,2
CH-SZ-03-1,ST-SZ-03,SZ,2026-04-23,6,6,0,0,6
CH-SZ-03-2,ST-SZ-03,SZ,2026-04-23,1,1,0,0,1
CH-SZ-03-3,ST-SZ-03,SZ,2026-04-23,1,1,0,0,1
CH-SZ-04-1,ST-SZ-04,SZ,2026-04-23,15,15,0,0,15
CH-SZ-04-2,ST-SZ-04,SZ,2026-04-23,21,21,0,0,20
CH-SZ-04-3,ST-SZ-04,SZ,2026-04-23,5,5,0,0,5
CH-SZ-05-1,ST-SZ-05,SZ,2026-04-23,5,3,2,1,5
CH-SZ-05-2,ST-SZ-05,SZ,2026-04-23,8,8,0,0,8
CH-SZ-05-3,ST-SZ-05,SZ,2026-04-23,4,4,0,0,4
CH-BJ-01-1,ST-BJ-01,BJ,2026-04-24,8,7,1,1,8
CH-BJ-01-2,ST-BJ-01,BJ,2026-04-24,10,10,0,0,10
CH-BJ-01-3,ST-BJ-01,BJ,2026-04-24,5,5,0,0,5
CH-BJ-02-1,ST-BJ-02,BJ,2026-04-24,7,7,0,0,7
CH-BJ-02-2,ST-BJ-02,BJ,2026-04-24,15,15,0,0,15
CH-BJ-02-3,ST-BJ-02,BJ,2026-04-24,3,3,0,0,3
CH-BJ-03-1,ST-BJ-03,BJ,2026-04-24,4,4,0,0,4
CH-BJ-03-2,ST-BJ-03,BJ,2026-04-24,3,3,0,0,3
CH-BJ-03-3,ST-BJ-03,BJ,2026-04-24,3,3,0,0,3
CH-BJ-04-1,ST-BJ-04,BJ,2026-04-24,19,19,0,0,18
CH-BJ-04-2,ST-BJ-04,BJ,2026-04-24,24,24,0,0,24
CH-BJ-04-3,ST-BJ-04,BJ,2026-04-24,7,7,0,0,7
CH-BJ-05-1,ST-BJ-05,BJ,2026-04-24,7,7,0,0,7
CH-BJ-05-2,ST-BJ-05,BJ,2026-04-24,11,10,1,1,11
CH-BJ-05-3,ST-BJ-05,BJ,2026-04-24,5,5,0,0,5
CH-DL-01-1,ST-DL-01,DL,2026-04-24,9,9,0,0,9
CH-DL-01-2,ST-DL-01,DL,2026-04-24,10,10,0,0,10
CH-DL-01-3,ST-DL-01,DL,2026-04-24,7,7,0,0,7
CH-DL-02-1,ST-DL-02,DL,2026-04-24,14,12,2,1,14
CH-DL-02-2,ST-DL-02,DL,2026-04-24,15,15,0,0,15
CH-DL-02-3,ST-DL-02,DL,2026-04-24,5,5,0,0,5
CH-DL-03-1,ST-DL-03,DL,2026-04-24,8,7,1,1,8
CH-DL-03-2,ST-DL-03,DL,2026-04-24,2,2,0,0,2
CH-DL-03-3,ST-DL-03,DL,2026-04-24,2,2,0,0,2
CH-DL-04-1,ST-DL-04,DL,2026-04-24,20,19,1,1,19
CH-DL-04-2,ST-DL-04,DL,2026-04-24,19,19,0,0,18
CH-DL-04-3,ST-DL-04,DL,2026-04-24,7,7,0,0,7
CH-DL-05-1,ST-DL-05,DL,2026-04-24,12,11,1,1,12
CH-DL-05-2,ST-DL-05,DL,2026-04-24,9,9,0,0,9
CH-DL-05-3,ST-DL-05,DL,2026-04-24,6,6,0,0,6
CH-SH-01-1,ST-SH-01,SH,2026-04-24,8,8,0,0,8
CH-SH-01-2,ST-SH-01,SH,2026-04-24,13,12,1,1,13
CH-SH-01-3,ST-SH-01,SH,2026-04-24,5,5,0,0,5
CH-SH-02-1,ST-SH-02,SH,2026-04-24,11,11,0,0,11
CH-SH-02-2,ST-SH-02,SH,2026-04-24,15,15,0,0,15
CH-SH-02-3,ST-SH-02,SH,2026-04-24,4,4,0,0,4
CH-SH-03-1,ST-SH-03,SH,2026-04-24,6,6,0,0,6
CH-SH-03-2,ST-SH-03,SH,2026-04-24,2,2,0,0,2
CH-SH-03-3,ST-SH-03,SH,2026-04-24,3,3,0,0,3
CH-SH-04-1,ST-SH-04,SH,2026-04-24,14,13,1,1,14
CH-SH-04-2,ST-SH-04,SH,2026-04-24,15,15,0,0,15
CH-SH-04-3,ST-SH-04,SH,2026-04-24,5,5,0,0,5
CH-SH-05-1,ST-SH-05,SH,2026-04-24,4,4,0,0,4
CH-SH-05-2,ST-SH-05,SH,2026-04-24,8,8,0,0,8
CH-SH-05-3,ST-SH-05,SH,2026-04-24,4,4,0,0,4
CH-SY-01-1,ST-SY-01,SY,2026-04-24,9,9,0,0,9
CH-SY-01-2,ST-SY-01,SY,2026-04-24,10,10,0,0,10
CH-SY-01-3,ST-SY-01,SY,2026-04-24,3,3,0,0,3
CH-SY-02-1,ST-SY-02,SY,2026-04-24,12,11,1,1,12
CH-SY-02-2,ST-SY-02,SY,2026-04-24,13,13,0,0,13
CH-SY-02-3,ST-SY-02,SY,2026-04-24,4,4,0,0,4
CH-SY-03-1,ST-SY-03,SY,2026-04-24,11,10,1,1,11
CH-SY-03-2,ST-SY-03,SY,2026-04-24,1,1,0,0,1
CH-SY-03-3,ST-SY-03,SY,2026-04-24,3,3,0,0,3
CH-SY-04-1,ST-SY-04,SY,2026-04-24,16,14,2,1,16
CH-SY-04-2,ST-SY-04,SY,2026-04-24,18,17,1,1,18
CH-SY-04-3,ST-SY-04,SY,2026-04-24,7,6,1,1,7
CH-SY-05-1,ST-SY-05,SY,2026-04-24,8,8,0,0,8
CH-SY-05-2,ST-SY-05,SY,2026-04-24,14,13,1,1,13
CH-SY-05-3,ST-SY-05,SY,2026-04-24,6,6,0,0,6
CH-SZ-01-1,ST-SZ-01,SZ,2026-04-24,13,11,2,1,13
CH-SZ-01-2,ST-SZ-01,SZ,2026-04-24,9,9,0,0,9
CH-SZ-01-3,ST-SZ-01,SZ,2026-04-24,3,3,0,0,3
CH-SZ-02-1,ST-SZ-02,SZ,2026-04-24,7,6,1,1,7
CH-SZ-02-2,ST-SZ-02,SZ,2026-04-24,13,12,1,1,13
CH-SZ-02-3,ST-SZ-02,SZ,2026-04-24,4,4,0,0,4
CH-SZ-03-1,ST-SZ-03,SZ,2026-04-24,10,10,0,0,10
CH-SZ-03-2,ST-SZ-03,SZ,2026-04-24,2,2,0,0,2
CH-SZ-03-3,ST-SZ-03,SZ,2026-04-24,1,1,0,0,1
CH-SZ-04-1,ST-SZ-04,SZ,2026-04-24,11,11,0,0,11
CH-SZ-04-2,ST-SZ-04,SZ,2026-04-24,16,16,0,0,16
CH-SZ-04-3,ST-SZ-04,SZ,2026-04-24,4,4,0,0,4
CH-SZ-05-1,ST-SZ-05,SZ,2026-04-24,5,5,0,0,5
CH-SZ-05-2,ST-SZ-05,SZ,2026-04-24,7,7,0,0,7
CH-SZ-05-3,ST-SZ-05,SZ,2026-04-24,3,3,0,0,3
CH-BJ-01-1,ST-BJ-01,BJ,2026-04-25,2,2,0,0,2
CH-BJ-01-2,ST-BJ-01,BJ,2026-04-25,3,3,0,0,3
CH-BJ-01-3,ST-BJ-01,BJ,2026-04-25,1,1,0,0,1
CH-BJ-02-1,ST-BJ-02,BJ,2026-04-25,13,13,0,0,13
CH-BJ-02-2,ST-BJ-02,BJ,2026-04-25,19,19,0,0,19
CH-BJ-02-3,ST-BJ-02,BJ,2026-04-25,6,5,1,1,6
CH-BJ-03-1,ST-BJ-03,BJ,2026-04-25,5,5,0,0,5
CH-BJ-03-2,ST-BJ-03,BJ,2026-04-25,2,2,0,0,2
CH-BJ-03-3,ST-BJ-03,BJ,2026-04-25,3,2,1,1,3
CH-BJ-04-1,ST-BJ-04,BJ,2026-04-25,16,15,1,1,15
CH-BJ-04-2,ST-BJ-04,BJ,2026-04-25,19,18,1,1,19
CH-BJ-04-3,ST-BJ-04,BJ,2026-04-25,5,5,0,0,5
CH-BJ-05-1,ST-BJ-05,BJ,2026-04-25,6,5,1,1,6
CH-BJ-05-2,ST-BJ-05,BJ,2026-04-25,8,8,0,0,8
CH-BJ-05-3,ST-BJ-05,BJ,2026-04-25,3,3,0,0,3
CH-DL-01-1,ST-DL-01,DL,2026-04-25,2,2,0,0,2
CH-DL-01-2,ST-DL-01,DL,2026-04-25,3,3,0,0,3
CH-DL-01-3,ST-DL-01,DL,2026-04-25,2,2,0,0,2
CH-DL-02-1,ST-DL-02,DL,2026-04-25,11,11,0,0,11
CH-DL-02-2,ST-DL-02,DL,2026-04-25,16,16,0,0,16
CH-DL-02-3,ST-DL-02,DL,2026-04-25,4,4,0,0,4
CH-DL-03-1,ST-DL-03,DL,2026-04-25,8,8,0,0,8
CH-DL-03-2,ST-DL-03,DL,2026-04-25,2,2,0,0,2
CH-DL-03-3,ST-DL-03,DL,2026-04-25,3,3,0,0,3
CH-DL-04-1,ST-DL-04,DL,2026-04-25,16,16,0,0,16
CH-DL-04-2,ST-DL-04,DL,2026-04-25,22,18,4,1,22
CH-DL-04-3,ST-DL-04,DL,2026-04-25,6,4,2,1,6
CH-DL-05-1,ST-DL-05,DL,2026-04-25,3,3,0,0,3
CH-DL-05-2,ST-DL-05,DL,2026-04-25,7,7,0,0,7
CH-DL-05-3,ST-DL-05,DL,2026-04-25,4,4,0,0,4
CH-SH-01-1,ST-SH-01,SH,2026-04-25,4,3,1,1,4
CH-SH-01-2,ST-SH-01,SH,2026-04-25,2,2,0,0,2
CH-SH-01-3,ST-SH-01,SH,2026-04-25,2,2,0,0,2
CH-SH-02-1,ST-SH-02,SH,2026-04-25,13,13,0,0,13
CH-SH-02-2,ST-SH-02,SH,2026-04-25,18,17,1,1,18
CH-SH-02-3,ST-SH-02,SH,2026-04-25,7,7,0,0,7
CH-SH-03-1,ST-SH-03,SH,2026-04-25,12,12,0,0,12
CH-SH-03-2,ST-SH-03,SH,2026-04-25,3,3,0,0,3
CH-SH-03-3,ST-SH-03,SH,2026-04-25,4,3,1,1,4
CH-SH-04-1,ST-SH-04,SH,2026-04-25,11,10,1,1,11
CH-SH-04-2,ST-SH-04,SH,2026-04-25,16,16,0,0,16
CH-SH-04-3,ST-SH-04,SH,2026-04-25,4,4,0,0,4
CH-SH-05-1,ST-SH-05,SH,2026-04-25,7,6,1,1,7
CH-SH-05-2,ST-SH-05,SH,2026-04-25,5,5,0,0,5
CH-SH-05-3,ST-SH-05,SH,2026-04-25,4,4,0,0,4
CH-SY-01-1,ST-SY-01,SY,2026-04-25,3,3,0,0,3
CH-SY-01-2,ST-SY-01,SY,2026-04-25,5,5,0,0,5
CH-SY-01-3,ST-SY-01,SY,2026-04-25,3,3,0,0,3
CH-SY-02-1,ST-SY-02,SY,2026-04-25,13,12,1,1,12
CH-SY-02-2,ST-SY-02,SY,2026-04-25,12,11,1,1,12
CH-SY-02-3,ST-SY-02,SY,2026-04-25,4,4,0,0,4
CH-SY-03-1,ST-SY-03,SY,2026-04-25,6,6,0,0,6
CH-SY-03-2,ST-SY-03,SY,2026-04-25,2,2,0,0,2
CH-SY-03-3,ST-SY-03,SY,2026-04-25,2,2,0,0,2
CH-SY-04-1,ST-SY-04,SY,2026-04-25,13,13,0,0,13
CH-SY-04-2,ST-SY-04,SY,2026-04-25,21,20,1,1,21
CH-SY-04-3,ST-SY-04,SY,2026-04-25,6,4,2,1,6
CH-SY-05-1,ST-SY-05,SY,2026-04-25,3,3,0,0,3
CH-SY-05-2,ST-SY-05,SY,2026-04-25,4,4,0,0,4
CH-SY-05-3,ST-SY-05,SY,2026-04-25,5,5,0,0,5
CH-SZ-01-1,ST-SZ-01,SZ,2026-04-25,3,3,0,0,3
CH-SZ-01-2,ST-SZ-01,SZ,2026-04-25,5,5,0,0,5
CH-SZ-01-3,ST-SZ-01,SZ,2026-04-25,4,4,0,0,4
CH-SZ-02-1,ST-SZ-02,SZ,2026-04-25,11,10,1,1,11
CH-SZ-02-2,ST-SZ-02,SZ,2026-04-25,10,10,0,0,10
CH-SZ-02-3,ST-SZ-02,SZ,2026-04-25,3,3,0,0,3
CH-SZ-03-1,ST-SZ-03,SZ,2026-04-25,11,10,1,1,11
CH-SZ-03-2,ST-SZ-03,SZ,2026-04-25,4,4,0,0,4
CH-SZ-03-3,ST-SZ-03,SZ,2026-04-25,4,4,0,0,4
CH-SZ-04-1,ST-SZ-04,SZ,2026-04-25,17,16,1,1,17
CH-SZ-04-2,ST-SZ-04,SZ,2026-04-25,16,15,1,1,14
CH-SZ-04-3,ST-SZ-04,SZ,2026-04-25,5,5,0,0,5
CH-SZ-05-1,ST-SZ-05,SZ,2026-04-25,4,4,0,0,4
CH-SZ-05-2,ST-SZ-05,SZ,2026-04-25,5,5,0,0,5
CH-SZ-05-3,ST-SZ-05,SZ,2026-04-25,3,3,0,0,3
CH-BJ-01-1,ST-BJ-01,BJ,2026-04-26,2,2,0,0,2
CH-BJ-01-2,ST-BJ-01,BJ,2026-04-26,1,1,0,0,1
CH-BJ-01-3,ST-BJ-01,BJ,2026-04-26,2,2,0,0,2
CH-BJ-02-1,ST-BJ-02,BJ,2026-04-26,9,9,0,0,9
CH-BJ-02-2,ST-BJ-02,BJ,2026-04-26,12,12,0,0,12
CH-BJ-02-3,ST-BJ-02,BJ,2026-04-26,3,3,0,0,3
CH-BJ-03-1,ST-BJ-03,BJ,2026-04-26,8,7,1,1,8
CH-BJ-03-2,ST-BJ-03,BJ,2026-04-26,1,1,0,0,1
CH-BJ-03-3,ST-BJ-03,BJ,2026-04-26,1,1,0,0,1
CH-BJ-04-1,ST-BJ-04,BJ,2026-04-26,17,17,0,0,16
CH-BJ-04-2,ST-BJ-04,BJ,2026-04-26,24,24,0,0,24
CH-BJ-04-3,ST-BJ-04,BJ,2026-04-26,5,5,0,0,5
CH-BJ-05-1,ST-BJ-05,BJ,2026-04-26,8,2,6,1,8
CH-BJ-05-2,ST-BJ-05,BJ,2026-04-26,2,2,0,0,2
CH-BJ-05-3,ST-BJ-05,BJ,2026-04-26,4,4,0,0,4
CH-DL-01-1,ST-DL-01,DL,2026-04-26,2,2,0,0,2
CH-DL-01-2,ST-DL-01,DL,2026-04-26,8,8,0,0,8
CH-DL-01-3,ST-DL-01,DL,2026-04-26,3,3,0,0,3
CH-DL-02-1,ST-DL-02,DL,2026-04-26,11,9,2,1,11
CH-DL-02-2,ST-DL-02,DL,2026-04-26,13,13,0,0,13
CH-DL-02-3,ST-DL-02,DL,2026-04-26,5,5,0,0,5
CH-DL-03-1,ST-DL-03,DL,2026-04-26,6,6,0,0,6
CH-DL-03-2,ST-DL-03,DL,2026-04-26,1,1,0,0,1
CH-DL-03-3,ST-DL-03,DL,2026-04-26,1,1,0,0,1
CH-DL-04-1,ST-DL-04,DL,2026-04-26,22,20,2,1,22
CH-DL-04-2,ST-DL-04,DL,2026-04-26,22,21,1,1,21
CH-DL-04-3,ST-DL-04,DL,2026-04-26,5,5,0,0,4
CH-DL-05-1,ST-DL-05,DL,2026-04-26,6,6,0,0,6
CH-DL-05-2,ST-DL-05,DL,2026-04-26,4,4,0,0,4
CH-DL-05-3,ST-DL-05,DL,2026-04-26,4,4,0,0,4
CH-SH-01-1,ST-SH-01,SH,2026-04-26,2,2,0,0,2
CH-SH-01-2,ST-SH-01,SH,2026-04-26,1,1,0,0,1
CH-SH-01-3,ST-SH-01,SH,2026-04-26,2,2,0,0,2
CH-SH-02-1,ST-SH-02,SH,2026-04-26,11,10,1,1,11
CH-SH-02-2,ST-SH-02,SH,2026-04-26,12,12,0,0,12
CH-SH-02-3,ST-SH-02,SH,2026-04-26,5,5,0,0,5
CH-SH-03-1,ST-SH-03,SH,2026-04-26,8,8,0,0,8
CH-SH-03-2,ST-SH-03,SH,2026-04-26,1,1,0,0,1
CH-SH-03-3,ST-SH-03,SH,2026-04-26,3,3,0,0,3
CH-SH-04-1,ST-SH-04,SH,2026-04-26,13,11,2,1,13
CH-SH-04-2,ST-SH-04,SH,2026-04-26,19,17,2,1,19
CH-SH-04-3,ST-SH-04,SH,2026-04-26,4,4,0,0,4
CH-SH-05-1,ST-SH-05,SH,2026-04-26,4,4,0,0,4
CH-SH-05-2,ST-SH-05,SH,2026-04-26,4,4,0,0,4
CH-SH-05-3,ST-SH-05,SH,2026-04-26,5,5,0,0,5
CH-SY-01-1,ST-SY-01,SY,2026-04-26,6,6,0,0,6
CH-SY-01-2,ST-SY-01,SY,2026-04-26,5,5,0,0,5
CH-SY-01-3,ST-SY-01,SY,2026-04-26,3,3,0,0,3
CH-SY-02-1,ST-SY-02,SY,2026-04-26,17,14,3,1,17
CH-SY-02-2,ST-SY-02,SY,2026-04-26,10,10,0,0,10
CH-SY-02-3,ST-SY-02,SY,2026-04-26,5,5,0,0,5
CH-SY-03-1,ST-SY-03,SY,2026-04-26,8,7,1,1,8
CH-SY-03-2,ST-SY-03,SY,2026-04-26,2,2,0,0,2
CH-SY-03-3,ST-SY-03,SY,2026-04-26,3,3,0,0,3
CH-SY-04-1,ST-SY-04,SY,2026-04-26,17,15,2,1,17
CH-SY-04-2,ST-SY-04,SY,2026-04-26,25,23,2,1,24
CH-SY-04-3,ST-SY-04,SY,2026-04-26,5,5,0,0,5
CH-SY-05-1,ST-SY-05,SY,2026-04-26,8,7,1,1,8
CH-SY-05-2,ST-SY-05,SY,2026-04-26,4,4,0,0,4
CH-SY-05-3,ST-SY-05,SY,2026-04-26,3,3,0,0,3
CH-SZ-01-1,ST-SZ-01,SZ,2026-04-26,4,3,1,1,4
CH-SZ-01-2,ST-SZ-01,SZ,2026-04-26,3,3,0,0,3
CH-SZ-01-3,ST-SZ-01,SZ,2026-04-26,4,4,0,0,4
CH-SZ-02-1,ST-SZ-02,SZ,2026-04-26,13,12,1,1,13
CH-SZ-02-2,ST-SZ-02,SZ,2026-04-26,16,15,1,1,16
CH-SZ-02-3,ST-SZ-02,SZ,2026-04-26,5,5,0,0,5
CH-SZ-03-1,ST-SZ-03,SZ,2026-04-26,9,8,1,1,9
CH-SZ-03-2,ST-SZ-03,SZ,2026-04-26,2,2,0,0,2
CH-SZ-03-3,ST-SZ-03,SZ,2026-04-26,2,2,0,0,2
CH-SZ-04-1,ST-SZ-04,SZ,2026-04-26,15,14,1,1,14
CH-SZ-04-2,ST-SZ-04,SZ,2026-04-26,19,17,2,1,19
CH-SZ-04-3,ST-SZ-04,SZ,2026-04-26,5,5,0,0,5
CH-SZ-05-1,ST-SZ-05,SZ,2026-04-26,6,6,0,0,6
CH-SZ-05-2,ST-SZ-05,SZ,2026-04-26,8,8,0,0,8
CH-SZ-05-3,ST-SZ-05,SZ,2026-04-26,3,3,0,0,3
CH-BJ-01-1,ST-BJ-01,BJ,2026-04-27,8,8,0,0,8
CH-BJ-01-2,ST-BJ-01,BJ,2026-04-27,14,13,1,1,14
CH-BJ-01-3,ST-BJ-01,BJ,2026-04-27,5,5,0,0,5
CH-BJ-02-1,ST-BJ-02,BJ,2026-04-27,10,8,2,1,10
CH-BJ-02-2,ST-BJ-02,BJ,2026-04-27,11,11,0,0,11
CH-BJ-02-3,ST-BJ-02,BJ,2026-04-27,3,3,0,0,3
CH-BJ-03-1,ST-BJ-03,BJ,2026-04-27,5,4,1,1,5
CH-BJ-03-2,ST-BJ-03,BJ,2026-04-27,2,2,0,0,2
CH-BJ-03-3,ST-BJ-03,BJ,2026-04-27,3,3,0,0,3
CH-BJ-04-1,ST-BJ-04,BJ,2026-04-27,17,14,3,1,17
CH-BJ-04-2,ST-BJ-04,BJ,2026-04-27,18,17,1,1,18
CH-BJ-04-3,ST-BJ-04,BJ,2026-04-27,6,6,0,0,6
CH-BJ-05-1,ST-BJ-05,BJ,2026-04-27,7,7,0,0,7
CH-BJ-05-2,ST-BJ-05,BJ,2026-04-27,9,9,0,0,9
CH-BJ-05-3,ST-BJ-05,BJ,2026-04-27,4,4,0,0,4
CH-DL-01-1,ST-DL-01,DL,2026-04-27,10,9,1,1,10
CH-DL-01-2,ST-DL-01,DL,2026-04-27,14,14,0,0,14
CH-DL-01-3,ST-DL-01,DL,2026-04-27,2,2,0,0,2
CH-DL-02-1,ST-DL-02,DL,2026-04-27,7,7,0,0,7
CH-DL-02-2,ST-DL-02,DL,2026-04-27,18,17,1,1,18
CH-DL-02-3,ST-DL-02,DL,2026-04-27,6,6,0,0,6
CH-DL-03-1,ST-DL-03,DL,2026-04-27,5,4,1,1,5
CH-DL-03-2,ST-DL-03,DL,2026-04-27,2,2,0,0,2
CH-DL-03-3,ST-DL-03,DL,2026-04-27,2,2,0,0,2
CH-DL-04-1,ST-DL-04,DL,2026-04-27,14,13,1,1,14
CH-DL-04-2,ST-DL-04,DL,2026-04-27,18,17,1,1,18
CH-DL-04-3,ST-DL-04,DL,2026-04-27,6,4,2,1,6
CH-DL-05-1,ST-DL-05,DL,2026-04-27,9,8,1,1,9
CH-DL-05-2,ST-DL-05,DL,2026-04-27,6,5,1,1,6
CH-DL-05-3,ST-DL-05,DL,2026-04-27,3,3,0,0,3
CH-SH-01-1,ST-SH-01,SH,2026-04-27,6,6,0,0,6
CH-SH-01-2,ST-SH-01,SH,2026-04-27,11,11,0,0,11
CH-SH-01-3,ST-SH-01,SH,2026-04-27,5,5,0,0,5
CH-SH-02-1,ST-SH-02,SH,2026-04-27,15,15,0,0,15
CH-SH-02-2,ST-SH-02,SH,2026-04-27,16,16,0,0,16
CH-SH-02-3,ST-SH-02,SH,2026-04-27,5,4,1,1,5
CH-SH-03-1,ST-SH-03,SH,2026-04-27,9,9,0,0,9
CH-SH-03-2,ST-SH-03,SH,2026-04-27,1,1,0,0,1
CH-SH-03-3,ST-SH-03,SH,2026-04-27,1,1,0,0,1
CH-SH-04-1,ST-SH-04,SH,2026-04-27,18,16,2,1,18
CH-SH-04-2,ST-SH-04,SH,2026-04-27,17,17,0,0,17
CH-SH-04-3,ST-SH-04,SH,2026-04-27,5,5,0,0,5
CH-SH-05-1,ST-SH-05,SH,2026-04-27,9,6,3,1,9
CH-SH-05-2,ST-SH-05,SH,2026-04-27,6,5,1,1,6
CH-SH-05-3,ST-SH-05,SH,2026-04-27,4,4,0,0,4
CH-SY-01-1,ST-SY-01,SY,2026-04-27,8,8,0,0,8
CH-SY-01-2,ST-SY-01,SY,2026-04-27,10,10,0,0,10
CH-SY-01-3,ST-SY-01,SY,2026-04-27,6,6,0,0,6
CH-SY-02-1,ST-SY-02,SY,2026-04-27,12,12,0,0,12
CH-SY-02-2,ST-SY-02,SY,2026-04-27,11,11,0,0,11
CH-SY-02-3,ST-SY-02,SY,2026-04-27,4,4,0,0,4
CH-SY-03-1,ST-SY-03,SY,2026-04-27,13,11,2,1,12
CH-SY-03-2,ST-SY-03,SY,2026-04-27,2,2,0,0,2
CH-SY-03-3,ST-SY-03,SY,2026-04-27,3,3,0,0,3
CH-SY-04-1,ST-SY-04,SY,2026-04-27,14,14,0,0,14
CH-SY-04-2,ST-SY-04,SY,2026-04-27,23,23,0,0,22
CH-SY-04-3,ST-SY-04,SY,2026-04-27,4,4,0,0,4
CH-SY-05-1,ST-SY-05,SY,2026-04-27,9,8,1,1,9
CH-SY-05-2,ST-SY-05,SY,2026-04-27,12,12,0,0,12
CH-SY-05-3,ST-SY-05,SY,2026-04-27,5,5,0,0,5
CH-SZ-01-1,ST-SZ-01,SZ,2026-04-27,9,8,1,1,9
CH-SZ-01-2,ST-SZ-01,SZ,2026-04-27,9,9,0,0,9
CH-SZ-01-3,ST-SZ-01,SZ,2026-04-27,3,3,0,0,3
CH-SZ-02-1,ST-SZ-02,SZ,2026-04-27,12,11,1,1,12
CH-SZ-02-2,ST-SZ-02,SZ,2026-04-27,13,13,0,0,13
CH-SZ-02-3,ST-SZ-02,SZ,2026-04-27,5,5,0,0,5
CH-SZ-03-1,ST-SZ-03,SZ,2026-04-27,7,7,0,0,7
CH-SZ-03-2,ST-SZ-03,SZ,2026-04-27,2,2,0,0,2
CH-SZ-03-3,ST-SZ-03,SZ,2026-04-27,3,3,0,0,3
CH-SZ-04-1,ST-SZ-04,SZ,2026-04-27,12,12,0,0,12
CH-SZ-04-2,ST-SZ-04,SZ,2026-04-27,19,19,0,0,19
CH-SZ-04-3,ST-SZ-04,SZ,2026-04-27,5,4,1,1,5
CH-SZ-05-1,ST-SZ-05,SZ,2026-04-27,5,4,1,1,5
CH-SZ-05-2,ST-SZ-05,SZ,2026-04-27,10,10,0,0,10
CH-SZ-05-3,ST-SZ-05,SZ,2026-04-27,4,4,0,0,4
CH-BJ-01-1,ST-BJ-01,BJ,2026-04-28,7,6,1,1,7
CH-BJ-01-2,ST-BJ-01,BJ,2026-04-28,9,8,1,1,9
CH-BJ-01-3,ST-BJ-01,BJ,2026-04-28,4,4,0,0,4
CH-BJ-02-1,ST-BJ-02,BJ,2026-04-28,6,5,1,1,6
CH-BJ-02-2,ST-BJ-02,BJ,2026-04-28,10,10,0,0,10
CH-BJ-02-3,ST-BJ-02,BJ,2026-04-28,4,4,0,0,4
CH-BJ-03-1,ST-BJ-03,BJ,2026-04-28,9,7,2,1,9
CH-BJ-03-2,ST-BJ-03,BJ,2026-04-28,3,3,0,0,3
CH-BJ-03-3,ST-BJ-03,BJ,2026-04-28,3,3,0,0,3
CH-BJ-04-1,ST-BJ-04,BJ,2026-04-28,12,12,0,0,12
CH-BJ-04-2,ST-BJ-04,BJ,2026-04-28,18,18,0,0,18
CH-BJ-04-3,ST-BJ-04,BJ,2026-04-28,8,8,0,0,8
CH-BJ-05-1,ST-BJ-05,BJ,2026-04-28,6,6,0,0,6
CH-BJ-05-2,ST-BJ-05,BJ,2026-04-28,11,11,0,0,11
CH-BJ-05-3,ST-BJ-05,BJ,2026-04-28,2,2,0,0,2
CH-DL-01-1,ST-DL-01,DL,2026-04-28,7,7,0,0,7
CH-DL-01-2,ST-DL-01,DL,2026-04-28,13,13,0,0,13
CH-DL-01-3,ST-DL-01,DL,2026-04-28,4,4,0,0,4
CH-DL-02-1,ST-DL-02,DL,2026-04-28,10,10,0,0,10
CH-DL-02-2,ST-DL-02,DL,2026-04-28,11,11,0,0,11
CH-DL-02-3,ST-DL-02,DL,2026-04-28,4,4,0,0,4
CH-DL-03-1,ST-DL-03,DL,2026-04-28,6,6,0,0,6
CH-DL-03-2,ST-DL-03,DL,2026-04-28,3,3,0,0,3
CH-DL-03-3,ST-DL-03,DL,2026-04-28,3,3,0,0,3
CH-DL-04-1,ST-DL-04,DL,2026-04-28,14,14,0,0,13
CH-DL-04-2,ST-DL-04,DL,2026-04-28,20,19,1,1,19
CH-DL-04-3,ST-DL-04,DL,2026-04-28,5,5,0,0,5
CH-DL-05-1,ST-DL-05,DL,2026-04-28,7,6,1,1,7
CH-DL-05-2,ST-DL-05,DL,2026-04-28,14,14,0,0,14
CH-DL-05-3,ST-DL-05,DL,2026-04-28,5,5,0,0,5
CH-SH-01-1,ST-SH-01,SH,2026-04-28,13,12,1,1,13
CH-SH-01-2,ST-SH-01,SH,2026-04-28,9,9,0,0,9
CH-SH-01-3,ST-SH-01,SH,2026-04-28,5,5,0,0,5
CH-SH-02-1,ST-SH-02,SH,2026-04-28,9,9,0,0,9
CH-SH-02-2,ST-SH-02,SH,2026-04-28,8,8,0,0,8
CH-SH-02-3,ST-SH-02,SH,2026-04-28,3,3,0,0,3
CH-SH-03-1,ST-SH-03,SH,2026-04-28,8,8,0,0,8
CH-SH-03-2,ST-SH-03,SH,2026-04-28,3,3,0,0,3
CH-SH-03-3,ST-SH-03,SH,2026-04-28,4,4,0,0,4
CH-SH-04-1,ST-SH-04,SH,2026-04-28,13,13,0,0,13
CH-SH-04-2,ST-SH-04,SH,2026-04-28,23,21,2,1,23
CH-SH-04-3,ST-SH-04,SH,2026-04-28,5,5,0,0,5
CH-SH-05-1,ST-SH-05,SH,2026-04-28,8,8,0,0,8
CH-SH-05-2,ST-SH-05,SH,2026-04-28,9,9,0,0,9
CH-SH-05-3,ST-SH-05,SH,2026-04-28,4,4,0,0,4
CH-SY-01-1,ST-SY-01,SY,2026-04-28,8,8,0,0,8
CH-SY-01-2,ST-SY-01,SY,2026-04-28,11,11,0,0,11
CH-SY-01-3,ST-SY-01,SY,2026-04-28,5,5,0,0,5
CH-SY-02-1,ST-SY-02,SY,2026-04-28,17,14,3,1,17
CH-SY-02-2,ST-SY-02,SY,2026-04-28,12,12,0,0,12
CH-SY-02-3,ST-SY-02,SY,2026-04-28,6,5,1,1,6
CH-SY-03-1,ST-SY-03,SY,2026-04-28,9,9,0,0,9
CH-SY-03-2,ST-SY-03,SY,2026-04-28,4,4,0,0,4
CH-SY-03-3,ST-SY-03,SY,2026-04-28,3,3,0,0,3
CH-SY-04-1,ST-SY-04,SY,2026-04-28,15,14,1,1,14
CH-SY-04-2,ST-SY-04,SY,2026-04-28,18,18,0,0,17
CH-SY-04-3,ST-SY-04,SY,2026-04-28,6,5,1,1,6
CH-SY-05-1,ST-SY-05,SY,2026-04-28,9,8,1,1,9
CH-SY-05-2,ST-SY-05,SY,2026-04-28,10,9,1,1,10
CH-SY-05-3,ST-SY-05,SY,2026-04-28,3,3,0,0,3
CH-SZ-01-1,ST-SZ-01,SZ,2026-04-28,8,8,0,0,8
CH-SZ-01-2,ST-SZ-01,SZ,2026-04-28,8,8,0,0,8
CH-SZ-01-3,ST-SZ-01,SZ,2026-04-28,3,3,0,0,3
CH-SZ-02-1,ST-SZ-02,SZ,2026-04-28,14,11,3,1,14
CH-SZ-02-2,ST-SZ-02,SZ,2026-04-28,12,12,0,0,12
CH-SZ-02-3,ST-SZ-02,SZ,2026-04-28,3,3,0,0,3
CH-SZ-03-1,ST-SZ-03,SZ,2026-04-28,7,7,0,0,7
CH-SZ-03-2,ST-SZ-03,SZ,2026-04-28,2,2,0,0,2
CH-SZ-03-3,ST-SZ-03,SZ,2026-04-28,2,2,0,0,2
CH-SZ-04-1,ST-SZ-04,SZ,2026-04-28,14,10,4,1,14
CH-SZ-04-2,ST-SZ-04,SZ,2026-04-28,21,21,0,0,21
CH-SZ-04-3,ST-SZ-04,SZ,2026-04-28,4,4,0,0,4
CH-SZ-05-1,ST-SZ-05,SZ,2026-04-28,10,8,2,1,10
CH-SZ-05-2,ST-SZ-05,SZ,2026-04-28,11,10,1,1,11
CH-SZ-05-3,ST-SZ-05,SZ,2026-04-28,4,4,0,0,4
CH-BJ-01-1,ST-BJ-01,BJ,2026-04-29,6,4,2,1,6
CH-BJ-01-2,ST-BJ-01,BJ,2026-04-29,11,11,0,0,11
CH-BJ-01-3,ST-BJ-01,BJ,2026-04-29,5,5,0,0,5
CH-BJ-02-1,ST-BJ-02,BJ,2026-04-29,13,12,1,1,13
CH-BJ-02-2,ST-BJ-02,BJ,2026-04-29,13,13,0,0,13
CH-BJ-02-3,ST-BJ-02,BJ,2026-04-29,3,3,0,0,3
CH-BJ-03-1,ST-BJ-03,BJ,2026-04-29,9,8,1,1,9
CH-BJ-03-2,ST-BJ-03,BJ,2026-04-29,3,3,0,0,3
CH-BJ-03-3,ST-BJ-03,BJ,2026-04-29,2,2,0,0,2
CH-BJ-04-1,ST-BJ-04,BJ,2026-04-29,14,11,3,1,14
CH-BJ-04-2,ST-BJ-04,BJ,2026-04-29,23,22,1,1,23
CH-BJ-04-3,ST-BJ-04,BJ,2026-04-29,5,5,0,0,5
CH-BJ-05-1,ST-BJ-05,BJ,2026-04-29,10,10,0,0,10
CH-BJ-05-2,ST-BJ-05,BJ,2026-04-29,9,9,0,0,9
CH-BJ-05-3,ST-BJ-05,BJ,2026-04-29,4,4,0,0,4
CH-DL-01-1,ST-DL-01,DL,2026-04-29,4,4,0,0,4
CH-DL-01-2,ST-DL-01,DL,2026-04-29,10,10,0,0,10
CH-DL-01-3,ST-DL-01,DL,2026-04-29,2,2,0,0,2
CH-DL-02-1,ST-DL-02,DL,2026-04-29,12,12,0,0,12
CH-DL-02-2,ST-DL-02,DL,2026-04-29,20,19,1,1,20
CH-DL-02-3,ST-DL-02,DL,2026-04-29,6,6,0,0,6
CH-DL-03-1,ST-DL-03,DL,2026-04-29,5,5,0,0,5
CH-DL-03-2,ST-DL-03,DL,2026-04-29,3,3,0,0,3
CH-DL-03-3,ST-DL-03,DL,2026-04-29,3,3,0,0,3
CH-DL-04-1,ST-DL-04,DL,2026-04-29,13,12,1,1,13
CH-DL-04-2,ST-DL-04,DL,2026-04-29,20,20,0,0,20
CH-DL-04-3,ST-DL-04,DL,2026-04-29,6,6,0,0,6
CH-DL-05-1,ST-DL-05,DL,2026-04-29,9,9,0,0,9
CH-DL-05-2,ST-DL-05,DL,2026-04-29,7,7,0,0,7
CH-DL-05-3,ST-DL-05,DL,2026-04-29,3,3,0,0,3
CH-SH-01-1,ST-SH-01,SH,2026-04-29,6,6,0,0,6
CH-SH-01-2,ST-SH-01,SH,2026-04-29,13,12,1,1,13
CH-SH-01-3,ST-SH-01,SH,2026-04-29,4,4,0,0,4
CH-SH-02-1,ST-SH-02,SH,2026-04-29,11,11,0,0,11
CH-SH-02-2,ST-SH-02,SH,2026-04-29,14,13,1,1,14
CH-SH-02-3,ST-SH-02,SH,2026-04-29,6,5,1,1,6
CH-SH-03-1,ST-SH-03,SH,2026-04-29,9,9,0,0,9
CH-SH-03-2,ST-SH-03,SH,2026-04-29,4,4,0,0,4
CH-SH-03-3,ST-SH-03,SH,2026-04-29,2,2,0,0,2
CH-SH-04-1,ST-SH-04,SH,2026-04-29,15,15,0,0,15
CH-SH-04-2,ST-SH-04,SH,2026-04-29,18,17,1,1,18
CH-SH-04-3,ST-SH-04,SH,2026-04-29,5,5,0,0,5
CH-SH-05-1,ST-SH-05,SH,2026-04-29,12,12,0,0,12
CH-SH-05-2,ST-SH-05,SH,2026-04-29,8,8,0,0,8
CH-SH-05-3,ST-SH-05,SH,2026-04-29,5,5,0,0,5
CH-SY-01-1,ST-SY-01,SY,2026-04-29,15,14,1,1,15
CH-SY-01-2,ST-SY-01,SY,2026-04-29,13,12,1,1,13
CH-SY-01-3,ST-SY-01,SY,2026-04-29,3,3,0,0,3
CH-SY-02-1,ST-SY-02,SY,2026-04-29,14,14,0,0,14
CH-SY-02-2,ST-SY-02,SY,2026-04-29,15,14,1,1,15
CH-SY-02-3,ST-SY-02,SY,2026-04-29,4,4,0,0,4
CH-SY-03-1,ST-SY-03,SY,2026-04-29,7,7,0,0,7
CH-SY-03-2,ST-SY-03,SY,2026-04-29,3,3,0,0,3
CH-SY-03-3,ST-SY-03,SY,2026-04-29,2,2,0,0,2
CH-SY-04-1,ST-SY-04,SY,2026-04-29,15,14,1,1,14
CH-SY-04-2,ST-SY-04,SY,2026-04-29,22,21,1,1,21
CH-SY-04-3,ST-SY-04,SY,2026-04-29,6,6,0,0,6
CH-SY-05-1,ST-SY-05,SY,2026-04-29,6,6,0,0,6
CH-SY-05-2,ST-SY-05,SY,2026-04-29,10,10,0,0,10
CH-SY-05-3,ST-SY-05,SY,2026-04-29,4,3,1,1,4
CH-SZ-01-1,ST-SZ-01,SZ,2026-04-29,10,9,1,1,10
CH-SZ-01-2,ST-SZ-01,SZ,2026-04-29,10,10,0,0,10
CH-SZ-01-3,ST-SZ-01,SZ,2026-04-29,5,5,0,0,5
CH-SZ-02-1,ST-SZ-02,SZ,2026-04-29,10,10,0,0,10
CH-SZ-02-2,ST-SZ-02,SZ,2026-04-29,6,6,0,0,6
CH-SZ-02-3,ST-SZ-02,SZ,2026-04-29,2,2,0,0,2
CH-SZ-03-1,ST-SZ-03,SZ,2026-04-29,7,6,1,1,7
CH-SZ-03-2,ST-SZ-03,SZ,2026-04-29,2,2,0,0,2
CH-SZ-03-3,ST-SZ-03,SZ,2026-04-29,3,3,0,0,3
CH-SZ-04-1,ST-SZ-04,SZ,2026-04-29,17,15,2,1,17
CH-SZ-04-2,ST-SZ-04,SZ,2026-04-29,14,13,1,1,14
CH-SZ-04-3,ST-SZ-04,SZ,2026-04-29,5,5,0,0,5
CH-SZ-05-1,ST-SZ-05,SZ,2026-04-29,9,9,0,0,9
CH-SZ-05-2,ST-SZ-05,SZ,2026-04-29,8,8,0,0,8
CH-SZ-05-3,ST-SZ-05,SZ,2026-04-29,5,5,0,0,5
CH-BJ-01-1,ST-BJ-01,BJ,2026-04-30,11,10,1,1,11
CH-BJ-01-2,ST-BJ-01,BJ,2026-04-30,8,8,0,0,8
CH-BJ-01-3,ST-BJ-01,BJ,2026-04-30,4,4,0,0,4
CH-BJ-02-1,ST-BJ-02,BJ,2026-04-30,9,9,0,0,9
CH-BJ-02-2,ST-BJ-02,BJ,2026-04-30,10,10,0,0,10
CH-BJ-02-3,ST-BJ-02,BJ,2026-04-30,5,5,0,0,5
CH-BJ-03-1,ST-BJ-03,BJ,2026-04-30,9,9,0,0,9
CH-BJ-03-2,ST-BJ-03,BJ,2026-04-30,2,2,0,0,2
CH-BJ-03-3,ST-BJ-03,BJ,2026-04-30,2,2,0,0,2
CH-BJ-04-1,ST-BJ-04,BJ,2026-04-30,20,20,0,0,19
CH-BJ-04-2,ST-BJ-04,BJ,2026-04-30,27,26,1,1,27
CH-BJ-04-3,ST-BJ-04,BJ,2026-04-30,3,3,0,0,3
CH-BJ-05-1,ST-BJ-05,BJ,2026-04-30,9,9,0,0,9
CH-BJ-05-2,ST-BJ-05,BJ,2026-04-30,9,8,1,1,9
CH-BJ-05-3,ST-BJ-05,BJ,2026-04-30,4,4,0,0,4
CH-DL-01-1,ST-DL-01,DL,2026-04-30,10,8,2,1,10
CH-DL-01-2,ST-DL-01,DL,2026-04-30,9,9,0,0,9
CH-DL-01-3,ST-DL-01,DL,2026-04-30,2,2,0,0,2
CH-DL-02-1,ST-DL-02,DL,2026-04-30,12,12,0,0,12
CH-DL-02-2,ST-DL-02,DL,2026-04-30,14,14,0,0,14
CH-DL-02-3,ST-DL-02,DL,2026-04-30,6,6,0,0,6
CH-DL-03-1,ST-DL-03,DL,2026-04-30,6,5,1,1,6
CH-DL-03-2,ST-DL-03,DL,2026-04-30,2,2,0,0,2
CH-DL-03-3,ST-DL-03,DL,2026-04-30,2,2,0,0,2
CH-DL-04-1,ST-DL-04,DL,2026-04-30,18,15,3,1,18
CH-DL-04-2,ST-DL-04,DL,2026-04-30,18,16,2,1,18
CH-DL-04-3,ST-DL-04,DL,2026-04-30,5,4,1,1,5
CH-DL-05-1,ST-DL-05,DL,2026-04-30,7,7,0,0,7
CH-DL-05-2,ST-DL-05,DL,2026-04-30,10,10,0,0,10
CH-DL-05-3,ST-DL-05,DL,2026-04-30,2,2,0,0,2
CH-SH-01-1,ST-SH-01,SH,2026-04-30,6,6,0,0,6
CH-SH-01-2,ST-SH-01,SH,2026-04-30,7,6,1,1,7
CH-SH-01-3,ST-SH-01,SH,2026-04-30,3,3,0,0,3
CH-SH-02-1,ST-SH-02,SH,2026-04-30,11,11,0,0,11
CH-SH-02-2,ST-SH-02,SH,2026-04-30,15,14,1,1,15
CH-SH-02-3,ST-SH-02,SH,2026-04-30,4,4,0,0,4
CH-SH-03-1,ST-SH-03,SH,2026-04-30,13,13,0,0,13
CH-SH-03-2,ST-SH-03,SH,2026-04-30,3,3,0,0,3
CH-SH-03-3,ST-SH-03,SH,2026-04-30,3,3,0,0,3
CH-SH-04-1,ST-SH-04,SH,2026-04-30,11,11,0,0,11
CH-SH-04-2,ST-SH-04,SH,2026-04-30,18,18,0,0,17
CH-SH-04-3,ST-SH-04,SH,2026-04-30,7,6,1,1,7
CH-SH-05-1,ST-SH-05,SH,2026-04-30,9,9,0,0,9
CH-SH-05-2,ST-SH-05,SH,2026-04-30,10,10,0,0,10
CH-SH-05-3,ST-SH-05,SH,2026-04-30,3,3,0,0,3
CH-SY-01-1,ST-SY-01,SY,2026-04-30,9,8,1,1,9
CH-SY-01-2,ST-SY-01,SY,2026-04-30,10,10,0,0,10
CH-SY-01-3,ST-SY-01,SY,2026-04-30,3,3,0,0,3
CH-SY-02-1,ST-SY-02,SY,2026-04-30,12,11,1,1,12
CH-SY-02-2,ST-SY-02,SY,2026-04-30,18,18,0,0,18
CH-SY-02-3,ST-SY-02,SY,2026-04-30,2,2,0,0,2
CH-SY-03-1,ST-SY-03,SY,2026-04-30,7,7,0,0,7
CH-SY-03-2,ST-SY-03,SY,2026-04-30,4,4,0,0,4
CH-SY-03-3,ST-SY-03,SY,2026-04-30,2,2,0,0,2
CH-SY-04-1,ST-SY-04,SY,2026-04-30,18,17,1,1,18
CH-SY-04-2,ST-SY-04,SY,2026-04-30,25,25,0,0,25
CH-SY-04-3,ST-SY-04,SY,2026-04-30,3,3,0,0,3
CH-SY-05-1,ST-SY-05,SY,2026-04-30,9,8,1,1,9
CH-SY-05-2,ST-SY-05,SY,2026-04-30,15,14,1,1,15
CH-SY-05-3,ST-SY-05,SY,2026-04-30,2,2,0,0,2
CH-SZ-01-1,ST-SZ-01,SZ,2026-04-30,10,9,1,1,10
CH-SZ-01-2,ST-SZ-01,SZ,2026-04-30,10,10,0,0,10
CH-SZ-01-3,ST-SZ-01,SZ,2026-04-30,3,3,0,0,3
CH-SZ-02-1,ST-SZ-02,SZ,2026-04-30,10,9,1,1,10
CH-SZ-02-2,ST-SZ-02,SZ,2026-04-30,9,9,0,0,9
CH-SZ-02-3,ST-SZ-02,SZ,2026-04-30,4,4,0,0,4
CH-SZ-03-1,ST-SZ-03,SZ,2026-04-30,6,6,0,0,6
CH-SZ-03-2,ST-SZ-03,SZ,2026-04-30,2,2,0,0,2
CH-SZ-03-3,ST-SZ-03,SZ,2026-04-30,3,3,0,0,3
CH-SZ-04-1,ST-SZ-04,SZ,2026-04-30,13,13,0,0,13
CH-SZ-04-2,ST-SZ-04,SZ,2026-04-30,16,16,0,0,15
CH-SZ-04-3,ST-SZ-04,SZ,2026-04-30,4,4,0,0,4
CH-SZ-05-1,ST-SZ-05,SZ,2026-04-30,5,5,0,0,5
CH-SZ-05-2,ST-SZ-05,SZ,2026-04-30,7,6,1,1,7
CH-SZ-05-3,ST-SZ-05,SZ,2026-04-30,5,5,0,0,5
CH-BJ-01-1,ST-BJ-01,BJ,2026-05-01,1,1,0,0,1
CH-BJ-01-2,ST-BJ-01,BJ,2026-05-01,2,2,0,0,2
CH-BJ-01-3,ST-BJ-01,BJ,2026-05-01,2,2,0,0,2
CH-BJ-02-1,ST-BJ-02,BJ,2026-05-01,10,8,2,1,10
CH-BJ-02-2,ST-BJ-02,BJ,2026-05-01,14,14,0,0,14
CH-BJ-02-3,ST-BJ-02,BJ,2026-05-01,4,4,0,0,4
CH-BJ-03-1,ST-BJ-03,BJ,2026-05-01,6,5,1,1,6
CH-BJ-03-2,ST-BJ-03,BJ,2026-05-01,2,2,0,0,2
CH-BJ-03-3,ST-BJ-03,BJ,2026-05-01,2,2,0,0,2
CH-BJ-04-1,ST-BJ-04,BJ,2026-05-01,18,17,1,1,18
CH-BJ-04-2,ST-BJ-04,BJ,2026-05-01,27,26,1,1,27
CH-BJ-04-3,ST-BJ-04,BJ,2026-05-01,6,6,0,0,6
CH-BJ-05-1,ST-BJ-05,BJ,2026-05-01,0,0,0,0,0
CH-BJ-05-2,ST-BJ-05,BJ,2026-05-01,4,4,0,0,4
CH-BJ-05-3,ST-BJ-05,BJ,2026-05-01,3,3,0,0,3
CH-DL-01-1,ST-DL-01,DL,2026-05-01,1,1,0,0,1
CH-DL-01-2,ST-DL-01,DL,2026-05-01,4,4,0,0,4
CH-DL-01-3,ST-DL-01,DL,2026-05-01,4,4,0,0,4
CH-DL-02-1,ST-DL-02,DL,2026-05-01,12,10,2,1,12
CH-DL-02-2,ST-DL-02,DL,2026-05-01,11,11,0,0,11
CH-DL-02-3,ST-DL-02,DL,2026-05-01,5,5,0,0,5
CH-DL-03-1,ST-DL-03,DL,2026-05-01,5,5,0,0,5
CH-DL-03-2,ST-DL-03,DL,2026-05-01,3,3,0,0,3
CH-DL-03-3,ST-DL-03,DL,2026-05-01,2,2,0,0,2
CH-DL-04-1,ST-DL-04,DL,2026-05-01,19,17,2,1,19
CH-DL-04-2,ST-DL-04,DL,2026-05-01,23,22,1,1,23
CH-DL-04-3,ST-DL-04,DL,2026-05-01,5,5,0,0,5
CH-DL-05-1,ST-DL-05,DL,2026-05-01,2,2,0,0,2
CH-DL-05-2,ST-DL-05,DL,2026-05-01,2,2,0,0,2
CH-DL-05-3,ST-DL-05,DL,2026-05-01,2,2,0,0,2
CH-SH-01-1,ST-SH-01,SH,2026-05-01,1,1,0,0,1
CH-SH-01-2,ST-SH-01,SH,2026-05-01,3,3,0,0,3
CH-SH-01-3,ST-SH-01,SH,2026-05-01,2,2,0,0,2
CH-SH-02-1,ST-SH-02,SH,2026-05-01,8,7,1,1,8
CH-SH-02-2,ST-SH-02,SH,2026-05-01,13,13,0,0,13
CH-SH-02-3,ST-SH-02,SH,2026-05-01,4,4,0,0,4
CH-SH-03-1,ST-SH-03,SH,2026-05-01,10,9,1,1,10
CH-SH-03-2,ST-SH-03,SH,2026-05-01,3,3,0,0,3
CH-SH-03-3,ST-SH-03,SH,2026-05-01,3,3,0,0,3
CH-SH-04-1,ST-SH-04,SH,2026-05-01,12,12,0,0,11
CH-SH-04-2,ST-SH-04,SH,2026-05-01,16,16,0,0,14
CH-SH-04-3,ST-SH-04,SH,2026-05-01,5,5,0,0,5
CH-SH-05-1,ST-SH-05,SH,2026-05-01,0,0,0,0,0
CH-SH-05-2,ST-SH-05,SH,2026-05-01,1,1,0,0,1
CH-SH-05-3,ST-SH-05,SH,2026-05-01,3,3,0,0,3
CH-SY-01-1,ST-SY-01,SY,2026-05-01,3,3,0,0,3
CH-SY-01-2,ST-SY-01,SY,2026-05-01,3,3,0,0,3
CH-SY-01-3,ST-SY-01,SY,2026-05-01,2,2,0,0,2
CH-SY-02-1,ST-SY-02,SY,2026-05-01,12,10,2,1,12
CH-SY-02-2,ST-SY-02,SY,2026-05-01,18,16,2,1,18
CH-SY-02-3,ST-SY-02,SY,2026-05-01,4,4,0,0,4
CH-SY-03-1,ST-SY-03,SY,2026-05-01,10,10,0,0,10
CH-SY-03-2,ST-SY-03,SY,2026-05-01,4,4,0,0,4
CH-SY-03-3,ST-SY-03,SY,2026-05-01,3,3,0,0,3
CH-SY-04-1,ST-SY-04,SY,2026-05-01,19,18,1,1,18
CH-SY-04-2,ST-SY-04,SY,2026-05-01,16,16,0,0,16
CH-SY-04-3,ST-SY-04,SY,2026-05-01,7,6,1,1,7
CH-SY-05-1,ST-SY-05,SY,2026-05-01,1,1,0,0,1
CH-SY-05-2,ST-SY-05,SY,2026-05-01,2,2,0,0,2
CH-SY-05-3,ST-SY-05,SY,2026-05-01,3,3,0,0,3
CH-SZ-01-1,ST-SZ-01,SZ,2026-05-01,5,5,0,0,5
CH-SZ-01-2,ST-SZ-01,SZ,2026-05-01,3,3,0,0,3
CH-SZ-01-3,ST-SZ-01,SZ,2026-05-01,2,2,0,0,2
CH-SZ-02-1,ST-SZ-02,SZ,2026-05-01,8,6,2,1,8
CH-SZ-02-2,ST-SZ-02,SZ,2026-05-01,12,11,1,1,12
CH-SZ-02-3,ST-SZ-02,SZ,2026-05-01,5,5,0,0,5
CH-SZ-03-1,ST-SZ-03,SZ,2026-05-01,9,9,0,0,9
CH-SZ-03-2,ST-SZ-03,SZ,2026-05-01,2,2,0,0,2
CH-SZ-03-3,ST-SZ-03,SZ,2026-05-01,1,1,0,0,1
CH-SZ-04-1,ST-SZ-04,SZ,2026-05-01,16,16,0,0,15
CH-SZ-04-2,ST-SZ-04,SZ,2026-05-01,21,21,0,0,20
CH-SZ-04-3,ST-SZ-04,SZ,2026-05-01,6,6,0,0,6
CH-SZ-05-1,ST-SZ-05,SZ,2026-05-01,2,2,0,0,2
CH-SZ-05-2,ST-SZ-05,SZ,2026-05-01,4,4,0,0,4
CH-SZ-05-3,ST-SZ-05,SZ,2026-05-01,1,1,0,0,1
CH-BJ-01-1,ST-BJ-01,BJ,2026-05-02,1,1,0,0,1
CH-BJ-01-2,ST-BJ-01,BJ,2026-05-02,2,2,0,0,2
CH-BJ-01-3,ST-BJ-01,BJ,2026-05-02,2,2,0,0,2
CH-BJ-02-1,ST-BJ-02,BJ,2026-05-02,7,7,0,0,7
CH-BJ-02-2,ST-BJ-02,BJ,2026-05-02,12,12,0,0,12
CH-BJ-02-3,ST-BJ-02,BJ,2026-05-02,4,4,0,0,4
CH-BJ-03-1,ST-BJ-03,BJ,2026-05-02,9,8,1,1,9
CH-BJ-03-2,ST-BJ-03,BJ,2026-05-02,3,3,0,0,3
CH-BJ-03-3,ST-BJ-03,BJ,2026-05-02,4,4,0,0,4
CH-BJ-04-1,ST-BJ-04,BJ,2026-05-02,14,14,0,0,14
CH-BJ-04-2,ST-BJ-04,BJ,2026-05-02,16,16,0,0,16
CH-BJ-04-3,ST-BJ-04,BJ,2026-05-02,6,6,0,0,6
CH-BJ-05-1,ST-BJ-05,BJ,2026-05-02,2,2,0,0,2
CH-BJ-05-2,ST-BJ-05,BJ,2026-05-02,3,3,0,0,3
CH-BJ-05-3,ST-BJ-05,BJ,2026-05-02,3,3,0,0,3
CH-DL-01-1,ST-DL-01,DL,2026-05-02,1,1,0,0,1
CH-DL-01-2,ST-DL-01,DL,2026-05-02,2,2,0,0,2
CH-DL-01-3,ST-DL-01,DL,2026-05-02,2,2,0,0,2
CH-DL-02-1,ST-DL-02,DL,2026-05-02,10,10,0,0,10
CH-DL-02-2,ST-DL-02,DL,2026-05-02,12,12,0,0,12
CH-DL-02-3,ST-DL-02,DL,2026-05-02,5,5,0,0,5
CH-DL-03-1,ST-DL-03,DL,2026-05-02,6,5,1,1,6
CH-DL-03-2,ST-DL-03,DL,2026-05-02,2,2,0,0,2
CH-DL-03-3,ST-DL-03,DL,2026-05-02,4,4,0,0,4
CH-DL-04-1,ST-DL-04,DL,2026-05-02,13,13,0,0,13
CH-DL-04-2,ST-DL-04,DL,2026-05-02,19,18,1,1,18
CH-DL-04-3,ST-DL-04,DL,2026-05-02,5,5,0,0,5
CH-DL-05-1,ST-DL-05,DL,2026-05-02,0,0,0,0,0
CH-DL-05-2,ST-DL-05,DL,2026-05-02,4,4,0,0,4
CH-DL-05-3,ST-DL-05,DL,2026-05-02,2,2,0,0,2
CH-SH-01-1,ST-SH-01,SH,2026-05-02,2,2,0,0,2
CH-SH-01-2,ST-SH-01,SH,2026-05-02,1,1,0,0,1
CH-SH-01-3,ST-SH-01,SH,2026-05-02,2,2,0,0,2
CH-SH-02-1,ST-SH-02,SH,2026-05-02,17,15,2,1,17
CH-SH-02-2,ST-SH-02,SH,2026-05-02,20,20,0,0,20
CH-SH-02-3,ST-SH-02,SH,2026-05-02,4,4,0,0,4
CH-SH-03-1,ST-SH-03,SH,2026-05-02,10,10,0,0,10
CH-SH-03-2,ST-SH-03,SH,2026-05-02,2,2,0,0,2
CH-SH-03-3,ST-SH-03,SH,2026-05-02,4,4,0,0,4
CH-SH-04-1,ST-SH-04,SH,2026-05-02,13,12,1,1,13
CH-SH-04-2,ST-SH-04,SH,2026-05-02,19,19,0,0,19
CH-SH-04-3,ST-SH-04,SH,2026-05-02,7,7,0,0,7
CH-SH-05-1,ST-SH-05,SH,2026-05-02,1,1,0,0,1
CH-SH-05-2,ST-SH-05,SH,2026-05-02,3,3,0,0,3
CH-SH-05-3,ST-SH-05,SH,2026-05-02,3,3,0,0,3
CH-SY-01-1,ST-SY-01,SY,2026-05-02,5,4,1,1,5
CH-SY-01-2,ST-SY-01,SY,2026-05-02,4,4,0,0,4
CH-SY-01-3,ST-SY-01,SY,2026-05-02,2,2,0,0,2
CH-SY-02-1,ST-SY-02,SY,2026-05-02,13,12,1,1,13
CH-SY-02-2,ST-SY-02,SY,2026-05-02,16,15,1,1,16
CH-SY-02-3,ST-SY-02,SY,2026-05-02,4,4,0,0,4
CH-SY-03-1,ST-SY-03,SY,2026-05-02,6,6,0,0,6
CH-SY-03-2,ST-SY-03,SY,2026-05-02,2,2,0,0,2
CH-SY-03-3,ST-SY-03,SY,2026-05-02,2,2,0,0,2
CH-SY-04-1,ST-SY-04,SY,2026-05-02,17,17,0,0,16
CH-SY-04-2,ST-SY-04,SY,2026-05-02,23,23,0,0,23
CH-SY-04-3,ST-SY-04,SY,2026-05-02,8,8,0,0,8
CH-SY-05-1,ST-SY-05,SY,2026-05-02,0,0,0,0,0
CH-SY-05-2,ST-SY-05,SY,2026-05-02,3,2,1,1,3
CH-SY-05-3,ST-SY-05,SY,2026-05-02,2,2,0,0,2
CH-SZ-01-1,ST-SZ-01,SZ,2026-05-02,4,3,1,1,4
CH-SZ-01-2,ST-SZ-01,SZ,2026-05-02,1,1,0,0,1
CH-SZ-01-3,ST-SZ-01,SZ,2026-05-02,2,2,0,0,2
CH-SZ-02-1,ST-SZ-02,SZ,2026-05-02,8,8,0,0,8
CH-SZ-02-2,ST-SZ-02,SZ,2026-05-02,12,12,0,0,12
CH-SZ-02-3,ST-SZ-02,SZ,2026-05-02,4,4,0,0,4
CH-SZ-03-1,ST-SZ-03,SZ,2026-05-02,9,9,0,0,9
CH-SZ-03-2,ST-SZ-03,SZ,2026-05-02,2,2,0,0,2
CH-SZ-03-3,ST-SZ-03,SZ,2026-05-02,1,1,0,0,1
CH-SZ-04-1,ST-SZ-04,SZ,2026-05-02,17,14,3,1,16
CH-SZ-04-2,ST-SZ-04,SZ,2026-05-02,20,19,1,1,19
CH-SZ-04-3,ST-SZ-04,SZ,2026-05-02,5,5,0,0,5
CH-SZ-05-1,ST-SZ-05,SZ,2026-05-02,3,3,0,0,3
CH-SZ-05-2,ST-SZ-05,SZ,2026-05-02,2,2,0,0,2
CH-SZ-05-3,ST-SZ-05,SZ,2026-05-02,3,3,0,0,3
CH-BJ-01-1,ST-BJ-01,BJ,2026-05-03,3,3,0,0,3
CH-BJ-01-2,ST-BJ-01,BJ,2026-05-03,1,1,0,0,1
CH-BJ-01-3,ST-BJ-01,BJ,2026-05-03,1,1,0,0,1
CH-BJ-02-1,ST-BJ-02,BJ,2026-05-03,10,9,1,1,10
CH-BJ-02-2,ST-BJ-02,BJ,2026-05-03,16,16,0,0,16
CH-BJ-02-3,ST-BJ-02,BJ,2026-05-03,4,4,0,0,4
CH-BJ-03-1,ST-BJ-03,BJ,2026-05-03,10,10,0,0,10
CH-BJ-03-2,ST-BJ-03,BJ,2026-05-03,3,3,0,0,3
CH-BJ-03-3,ST-BJ-03,BJ,2026-05-03,2,2,0,0,2
CH-BJ-04-1,ST-BJ-04,BJ,2026-05-03,16,16,0,0,15
CH-BJ-04-2,ST-BJ-04,BJ,2026-05-03,18,17,1,1,18
CH-BJ-04-3,ST-BJ-04,BJ,2026-05-03,5,5,0,0,5
CH-BJ-05-1,ST-BJ-05,BJ,2026-05-03,2,2,0,0,2
CH-BJ-05-2,ST-BJ-05,BJ,2026-05-03,1,1,0,0,1
CH-BJ-05-3,ST-BJ-05,BJ,2026-05-03,3,3,0,0,3
CH-DL-01-1,ST-DL-01,DL,2026-05-03,1,1,0,0,1
CH-DL-01-2,ST-DL-01,DL,2026-05-03,3,3,0,0,3
CH-DL-01-3,ST-DL-01,DL,2026-05-03,3,3,0,0,3
CH-DL-02-1,ST-DL-02,DL,2026-05-03,10,10,0,0,10
CH-DL-02-2,ST-DL-02,DL,2026-05-03,14,14,0,0,14
CH-DL-02-3,ST-DL-02,DL,2026-05-03,7,7,0,0,7
CH-DL-03-1,ST-DL-03,DL,2026-05-03,10,9,1,1,10
CH-DL-03-2,ST-DL-03,DL,2026-05-03,4,4,0,0,4
CH-DL-03-3,ST-DL-03,DL,2026-05-03,3,3,0,0,3
CH-DL-04-1,ST-DL-04,DL,2026-05-03,19,17,2,1,18
CH-DL-04-2,ST-DL-04,DL,2026-05-03,20,19,1,1,19
CH-DL-04-3,ST-DL-04,DL,2026-05-03,5,5,0,0,5
CH-DL-05-1,ST-DL-05,DL,2026-05-03,1,1,0,0,1
CH-DL-05-2,ST-DL-05,DL,2026-05-03,0,0,0,0,0
CH-DL-05-3,ST-DL-05,DL,2026-05-03,1,1,0,0,1
CH-SH-01-1,ST-SH-01,SH,2026-05-03,2,2,0,0,2
CH-SH-01-2,ST-SH-01,SH,2026-05-03,6,6,0,0,6
CH-SH-01-3,ST-SH-01,SH,2026-05-03,3,3,0,0,3
CH-SH-02-1,ST-SH-02,SH,2026-05-03,10,10,0,0,10
CH-SH-02-2,ST-SH-02,SH,2026-05-03,12,12,0,0,12
CH-SH-02-3,ST-SH-02,SH,2026-05-03,5,5,0,0,5
CH-SH-03-1,ST-SH-03,SH,2026-05-03,6,6,0,0,6
CH-SH-03-2,ST-SH-03,SH,2026-05-03,3,3,0,0,3
CH-SH-03-3,ST-SH-03,SH,2026-05-03,3,3,0,0,3
CH-SH-04-1,ST-SH-04,SH,2026-05-03,19,19,0,0,18
CH-SH-04-2,ST-SH-04,SH,2026-05-03,20,19,1,1,19
CH-SH-04-3,ST-SH-04,SH,2026-05-03,4,3,1,1,4
CH-SH-05-1,ST-SH-05,SH,2026-05-03,3,3,0,0,3
CH-SH-05-2,ST-SH-05,SH,2026-05-03,0,0,0,0,0
CH-SH-05-3,ST-SH-05,SH,2026-05-03,3,3,0,0,3
CH-SY-01-1,ST-SY-01,SY,2026-05-03,1,1,0,0,1
CH-SY-01-2,ST-SY-01,SY,2026-05-03,1,1,0,0,1
CH-SY-01-3,ST-SY-01,SY,2026-05-03,1,1,0,0,1
CH-SY-02-1,ST-SY-02,SY,2026-05-03,16,15,1,1,16
CH-SY-02-2,ST-SY-02,SY,2026-05-03,14,13,1,1,14
CH-SY-02-3,ST-SY-02,SY,2026-05-03,4,4,0,0,4
CH-SY-03-1,ST-SY-03,SY,2026-05-03,7,7,0,0,7
CH-SY-03-2,ST-SY-03,SY,2026-05-03,1,1,0,0,1
CH-SY-03-3,ST-SY-03,SY,2026-05-03,1,1,0,0,1
CH-SY-04-1,ST-SY-04,SY,2026-05-03,16,15,1,1,16
CH-SY-04-2,ST-SY-04,SY,2026-05-03,21,20,1,1,20
CH-SY-04-3,ST-SY-04,SY,2026-05-03,5,5,0,0,5
CH-SY-05-1,ST-SY-05,SY,2026-05-03,2,2,0,0,2
CH-SY-05-2,ST-SY-05,SY,2026-05-03,1,1,0,0,1
CH-SY-05-3,ST-SY-05,SY,2026-05-03,3,3,0,0,3
CH-SZ-01-1,ST-SZ-01,SZ,2026-05-03,0,0,0,0,0
CH-SZ-01-2,ST-SZ-01,SZ,2026-05-03,0,0,0,0,0
CH-SZ-01-3,ST-SZ-01,SZ,2026-05-03,1,1,0,0,1
CH-SZ-02-1,ST-SZ-02,SZ,2026-05-03,9,9,0,0,9
CH-SZ-02-2,ST-SZ-02,SZ,2026-05-03,11,11,0,0,11
CH-SZ-02-3,ST-SZ-02,SZ,2026-05-03,4,4,0,0,4
CH-SZ-03-1,ST-SZ-03,SZ,2026-05-03,9,8,1,1,9
CH-SZ-03-2,ST-SZ-03,SZ,2026-05-03,1,1,0,0,1
CH-SZ-03-3,ST-SZ-03,SZ,2026-05-03,2,2,0,0,2
CH-SZ-04-1,ST-SZ-04,SZ,2026-05-03,19,17,2,1,19
CH-SZ-04-2,ST-SZ-04,SZ,2026-05-03,15,14,1,1,14
CH-SZ-04-3,ST-SZ-04,SZ,2026-05-03,4,4,0,0,4
CH-SZ-05-1,ST-SZ-05,SZ,2026-05-03,2,1,1,1,2
CH-SZ-05-2,ST-SZ-05,SZ,2026-05-03,2,2,0,0,2
CH-SZ-05-3,ST-SZ-05,SZ,2026-05-03,1,1,0,0,1
CH-BJ-01-1,ST-BJ-01,BJ,2026-05-04,2,2,0,0,2
CH-BJ-01-2,ST-BJ-01,BJ,2026-05-04,3,3,0,0,3
CH-BJ-01-3,ST-BJ-01,BJ,2026-05-04,3,3,0,0,3
CH-BJ-02-1,ST-BJ-02,BJ,2026-05-04,11,11,0,0,11
CH-BJ-02-2,ST-BJ-02,BJ,2026-05-04,13,13,0,0,13
CH-BJ-02-3,ST-BJ-02,BJ,2026-05-04,5,5,0,0,5
CH-BJ-03-1,ST-BJ-03,BJ,2026-05-04,4,4,0,0,4
CH-BJ-03-2,ST-BJ-03,BJ,2026-05-04,1,1,0,0,1
CH-BJ-03-3,ST-BJ-03,BJ,2026-05-04,2,2,0,0,2
CH-BJ-04-1,ST-BJ-04,BJ,2026-05-04,14,14,0,0,14
CH-BJ-04-2,ST-BJ-04,BJ,2026-05-04,18,18,0,0,18
CH-BJ-04-3,ST-BJ-04,BJ,2026-05-04,5,5,0,0,5
CH-BJ-05-1,ST-BJ-05,BJ,2026-05-04,1,1,0,0,1
CH-BJ-05-2,ST-BJ-05,BJ,2026-05-04,3,3,0,0,3
CH-BJ-05-3,ST-BJ-05,BJ,2026-05-04,3,3,0,0,3
CH-DL-01-1,ST-DL-01,DL,2026-05-04,1,1,0,0,1
CH-DL-01-2,ST-DL-01,DL,2026-05-04,2,2,0,0,2
CH-DL-01-3,ST-DL-01,DL,2026-05-04,2,2,0,0,2
CH-DL-02-1,ST-DL-02,DL,2026-05-04,10,9,1,1,10
CH-DL-02-2,ST-DL-02,DL,2026-05-04,17,16,1,1,17
CH-DL-02-3,ST-DL-02,DL,2026-05-04,4,4,0,0,4
CH-DL-03-1,ST-DL-03,DL,2026-05-04,6,6,0,0,6
CH-DL-03-2,ST-DL-03,DL,2026-05-04,3,3,0,0,3
CH-DL-03-3,ST-DL-03,DL,2026-05-04,1,1,0,0,1
CH-DL-04-1,ST-DL-04,DL,2026-05-04,14,14,0,0,13
CH-DL-04-2,ST-DL-04,DL,2026-05-04,18,18,0,0,17
CH-DL-04-3,ST-DL-04,DL,2026-05-04,6,6,0,0,6
CH-DL-05-1,ST-DL-05,DL,2026-05-04,3,3,0,0,3
CH-DL-05-2,ST-DL-05,DL,2026-05-04,1,1,0,0,1
CH-DL-05-3,ST-DL-05,DL,2026-05-04,2,2,0,0,2
CH-SH-01-1,ST-SH-01,SH,2026-05-04,0,0,0,0,0
CH-SH-01-2,ST-SH-01,SH,2026-05-04,0,0,0,0,0
CH-SH-01-3,ST-SH-01,SH,2026-05-04,1,1,0,0,1
CH-SH-02-1,ST-SH-02,SH,2026-05-04,13,13,0,0,13
CH-SH-02-2,ST-SH-02,SH,2026-05-04,18,18,0,0,18
CH-SH-02-3,ST-SH-02,SH,2026-05-04,6,6,0,0,6
CH-SH-03-1,ST-SH-03,SH,2026-05-04,9,8,1,1,9
CH-SH-03-2,ST-SH-03,SH,2026-05-04,2,2,0,0,2
CH-SH-03-3,ST-SH-03,SH,2026-05-04,2,2,0,0,2
CH-SH-04-1,ST-SH-04,SH,2026-05-04,14,12,2,1,14
CH-SH-04-2,ST-SH-04,SH,2026-05-04,21,21,0,0,19
CH-SH-04-3,ST-SH-04,SH,2026-05-04,1,1,0,0,1
CH-SH-05-1,ST-SH-05,SH,2026-05-04,4,4,0,0,4
CH-SH-05-2,ST-SH-05,SH,2026-05-04,3,3,0,0,3
CH-SH-05-3,ST-SH-05,SH,2026-05-04,4,4,0,0,4
CH-SY-01-1,ST-SY-01,SY,2026-05-04,4,4,0,0,4
CH-SY-01-2,ST-SY-01,SY,2026-05-04,4,4,0,0,4
CH-SY-01-3,ST-SY-01,SY,2026-05-04,2,2,0,0,2
CH-SY-02-1,ST-SY-02,SY,2026-05-04,6,5,1,1,6
CH-SY-02-2,ST-SY-02,SY,2026-05-04,12,12,0,0,12
CH-SY-02-3,ST-SY-02,SY,2026-05-04,6,6,0,0,6
CH-SY-03-1,ST-SY-03,SY,2026-05-04,9,7,2,1,9
CH-SY-03-2,ST-SY-03,SY,2026-05-04,3,3,0,0,3
CH-SY-03-3,ST-SY-03,SY,2026-05-04,2,2,0,0,2
CH-SY-04-1,ST-SY-04,SY,2026-05-04,18,16,2,1,17
CH-SY-04-2,ST-SY-04,SY,2026-05-04,20,20,0,0,19
CH-SY-04-3,ST-SY-04,SY,2026-05-04,7,6,1,1,7
CH-SY-05-1,ST-SY-05,SY,2026-05-04,0,0,0,0,0
CH-SY-05-2,ST-SY-05,SY,2026-05-04,1,1,0,0,1
CH-SY-05-3,ST-SY-05,SY,2026-05-04,1,1,0,0,1
CH-SZ-01-1,ST-SZ-01,SZ,2026-05-04,0,0,0,0,0
CH-SZ-01-2,ST-SZ-01,SZ,2026-05-04,0,0,0,0,0
CH-SZ-01-3,ST-SZ-01,SZ,2026-05-04,2,2,0,0,2
CH-SZ-02-1,ST-SZ-02,SZ,2026-05-04,8,8,0,0,8
CH-SZ-02-2,ST-SZ-02,SZ,2026-05-04,9,9,0,0,9
CH-SZ-02-3,ST-SZ-02,SZ,2026-05-04,4,4,0,0,4
CH-SZ-03-1,ST-SZ-03,SZ,2026-05-04,6,5,1,1,6
CH-SZ-03-2,ST-SZ-03,SZ,2026-05-04,2,2,0,0,2
CH-SZ-03-3,ST-SZ-03,SZ,2026-05-04,2,2,0,0,2
CH-SZ-04-1,ST-SZ-04,SZ,2026-05-04,11,10,1,1,11
CH-SZ-04-2,ST-SZ-04,SZ,2026-05-04,16,16,0,0,15
CH-SZ-04-3,ST-SZ-04,SZ,2026-05-04,3,3,0,0,3
CH-SZ-05-1,ST-SZ-05,SZ,2026-05-04,1,1,0,0,1
CH-SZ-05-2,ST-SZ-05,SZ,2026-05-04,4,4,0,0,4
CH-SZ-05-3,ST-SZ-05,SZ,2026-05-04,3,3,0,0,3
CH-BJ-01-1,ST-BJ-01,BJ,2026-05-05,2,2,0,0,2
CH-BJ-01-2,ST-BJ-01,BJ,2026-05-05,1,1,0,0,1
CH-BJ-01-3,ST-BJ-01,BJ,2026-05-05,2,2,0,0,2
CH-BJ-02-1,ST-BJ-02,BJ,2026-05-05,12,11,1,1,12
CH-BJ-02-2,ST-BJ-02,BJ,2026-05-05,11,11,0,0,11
CH-BJ-02-3,ST-BJ-02,BJ,2026-05-05,4,4,0,0,4
CH-BJ-03-1,ST-BJ-03,BJ,2026-05-05,4,4,0,0,4
CH-BJ-03-2,ST-BJ-03,BJ,2026-05-05,2,2,0,0,2
CH-BJ-03-3,ST-BJ-03,BJ,2026-05-05,2,2,0,0,2
CH-BJ-04-1,ST-BJ-04,BJ,2026-05-05,22,22,0,0,22
CH-BJ-04-2,ST-BJ-04,BJ,2026-05-05,20,19,1,1,20
CH-BJ-04-3,ST-BJ-04,BJ,2026-05-05,5,5,0,0,5
CH-BJ-05-1,ST-BJ-05,BJ,2026-05-05,2,2,0,0,2
CH-BJ-05-2,ST-BJ-05,BJ,2026-05-05,5,5,0,0,5
CH-BJ-05-3,ST-BJ-05,BJ,2026-05-05,3,3,0,0,3
CH-DL-01-1,ST-DL-01,DL,2026-05-05,3,2,1,1,3
CH-DL-01-2,ST-DL-01,DL,2026-05-05,5,5,0,0,5
CH-DL-01-3,ST-DL-01,DL,2026-05-05,3,3,0,0,3
CH-DL-02-1,ST-DL-02,DL,2026-05-05,11,11,0,0,11
CH-DL-02-2,ST-DL-02,DL,2026-05-05,14,14,0,0,14
CH-DL-02-3,ST-DL-02,DL,2026-05-05,4,4,0,0,4
CH-DL-03-1,ST-DL-03,DL,2026-05-05,4,4,0,0,4
CH-DL-03-2,ST-DL-03,DL,2026-05-05,1,1,0,0,1
CH-DL-03-3,ST-DL-03,DL,2026-05-05,1,1,0,0,1
CH-DL-04-1,ST-DL-04,DL,2026-05-05,18,18,0,0,18
CH-DL-04-2,ST-DL-04,DL,2026-05-05,19,17,2,1,19
CH-DL-04-3,ST-DL-04,DL,2026-05-05,5,5,0,0,5
CH-DL-05-1,ST-DL-05,DL,2026-05-05,4,4,0,0,4
CH-DL-05-2,ST-DL-05,DL,2026-05-05,1,1,0,0,1
CH-DL-05-3,ST-DL-05,DL,2026-05-05,1,1,0,0,1
CH-SH-01-1,ST-SH-01,SH,2026-05-05,1,1,0,0,1
CH-SH-01-2,ST-SH-01,SH,2026-05-05,2,2,0,0,2
CH-SH-01-3,ST-SH-01,SH,2026-05-05,1,1,0,0,1
CH-SH-02-1,ST-SH-02,SH,2026-05-05,8,8,0,0,8
CH-SH-02-2,ST-SH-02,SH,2026-05-05,16,16,0,0,16
CH-SH-02-3,ST-SH-02,SH,2026-05-05,4,4,0,0,4
CH-SH-03-1,ST-SH-03,SH,2026-05-05,7,7,0,0,7
CH-SH-03-2,ST-SH-03,SH,2026-05-05,2,2,0,0,2
CH-SH-03-3,ST-SH-03,SH,2026-05-05,1,1,0,0,1
CH-SH-04-1,ST-SH-04,SH,2026-05-05,15,12,3,1,14
CH-SH-04-2,ST-SH-04,SH,2026-05-05,19,18,1,1,19
CH-SH-04-3,ST-SH-04,SH,2026-05-05,4,4,0,0,4
CH-SH-05-1,ST-SH-05,SH,2026-05-05,1,1,0,0,1
CH-SH-05-2,ST-SH-05,SH,2026-05-05,2,2,0,0,2
CH-SH-05-3,ST-SH-05,SH,2026-05-05,2,2,0,0,2
CH-SY-01-1,ST-SY-01,SY,2026-05-05,3,1,2,1,3
CH-SY-01-2,ST-SY-01,SY,2026-05-05,2,2,0,0,2
CH-SY-01-3,ST-SY-01,SY,2026-05-05,4,4,0,0,4
CH-SY-02-1,ST-SY-02,SY,2026-05-05,13,12,1,1,13
CH-SY-02-2,ST-SY-02,SY,2026-05-05,14,14,0,0,14
CH-SY-02-3,ST-SY-02,SY,2026-05-05,4,4,0,0,4
CH-SY-03-1,ST-SY-03,SY,2026-05-05,13,10,3,1,13
CH-SY-03-2,ST-SY-03,SY,2026-05-05,2,2,0,0,2
CH-SY-03-3,ST-SY-03,SY,2026-05-05,3,3,0,0,3
CH-SY-04-1,ST-SY-04,SY,2026-05-05,23,21,2,1,22
CH-SY-04-2,ST-SY-04,SY,2026-05-05,21,21,0,0,21
CH-SY-04-3,ST-SY-04,SY,2026-05-05,6,6,0,0,6
CH-SY-05-1,ST-SY-05,SY,2026-05-05,3,3,0,0,3
CH-SY-05-2,ST-SY-05,SY,2026-05-05,5,5,0,0,5
CH-SY-05-3,ST-SY-05,SY,2026-05-05,2,2,0,0,2
CH-SZ-01-1,ST-SZ-01,SZ,2026-05-05,3,2,1,1,3
CH-SZ-01-2,ST-SZ-01,SZ,2026-05-05,0,0,0,0,0
CH-SZ-01-3,ST-SZ-01,SZ,2026-05-05,3,3,0,0,3
CH-SZ-02-1,ST-SZ-02,SZ,2026-05-05,3,3,0,0,3
CH-SZ-02-2,ST-SZ-02,SZ,2026-05-05,9,9,0,0,9
CH-SZ-02-3,ST-SZ-02,SZ,2026-05-05,4,4,0,0,4
CH-SZ-03-1,ST-SZ-03,SZ,2026-05-05,10,9,1,1,10
CH-SZ-03-2,ST-SZ-03,SZ,2026-05-05,2,2,0,0,2
CH-SZ-03-3,ST-SZ-03,SZ,2026-05-05,2,2,0,0,2
CH-SZ-04-1,ST-SZ-04,SZ,2026-05-05,13,13,0,0,13
CH-SZ-04-2,ST-SZ-04,SZ,2026-05-05,19,19,0,0,19
CH-SZ-04-3,ST-SZ-04,SZ,2026-05-05,4,4,0,0,4
CH-SZ-05-1,ST-SZ-05,SZ,2026-05-05,1,1,0,0,1
CH-SZ-05-2,ST-SZ-05,SZ,2026-05-05,4,4,0,0,4
CH-SZ-05-3,ST-SZ-05,SZ,2026-05-05,2,2,0,0,2
CH-BJ-01-1,ST-BJ-01,BJ,2026-05-06,13,13,0,0,13
CH-BJ-01-2,ST-BJ-01,BJ,2026-05-06,12,12,0,0,12
CH-BJ-01-3,ST-BJ-01,BJ,2026-05-06,4,4,0,0,4
CH-BJ-02-1,ST-BJ-02,BJ,2026-05-06,11,11,0,0,11
CH-BJ-02-2,ST-BJ-02,BJ,2026-05-06,12,11,1,1,12
CH-BJ-02-3,ST-BJ-02,BJ,2026-05-06,5,5,0,0,5
CH-BJ-03-1,ST-BJ-03,BJ,2026-05-06,7,7,0,0,7
CH-BJ-03-2,ST-BJ-03,BJ,2026-05-06,1,1,0,0,1
CH-BJ-03-3,ST-BJ-03,BJ,2026-05-06,1,1,0,0,1
CH-BJ-04-1,ST-BJ-04,BJ,2026-05-06,17,17,0,0,16
CH-BJ-04-2,ST-BJ-04,BJ,2026-05-06,20,19,1,1,20
CH-BJ-04-3,ST-BJ-04,BJ,2026-05-06,7,6,1,1,7
CH-BJ-05-1,ST-BJ-05,BJ,2026-05-06,7,7,0,0,7
CH-BJ-05-2,ST-BJ-05,BJ,2026-05-06,9,9,0,0,9
CH-BJ-05-3,ST-BJ-05,BJ,2026-05-06,3,3,0,0,3
CH-DL-01-1,ST-DL-01,DL,2026-05-06,9,8,1,1,9
CH-DL-01-2,ST-DL-01,DL,2026-05-06,10,10,0,0,10
CH-DL-01-3,ST-DL-01,DL,2026-05-06,3,3,0,0,3
CH-DL-02-1,ST-DL-02,DL,2026-05-06,14,14,0,0,14
CH-DL-02-2,ST-DL-02,DL,2026-05-06,17,17,0,0,17
CH-DL-02-3,ST-DL-02,DL,2026-05-06,6,5,1,1,6
CH-DL-03-1,ST-DL-03,DL,2026-05-06,6,6,0,0,6
CH-DL-03-2,ST-DL-03,DL,2026-05-06,3,3,0,0,3
CH-DL-03-3,ST-DL-03,DL,2026-05-06,2,2,0,0,2
CH-DL-04-1,ST-DL-04,DL,2026-05-06,17,17,0,0,17
CH-DL-04-2,ST-DL-04,DL,2026-05-06,21,21,0,0,20
CH-DL-04-3,ST-DL-04,DL,2026-05-06,5,4,1,1,5
CH-DL-05-1,ST-DL-05,DL,2026-05-06,10,10,0,0,10
CH-DL-05-2,ST-DL-05,DL,2026-05-06,15,15,0,0,15
CH-DL-05-3,ST-DL-05,DL,2026-05-06,4,4,0,0,4
CH-SH-01-1,ST-SH-01,SH,2026-05-06,4,4,0,0,4
CH-SH-01-2,ST-SH-01,SH,2026-05-06,10,10,0,0,10
CH-SH-01-3,ST-SH-01,SH,2026-05-06,4,4,0,0,4
CH-SH-02-1,ST-SH-02,SH,2026-05-06,10,10,0,0,10
CH-SH-02-2,ST-SH-02,SH,2026-05-06,14,14,0,0,14
CH-SH-02-3,ST-SH-02,SH,2026-05-06,4,4,0,0,4
CH-SH-03-1,ST-SH-03,SH,2026-05-06,9,9,0,0,9
CH-SH-03-2,ST-SH-03,SH,2026-05-06,2,2,0,0,2
CH-SH-03-3,ST-SH-03,SH,2026-05-06,3,3,0,0,3
CH-SH-04-1,ST-SH-04,SH,2026-05-06,19,19,0,0,19
CH-SH-04-2,ST-SH-04,SH,2026-05-06,19,19,0,0,19
CH-SH-04-3,ST-SH-04,SH,2026-05-06,6,6,0,0,5
CH-SH-05-1,ST-SH-05,SH,2026-05-06,6,6,0,0,6
CH-SH-05-2,ST-SH-05,SH,2026-05-06,6,6,0,0,6
CH-SH-05-3,ST-SH-05,SH,2026-05-06,5,5,0,0,5
CH-SY-01-1,ST-SY-01,SY,2026-05-06,9,9,0,0,9
CH-SY-01-2,ST-SY-01,SY,2026-05-06,14,14,0,0,14
CH-SY-01-3,ST-SY-01,SY,2026-05-06,2,2,0,0,2
CH-SY-02-1,ST-SY-02,SY,2026-05-06,10,9,1,1,10
CH-SY-02-2,ST-SY-02,SY,2026-05-06,15,15,0,0,15
CH-SY-02-3,ST-SY-02,SY,2026-05-06,5,5,0,0,5
CH-SY-03-1,ST-SY-03,SY,2026-05-06,9,9,0,0,9
CH-SY-03-2,ST-SY-03,SY,2026-05-06,3,3,0,0,3
CH-SY-03-3,ST-SY-03,SY,2026-05-06,2,2,0,0,2
CH-SY-04-1,ST-SY-04,SY,2026-05-06,18,15,3,1,18
CH-SY-04-2,ST-SY-04,SY,2026-05-06,17,17,0,0,16
CH-SY-04-3,ST-SY-04,SY,2026-05-06,6,6,0,0,6
CH-SY-05-1,ST-SY-05,SY,2026-05-06,5,4,1,1,5
CH-SY-05-2,ST-SY-05,SY,2026-05-06,6,6,0,0,6
CH-SY-05-3,ST-SY-05,SY,2026-05-06,4,4,0,0,4
CH-SZ-01-1,ST-SZ-01,SZ,2026-05-06,8,8,0,0,8
CH-SZ-01-2,ST-SZ-01,SZ,2026-05-06,8,8,0,0,8
CH-SZ-01-3,ST-SZ-01,SZ,2026-05-06,3,3,0,0,3
CH-SZ-02-1,ST-SZ-02,SZ,2026-05-06,9,8,1,1,9
CH-SZ-02-2,ST-SZ-02,SZ,2026-05-06,11,11,0,0,11
CH-SZ-02-3,ST-SZ-02,SZ,2026-05-06,3,3,0,0,3
CH-SZ-03-1,ST-SZ-03,SZ,2026-05-06,7,7,0,0,7
CH-SZ-03-2,ST-SZ-03,SZ,2026-05-06,1,1,0,0,1
CH-SZ-03-3,ST-SZ-03,SZ,2026-05-06,1,1,0,0,1
CH-SZ-04-1,ST-SZ-04,SZ,2026-05-06,14,14,0,0,13
CH-SZ-04-2,ST-SZ-04,SZ,2026-05-06,15,15,0,0,15
CH-SZ-04-3,ST-SZ-04,SZ,2026-05-06,5,5,0,0,5
CH-SZ-05-1,ST-SZ-05,SZ,2026-05-06,8,8,0,0,8
CH-SZ-05-2,ST-SZ-05,SZ,2026-05-06,11,11,0,0,11
CH-SZ-05-3,ST-SZ-05,SZ,2026-05-06,4,4,0,0,4
CH-BJ-01-1,ST-BJ-01,BJ,2026-05-07,9,9,0,0,9
CH-BJ-01-2,ST-BJ-01,BJ,2026-05-07,11,11,0,0,11
CH-BJ-01-3,ST-BJ-01,BJ,2026-05-07,6,6,0,0,6
CH-BJ-02-1,ST-BJ-02,BJ,2026-05-07,12,11,1,1,12
CH-BJ-02-2,ST-BJ-02,BJ,2026-05-07,14,14,0,0,14
CH-BJ-02-3,ST-BJ-02,BJ,2026-05-07,5,5,0,0,5
CH-BJ-03-1,ST-BJ-03,BJ,2026-05-07,11,11,0,0,11
CH-BJ-03-2,ST-BJ-03,BJ,2026-05-07,1,1,0,0,1
CH-BJ-03-3,ST-BJ-03,BJ,2026-05-07,3,3,0,0,3
CH-BJ-04-1,ST-BJ-04,BJ,2026-05-07,14,14,0,0,14
CH-BJ-04-2,ST-BJ-04,BJ,2026-05-07,18,16,2,1,17
CH-BJ-04-3,ST-BJ-04,BJ,2026-05-07,6,4,2,1,6
CH-BJ-05-1,ST-BJ-05,BJ,2026-05-07,4,4,0,0,4
CH-BJ-05-2,ST-BJ-05,BJ,2026-05-07,6,6,0,0,6
CH-BJ-05-3,ST-BJ-05,BJ,2026-05-07,3,3,0,0,3
CH-DL-01-1,ST-DL-01,DL,2026-05-07,8,7,1,1,8
CH-DL-01-2,ST-DL-01,DL,2026-05-07,18,16,2,1,18
CH-DL-01-3,ST-DL-01,DL,2026-05-07,2,2,0,0,2
CH-DL-02-1,ST-DL-02,DL,2026-05-07,15,15,0,0,15
CH-DL-02-2,ST-DL-02,DL,2026-05-07,16,16,0,0,16
CH-DL-02-3,ST-DL-02,DL,2026-05-07,6,6,0,0,6
CH-DL-03-1,ST-DL-03,DL,2026-05-07,12,12,0,0,12
CH-DL-03-2,ST-DL-03,DL,2026-05-07,2,2,0,0,2
CH-DL-03-3,ST-DL-03,DL,2026-05-07,3,3,0,0,3
CH-DL-04-1,ST-DL-04,DL,2026-05-07,13,13,0,0,12
CH-DL-04-2,ST-DL-04,DL,2026-05-07,18,17,1,1,18
CH-DL-04-3,ST-DL-04,DL,2026-05-07,6,5,1,1,6
CH-DL-05-1,ST-DL-05,DL,2026-05-07,10,10,0,0,9
CH-DL-05-2,ST-DL-05,DL,2026-05-07,12,12,0,0,12
CH-DL-05-3,ST-DL-05,DL,2026-05-07,4,4,0,0,4
CH-SH-01-1,ST-SH-01,SH,2026-05-07,9,8,1,1,9
CH-SH-01-2,ST-SH-01,SH,2026-05-07,7,7,0,0,7
CH-SH-01-3,ST-SH-01,SH,2026-05-07,4,4,0,0,4
CH-SH-02-1,ST-SH-02,SH,2026-05-07,10,10,0,0,10
CH-SH-02-2,ST-SH-02,SH,2026-05-07,14,14,0,0,14
CH-SH-02-3,ST-SH-02,SH,2026-05-07,4,4,0,0,4
CH-SH-03-1,ST-SH-03,SH,2026-05-07,9,6,3,1,9
CH-SH-03-2,ST-SH-03,SH,2026-05-07,1,1,0,0,1
CH-SH-03-3,ST-SH-03,SH,2026-05-07,1,1,0,0,1
CH-SH-04-1,ST-SH-04,SH,2026-05-07,14,13,1,1,14
CH-SH-04-2,ST-SH-04,SH,2026-05-07,17,17,0,0,17
CH-SH-04-3,ST-SH-04,SH,2026-05-07,3,3,0,0,3
CH-SH-05-1,ST-SH-05,SH,2026-05-07,7,6,1,1,7
CH-SH-05-2,ST-SH-05,SH,2026-05-07,6,6,0,0,6
CH-SH-05-3,ST-SH-05,SH,2026-05-07,4,4,0,0,4
CH-SY-01-1,ST-SY-01,SY,2026-05-07,8,8,0,0,8
CH-SY-01-2,ST-SY-01,SY,2026-05-07,11,10,1,1,11
CH-SY-01-3,ST-SY-01,SY,2026-05-07,3,3,0,0,3
CH-SY-02-1,ST-SY-02,SY,2026-05-07,12,11,1,1,12
CH-SY-02-2,ST-SY-02,SY,2026-05-07,15,14,1,1,15
CH-SY-02-3,ST-SY-02,SY,2026-05-07,5,5,0,0,5
CH-SY-03-1,ST-SY-03,SY,2026-05-07,8,8,0,0,8
CH-SY-03-2,ST-SY-03,SY,2026-05-07,3,3,0,0,3
CH-SY-03-3,ST-SY-03,SY,2026-05-07,3,3,0,0,3
CH-SY-04-1,ST-SY-04,SY,2026-05-07,13,12,1,1,12
CH-SY-04-2,ST-SY-04,SY,2026-05-07,17,17,0,0,17
CH-SY-04-3,ST-SY-04,SY,2026-05-07,3,3,0,0,3
CH-SY-05-1,ST-SY-05,SY,2026-05-07,6,6,0,0,6
CH-SY-05-2,ST-SY-05,SY,2026-05-07,15,15,0,0,15
CH-SY-05-3,ST-SY-05,SY,2026-05-07,4,4,0,0,4
CH-SZ-01-1,ST-SZ-01,SZ,2026-05-07,10,9,1,1,10
CH-SZ-01-2,ST-SZ-01,SZ,2026-05-07,10,10,0,0,10
CH-SZ-01-3,ST-SZ-01,SZ,2026-05-07,5,5,0,0,5
CH-SZ-02-1,ST-SZ-02,SZ,2026-05-07,10,10,0,0,10
CH-SZ-02-2,ST-SZ-02,SZ,2026-05-07,12,12,0,0,12
CH-SZ-02-3,ST-SZ-02,SZ,2026-05-07,4,4,0,0,4
CH-SZ-03-1,ST-SZ-03,SZ,2026-05-07,8,8,0,0,8
CH-SZ-03-2,ST-SZ-03,SZ,2026-05-07,2,2,0,0,2
CH-SZ-03-3,ST-SZ-03,SZ,2026-05-07,1,1,0,0,1
CH-SZ-04-1,ST-SZ-04,SZ,2026-05-07,16,16,0,0,15
CH-SZ-04-2,ST-SZ-04,SZ,2026-05-07,17,17,0,0,17
CH-SZ-04-3,ST-SZ-04,SZ,2026-05-07,6,6,0,0,6
CH-SZ-05-1,ST-SZ-05,SZ,2026-05-07,6,6,0,0,6
CH-SZ-05-2,ST-SZ-05,SZ,2026-05-07,9,9,0,0,9
CH-SZ-05-3,ST-SZ-05,SZ,2026-05-07,4,4,0,0,4
CH-BJ-01-1,ST-BJ-01,BJ,2026-05-08,8,7,1,1,8
CH-BJ-01-2,ST-BJ-01,BJ,2026-05-08,11,11,0,0,11
CH-BJ-01-3,ST-BJ-01,BJ,2026-05-08,5,5,0,0,5
CH-BJ-02-1,ST-BJ-02,BJ,2026-05-08,8,7,1,1,8
CH-BJ-02-2,ST-BJ-02,BJ,2026-05-08,16,16,0,0,16
CH-BJ-02-3,ST-BJ-02,BJ,2026-05-08,5,4,1,1,5
CH-BJ-03-1,ST-BJ-03,BJ,2026-05-08,6,6,0,0,6
CH-BJ-03-2,ST-BJ-03,BJ,2026-05-08,2,2,0,0,2
CH-BJ-03-3,ST-BJ-03,BJ,2026-05-08,1,1,0,0,1
CH-BJ-04-1,ST-BJ-04,BJ,2026-05-08,17,14,3,1,17
CH-BJ-04-2,ST-BJ-04,BJ,2026-05-08,21,20,1,1,21
CH-BJ-04-3,ST-BJ-04,BJ,2026-05-08,3,3,0,0,3
CH-BJ-05-1,ST-BJ-05,BJ,2026-05-08,9,9,0,0,9
CH-BJ-05-2,ST-BJ-05,BJ,2026-05-08,9,9,0,0,9
CH-BJ-05-3,ST-BJ-05,BJ,2026-05-08,4,4,0,0,4
CH-DL-01-1,ST-DL-01,DL,2026-05-08,9,9,0,0,9
CH-DL-01-2,ST-DL-01,DL,2026-05-08,12,11,1,1,12
CH-DL-01-3,ST-DL-01,DL,2026-05-08,5,5,0,0,5
CH-DL-02-1,ST-DL-02,DL,2026-05-08,12,12,0,0,12
CH-DL-02-2,ST-DL-02,DL,2026-05-08,14,14,0,0,14
CH-DL-02-3,ST-DL-02,DL,2026-05-08,3,3,0,0,3
CH-DL-03-1,ST-DL-03,DL,2026-05-08,2,2,0,0,2
CH-DL-03-2,ST-DL-03,DL,2026-05-08,1,1,0,0,1
CH-DL-03-3,ST-DL-03,DL,2026-05-08,3,3,0,0,3
CH-DL-04-1,ST-DL-04,DL,2026-05-08,19,18,1,1,16
CH-DL-04-2,ST-DL-04,DL,2026-05-08,20,20,0,0,20
CH-DL-04-3,ST-DL-04,DL,2026-05-08,6,6,0,0,6
CH-DL-05-1,ST-DL-05,DL,2026-05-08,7,7,0,0,7
CH-DL-05-2,ST-DL-05,DL,2026-05-08,12,11,1,1,12
CH-DL-05-3,ST-DL-05,DL,2026-05-08,4,4,0,0,4
CH-SH-01-1,ST-SH-01,SH,2026-05-08,7,6,1,1,7
CH-SH-01-2,ST-SH-01,SH,2026-05-08,8,8,0,0,8
CH-SH-01-3,ST-SH-01,SH,2026-05-08,3,3,0,0,3
CH-SH-02-1,ST-SH-02,SH,2026-05-08,8,8,0,0,8
CH-SH-02-2,ST-SH-02,SH,2026-05-08,10,8,2,1,10
CH-SH-02-3,ST-SH-02,SH,2026-05-08,5,5,0,0,5
CH-SH-03-1,ST-SH-03,SH,2026-05-08,6,6,0,0,6
CH-SH-03-2,ST-SH-03,SH,2026-05-08,1,1,0,0,1
CH-SH-03-3,ST-SH-03,SH,2026-05-08,1,1,0,0,1
CH-SH-04-1,ST-SH-04,SH,2026-05-08,13,13,0,0,13
CH-SH-04-2,ST-SH-04,SH,2026-05-08,13,13,0,0,13
CH-SH-04-3,ST-SH-04,SH,2026-05-08,3,3,0,0,3
CH-SH-05-1,ST-SH-05,SH,2026-05-08,7,7,0,0,7
CH-SH-05-2,ST-SH-05,SH,2026-05-08,7,7,0,0,7
CH-SH-05-3,ST-SH-05,SH,2026-05-08,5,5,0,0,5
CH-SY-01-1,ST-SY-01,SY,2026-05-08,10,9,1,1,10
CH-SY-01-2,ST-SY-01,SY,2026-05-08,11,10,1,1,11
CH-SY-01-3,ST-SY-01,SY,2026-05-08,5,5,0,0,5
CH-SY-02-1,ST-SY-02,SY,2026-05-08,13,12,1,1,13
CH-SY-02-2,ST-SY-02,SY,2026-05-08,18,18,0,0,18
CH-SY-02-3,ST-SY-02,SY,2026-05-08,5,5,0,0,5
CH-SY-03-1,ST-SY-03,SY,2026-05-08,7,7,0,0,7
CH-SY-03-2,ST-SY-03,SY,2026-05-08,2,2,0,0,2
CH-SY-03-3,ST-SY-03,SY,2026-05-08,1,1,0,0,1
CH-SY-04-1,ST-SY-04,SY,2026-05-08,19,17,2,1,17
CH-SY-04-2,ST-SY-04,SY,2026-05-08,25,23,2,1,25
CH-SY-04-3,ST-SY-04,SY,2026-05-08,5,5,0,0,5
CH-SY-05-1,ST-SY-05,SY,2026-05-08,6,6,0,0,6
CH-SY-05-2,ST-SY-05,SY,2026-05-08,10,10,0,0,10
CH-SY-05-3,ST-SY-05,SY,2026-05-08,5,5,0,0,5
CH-SZ-01-1,ST-SZ-01,SZ,2026-05-08,6,6,0,0,6
CH-SZ-01-2,ST-SZ-01,SZ,2026-05-08,5,4,1,1,5
CH-SZ-01-3,ST-SZ-01,SZ,2026-05-08,3,3,0,0,3
CH-SZ-02-1,ST-SZ-02,SZ,2026-05-08,12,12,0,0,12
CH-SZ-02-2,ST-SZ-02,SZ,2026-05-08,12,12,0,0,12
CH-SZ-02-3,ST-SZ-02,SZ,2026-05-08,3,3,0,0,3
CH-SZ-03-1,ST-SZ-03,SZ,2026-05-08,8,8,0,0,8
CH-SZ-03-2,ST-SZ-03,SZ,2026-05-08,2,2,0,0,2
CH-SZ-03-3,ST-SZ-03,SZ,2026-05-08,3,3,0,0,3
CH-SZ-04-1,ST-SZ-04,SZ,2026-05-08,11,11,0,0,11
CH-SZ-04-2,ST-SZ-04,SZ,2026-05-08,16,16,0,0,15
CH-SZ-04-3,ST-SZ-04,SZ,2026-05-08,6,5,1,1,5
CH-SZ-05-1,ST-SZ-05,SZ,2026-05-08,8,8,0,0,8
CH-SZ-05-2,ST-SZ-05,SZ,2026-05-08,9,9,0,0,9
CH-SZ-05-3,ST-SZ-05,SZ,2026-05-08,4,4,0,0,4
CH-BJ-01-1,ST-BJ-01,BJ,2026-05-09,6,6,0,0,6
CH-BJ-01-2,ST-BJ-01,BJ,2026-05-09,12,12,0,0,12
CH-BJ-01-3,ST-BJ-01,BJ,2026-05-09,5,5,0,0,5
CH-BJ-02-1,ST-BJ-02,BJ,2026-05-09,10,10,0,0,10
CH-BJ-02-2,ST-BJ-02,BJ,2026-05-09,13,12,1,1,13
CH-BJ-02-3,ST-BJ-02,BJ,2026-05-09,3,3,0,0,3
CH-BJ-03-1,ST-BJ-03,BJ,2026-05-09,9,8,1,1,9
CH-BJ-03-2,ST-BJ-03,BJ,2026-05-09,3,3,0,0,3
CH-BJ-03-3,ST-BJ-03,BJ,2026-05-09,3,3,0,0,3
CH-BJ-04-1,ST-BJ-04,BJ,2026-05-09,18,16,2,1,18
CH-BJ-04-2,ST-BJ-04,BJ,2026-05-09,19,19,0,0,19
CH-BJ-04-3,ST-BJ-04,BJ,2026-05-09,7,7,0,0,7
CH-BJ-05-1,ST-BJ-05,BJ,2026-05-09,7,7,0,0,7
CH-BJ-05-2,ST-BJ-05,BJ,2026-05-09,10,10,0,0,10
CH-BJ-05-3,ST-BJ-05,BJ,2026-05-09,5,5,0,0,5
CH-DL-01-1,ST-DL-01,DL,2026-05-09,7,6,1,1,7
CH-DL-01-2,ST-DL-01,DL,2026-05-09,13,13,0,0,13
CH-DL-01-3,ST-DL-01,DL,2026-05-09,4,4,0,0,4
CH-DL-02-1,ST-DL-02,DL,2026-05-09,14,13,1,1,14
CH-DL-02-2,ST-DL-02,DL,2026-05-09,15,15,0,0,15
CH-DL-02-3,ST-DL-02,DL,2026-05-09,5,5,0,0,5
CH-DL-03-1,ST-DL-03,DL,2026-05-09,8,8,0,0,8
CH-DL-03-2,ST-DL-03,DL,2026-05-09,1,1,0,0,1
CH-DL-03-3,ST-DL-03,DL,2026-05-09,4,4,0,0,4
CH-DL-04-1,ST-DL-04,DL,2026-05-09,14,12,2,1,14
CH-DL-04-2,ST-DL-04,DL,2026-05-09,15,15,0,0,15
CH-DL-04-3,ST-DL-04,DL,2026-05-09,5,5,0,0,5
CH-DL-05-1,ST-DL-05,DL,2026-05-09,9,9,0,0,9
CH-DL-05-2,ST-DL-05,DL,2026-05-09,12,12,0,0,12
CH-DL-05-3,ST-DL-05,DL,2026-05-09,6,6,0,0,6
CH-SH-01-1,ST-SH-01,SH,2026-05-09,11,11,0,0,11
CH-SH-01-2,ST-SH-01,SH,2026-05-09,8,8,0,0,8
CH-SH-01-3,ST-SH-01,SH,2026-05-09,3,3,0,0,3
CH-SH-02-1,ST-SH-02,SH,2026-05-09,14,14,0,0,14
CH-SH-02-2,ST-SH-02,SH,2026-05-09,9,8,1,1,9
CH-SH-02-3,ST-SH-02,SH,2026-05-09,4,4,0,0,4
CH-SH-03-1,ST-SH-03,SH,2026-05-09,8,8,0,0,8
CH-SH-03-2,ST-SH-03,SH,2026-05-09,1,1,0,0,1
CH-SH-03-3,ST-SH-03,SH,2026-05-09,2,2,0,0,2
CH-SH-04-1,ST-SH-04,SH,2026-05-09,11,11,0,0,10
CH-SH-04-2,ST-SH-04,SH,2026-05-09,19,18,1,1,19
CH-SH-04-3,ST-SH-04,SH,2026-05-09,7,7,0,0,7
CH-SH-05-1,ST-SH-05,SH,2026-05-09,4,4,0,0,4
CH-SH-05-2,ST-SH-05,SH,2026-05-09,9,9,0,0,9
CH-SH-05-3,ST-SH-05,SH,2026-05-09,2,2,0,0,2
CH-SY-01-1,ST-SY-01,SY,2026-05-09,7,7,0,0,7
CH-SY-01-2,ST-SY-01,SY,2026-05-09,10,9,1,1,10
CH-SY-01-3,ST-SY-01,SY,2026-05-09,4,4,0,0,4
CH-SY-02-1,ST-SY-02,SY,2026-05-09,14,14,0,0,14
CH-SY-02-2,ST-SY-02,SY,2026-05-09,17,16,1,1,17
CH-SY-02-3,ST-SY-02,SY,2026-05-09,5,5,0,0,5
CH-SY-03-1,ST-SY-03,SY,2026-05-09,10,10,0,0,10
CH-SY-03-2,ST-SY-03,SY,2026-05-09,5,5,0,0,5
CH-SY-03-3,ST-SY-03,SY,2026-05-09,3,3,0,0,3
CH-SY-04-1,ST-SY-04,SY,2026-05-09,12,12,0,0,12
CH-SY-04-2,ST-SY-04,SY,2026-05-09,17,17,0,0,16
CH-SY-04-3,ST-SY-04,SY,2026-05-09,6,6,0,0,6
CH-SY-05-1,ST-SY-05,SY,2026-05-09,8,7,1,1,8
CH-SY-05-2,ST-SY-05,SY,2026-05-09,7,7,0,0,7
CH-SY-05-3,ST-SY-05,SY,2026-05-09,3,3,0,0,3
CH-SZ-01-1,ST-SZ-01,SZ,2026-05-09,9,7,2,1,9
CH-SZ-01-2,ST-SZ-01,SZ,2026-05-09,8,8,0,0,8
CH-SZ-01-3,ST-SZ-01,SZ,2026-05-09,6,6,0,0,6
CH-SZ-02-1,ST-SZ-02,SZ,2026-05-09,8,7,1,1,8
CH-SZ-02-2,ST-SZ-02,SZ,2026-05-09,8,8,0,0,8
CH-SZ-02-3,ST-SZ-02,SZ,2026-05-09,4,4,0,0,4
CH-SZ-03-1,ST-SZ-03,SZ,2026-05-09,10,9,1,1,10
CH-SZ-03-2,ST-SZ-03,SZ,2026-05-09,2,2,0,0,2
CH-SZ-03-3,ST-SZ-03,SZ,2026-05-09,4,3,1,1,4
CH-SZ-04-1,ST-SZ-04,SZ,2026-05-09,12,12,0,0,11
CH-SZ-04-2,ST-SZ-04,SZ,2026-05-09,14,14,0,0,14
CH-SZ-04-3,ST-SZ-04,SZ,2026-05-09,3,3,0,0,3
CH-SZ-05-1,ST-SZ-05,SZ,2026-05-09,8,6,2,1,8
CH-SZ-05-2,ST-SZ-05,SZ,2026-05-09,8,8,0,0,8
CH-SZ-05-3,ST-SZ-05,SZ,2026-05-09,3,3,0,0,3
CH-BJ-01-1,ST-BJ-01,BJ,2026-05-10,4,4,0,0,4
CH-BJ-01-2,ST-BJ-01,BJ,2026-05-10,4,4,0,0,4
CH-BJ-01-3,ST-BJ-01,BJ,2026-05-10,2,2,0,0,2
CH-BJ-02-1,ST-BJ-02,BJ,2026-05-10,6,6,0,0,6
CH-BJ-02-2,ST-BJ-02,BJ,2026-05-10,12,11,1,1,12
CH-BJ-02-3,ST-BJ-02,BJ,2026-05-10,6,6,0,0,6
CH-BJ-03-1,ST-BJ-03,BJ,2026-05-10,10,8,2,1,10
CH-BJ-03-2,ST-BJ-03,BJ,2026-05-10,2,2,0,0,2
CH-BJ-03-3,ST-BJ-03,BJ,2026-05-10,2,2,0,0,2
CH-BJ-04-1,ST-BJ-04,BJ,2026-05-10,14,13,1,1,14
CH-BJ-04-2,ST-BJ-04,BJ,2026-05-10,19,19,0,0,19
CH-BJ-04-3,ST-BJ-04,BJ,2026-05-10,6,6,0,0,6
CH-BJ-05-1,ST-BJ-05,BJ,2026-05-10,6,6,0,0,6
CH-BJ-05-2,ST-BJ-05,BJ,2026-05-10,6,6,0,0,6
CH-BJ-05-3,ST-BJ-05,BJ,2026-05-10,3,3,0,0,3
CH-DL-01-1,ST-DL-01,DL,2026-05-10,4,3,1,1,4
CH-DL-01-2,ST-DL-01,DL,2026-05-10,3,3,0,0,3
CH-DL-01-3,ST-DL-01,DL,2026-05-10,3,3,0,0,3
CH-DL-02-1,ST-DL-02,DL,2026-05-10,12,10,2,1,12
CH-DL-02-2,ST-DL-02,DL,2026-05-10,20,19,1,1,20
CH-DL-02-3,ST-DL-02,DL,2026-05-10,4,4,0,0,4
CH-DL-03-1,ST-DL-03,DL,2026-05-10,13,13,0,0,13
CH-DL-03-2,ST-DL-03,DL,2026-05-10,1,1,0,0,1
CH-DL-03-3,ST-DL-03,DL,2026-05-10,2,2,0,0,2
CH-DL-04-1,ST-DL-04,DL,2026-05-10,15,14,1,1,15
CH-DL-04-2,ST-DL-04,DL,2026-05-10,19,18,1,1,19
CH-DL-04-3,ST-DL-04,DL,2026-05-10,7,5,2,1,7
CH-DL-05-1,ST-DL-05,DL,2026-05-10,4,3,1,1,4
CH-DL-05-2,ST-DL-05,DL,2026-05-10,5,5,0,0,5
CH-DL-05-3,ST-DL-05,DL,2026-05-10,3,3,0,0,3
CH-SH-01-1,ST-SH-01,SH,2026-05-10,1,0,1,1,1
CH-SH-01-2,ST-SH-01,SH,2026-05-10,2,2,0,0,2
CH-SH-01-3,ST-SH-01,SH,2026-05-10,2,2,0,0,2
CH-SH-02-1,ST-SH-02,SH,2026-05-10,10,10,0,0,10
CH-SH-02-2,ST-SH-02,SH,2026-05-10,16,16,0,0,16
CH-SH-02-3,ST-SH-02,SH,2026-05-10,6,6,0,0,6
CH-SH-03-1,ST-SH-03,SH,2026-05-10,9,7,2,1,9
CH-SH-03-2,ST-SH-03,SH,2026-05-10,2,2,0,0,2
CH-SH-03-3,ST-SH-03,SH,2026-05-10,3,3,0,0,3
CH-SH-04-1,ST-SH-04,SH,2026-05-10,13,13,0,0,13
CH-SH-04-2,ST-SH-04,SH,2026-05-10,11,11,0,0,11
CH-SH-04-3,ST-SH-04,SH,2026-05-10,5,5,0,0,5
CH-SH-05-1,ST-SH-05,SH,2026-05-10,5,5,0,0,5
CH-SH-05-2,ST-SH-05,SH,2026-05-10,6,5,1,1,6
CH-SH-05-3,ST-SH-05,SH,2026-05-10,3,3,0,0,3
CH-SY-01-1,ST-SY-01,SY,2026-05-10,1,1,0,0,1
CH-SY-01-2,ST-SY-01,SY,2026-05-10,5,5,0,0,5
CH-SY-01-3,ST-SY-01,SY,2026-05-10,7,6,1,1,7
CH-SY-02-1,ST-SY-02,SY,2026-05-10,12,12,0,0,12
CH-SY-02-2,ST-SY-02,SY,2026-05-10,19,18,1,1,19
CH-SY-02-3,ST-SY-02,SY,2026-05-10,6,6,0,0,6
CH-SY-03-1,ST-SY-03,SY,2026-05-10,7,6,1,1,7
CH-SY-03-2,ST-SY-03,SY,2026-05-10,2,2,0,0,2
CH-SY-03-3,ST-SY-03,SY,2026-05-10,3,3,0,0,3
CH-SY-04-1,ST-SY-04,SY,2026-05-10,19,18,1,1,19
CH-SY-04-2,ST-SY-04,SY,2026-05-10,22,21,1,1,21
CH-SY-04-3,ST-SY-04,SY,2026-05-10,5,5,0,0,5
CH-SY-05-1,ST-SY-05,SY,2026-05-10,5,5,0,0,5
CH-SY-05-2,ST-SY-05,SY,2026-05-10,7,7,0,0,7
CH-SY-05-3,ST-SY-05,SY,2026-05-10,3,3,0,0,3
CH-SZ-01-1,ST-SZ-01,SZ,2026-05-10,1,1,0,0,1
CH-SZ-01-2,ST-SZ-01,SZ,2026-05-10,6,6,0,0,6
CH-SZ-01-3,ST-SZ-01,SZ,2026-05-10,3,3,0,0,3
CH-SZ-02-1,ST-SZ-02,SZ,2026-05-10,9,8,1,1,9
CH-SZ-02-2,ST-SZ-02,SZ,2026-05-10,9,9,0,0,9
CH-SZ-02-3,ST-SZ-02,SZ,2026-05-10,4,3,1,1,4
CH-SZ-03-1,ST-SZ-03,SZ,2026-05-10,7,6,1,1,7
CH-SZ-03-2,ST-SZ-03,SZ,2026-05-10,4,3,1,1,4
CH-SZ-03-3,ST-SZ-03,SZ,2026-05-10,1,1,0,0,1
CH-SZ-04-1,ST-SZ-04,SZ,2026-05-10,15,14,1,1,15
CH-SZ-04-2,ST-SZ-04,SZ,2026-05-10,20,19,1,1,20
CH-SZ-04-3,ST-SZ-04,SZ,2026-05-10,4,4,0,0,4
CH-SZ-05-1,ST-SZ-05,SZ,2026-05-10,5,4,1,1,5
CH-SZ-05-2,ST-SZ-05,SZ,2026-05-10,3,3,0,0,3
CH-SZ-05-3,ST-SZ-05,SZ,2026-05-10,2,2,0,0,2
CH-BJ-01-1,ST-BJ-01,BJ,2026-05-11,6,5,1,1,6
CH-BJ-01-2,ST-BJ-01,BJ,2026-05-11,7,7,0,0,7
CH-BJ-01-3,ST-BJ-01,BJ,2026-05-11,5,5,0,0,5
CH-BJ-02-1,ST-BJ-02,BJ,2026-05-11,13,12,1,1,13
CH-BJ-02-2,ST-BJ-02,BJ,2026-05-11,14,13,1,1,14
CH-BJ-02-3,ST-BJ-02,BJ,2026-05-11,4,4,0,0,4
CH-BJ-03-1,ST-BJ-03,BJ,2026-05-11,6,6,0,0,6
CH-BJ-03-2,ST-BJ-03,BJ,2026-05-11,4,4,0,0,4
CH-BJ-03-3,ST-BJ-03,BJ,2026-05-11,2,2,0,0,2
CH-BJ-04-1,ST-BJ-04,BJ,2026-05-11,17,17,0,0,17
CH-BJ-04-2,ST-BJ-04,BJ,2026-05-11,20,20,0,0,20
CH-BJ-04-3,ST-BJ-04,BJ,2026-05-11,5,5,0,0,5
CH-BJ-05-1,ST-BJ-05,BJ,2026-05-11,4,4,0,0,4
CH-BJ-05-2,ST-BJ-05,BJ,2026-05-11,12,12,0,0,12
CH-BJ-05-3,ST-BJ-05,BJ,2026-05-11,5,5,0,0,5
CH-DL-01-1,ST-DL-01,DL,2026-05-11,6,6,0,0,6
CH-DL-01-2,ST-DL-01,DL,2026-05-11,10,10,0,0,10
CH-DL-01-3,ST-DL-01,DL,2026-05-11,5,5,0,0,5
CH-DL-02-1,ST-DL-02,DL,2026-05-11,10,10,0,0,10
CH-DL-02-2,ST-DL-02,DL,2026-05-11,15,15,0,0,15
CH-DL-02-3,ST-DL-02,DL,2026-05-11,6,5,1,1,6
CH-DL-03-1,ST-DL-03,DL,2026-05-11,7,7,0,0,7
CH-DL-03-2,ST-DL-03,DL,2026-05-11,1,1,0,0,1
CH-DL-03-3,ST-DL-03,DL,2026-05-11,2,2,0,0,2
CH-DL-04-1,ST-DL-04,DL,2026-05-11,15,15,0,0,15
CH-DL-04-2,ST-DL-04,DL,2026-05-11,22,22,0,0,21
CH-DL-04-3,ST-DL-04,DL,2026-05-11,7,6,1,1,7
CH-DL-05-1,ST-DL-05,DL,2026-05-11,5,5,0,0,5
CH-DL-05-2,ST-DL-05,DL,2026-05-11,5,5,0,0,5
CH-DL-05-3,ST-DL-05,DL,2026-05-11,3,3,0,0,3
CH-SH-01-1,ST-SH-01,SH,2026-05-11,7,6,1,1,7
CH-SH-01-2,ST-SH-01,SH,2026-05-11,10,10,0,0,10
CH-SH-01-3,ST-SH-01,SH,2026-05-11,3,3,0,0,3
CH-SH-02-1,ST-SH-02,SH,2026-05-11,7,7,0,0,7
CH-SH-02-2,ST-SH-02,SH,2026-05-11,13,13,0,0,13
CH-SH-02-3,ST-SH-02,SH,2026-05-11,4,4,0,0,4
CH-SH-03-1,ST-SH-03,SH,2026-05-11,13,11,2,1,12
CH-SH-03-2,ST-SH-03,SH,2026-05-11,2,2,0,0,2
CH-SH-03-3,ST-SH-03,SH,2026-05-11,2,2,0,0,2
CH-SH-04-1,ST-SH-04,SH,2026-05-11,9,9,0,0,8
CH-SH-04-2,ST-SH-04,SH,2026-05-11,19,19,0,0,19
CH-SH-04-3,ST-SH-04,SH,2026-05-11,5,5,0,0,5
CH-SH-05-1,ST-SH-05,SH,2026-05-11,6,4,2,1,6
CH-SH-05-2,ST-SH-05,SH,2026-05-11,8,8,0,0,8
CH-SH-05-3,ST-SH-05,SH,2026-05-11,4,4,0,0,4
CH-SY-01-1,ST-SY-01,SY,2026-05-11,8,8,0,0,8
CH-SY-01-2,ST-SY-01,SY,2026-05-11,12,12,0,0,12
CH-SY-01-3,ST-SY-01,SY,2026-05-11,3,3,0,0,3
CH-SY-02-1,ST-SY-02,SY,2026-05-11,15,15,0,0,15
CH-SY-02-2,ST-SY-02,SY,2026-05-11,11,11,0,0,11
CH-SY-02-3,ST-SY-02,SY,2026-05-11,4,4,0,0,4
CH-SY-03-1,ST-SY-03,SY,2026-05-11,8,8,0,0,8
CH-SY-03-2,ST-SY-03,SY,2026-05-11,3,3,0,0,3
CH-SY-03-3,ST-SY-03,SY,2026-05-11,3,3,0,0,3
CH-SY-04-1,ST-SY-04,SY,2026-05-11,15,15,0,0,15
CH-SY-04-2,ST-SY-04,SY,2026-05-11,22,21,1,1,20
CH-SY-04-3,ST-SY-04,SY,2026-05-11,7,7,0,0,7
CH-SY-05-1,ST-SY-05,SY,2026-05-11,9,9,0,0,9
CH-SY-05-2,ST-SY-05,SY,2026-05-11,8,8,0,0,8
CH-SY-05-3,ST-SY-05,SY,2026-05-11,5,5,0,0,5
CH-SZ-01-1,ST-SZ-01,SZ,2026-05-11,7,7,0,0,6
CH-SZ-01-2,ST-SZ-01,SZ,2026-05-11,10,10,0,0,10
CH-SZ-01-3,ST-SZ-01,SZ,2026-05-11,5,5,0,0,5
CH-SZ-02-1,ST-SZ-02,SZ,2026-05-11,10,10,0,0,10
CH-SZ-02-2,ST-SZ-02,SZ,2026-05-11,12,12,0,0,12
CH-SZ-02-3,ST-SZ-02,SZ,2026-05-11,4,4,0,0,4
CH-SZ-03-1,ST-SZ-03,SZ,2026-05-11,5,5,0,0,5
CH-SZ-03-2,ST-SZ-03,SZ,2026-05-11,3,3,0,0,3
CH-SZ-03-3,ST-SZ-03,SZ,2026-05-11,2,2,0,0,2
CH-SZ-04-1,ST-SZ-04,SZ,2026-05-11,9,9,0,0,9
CH-SZ-04-2,ST-SZ-04,SZ,2026-05-11,19,18,1,1,19
CH-SZ-04-3,ST-SZ-04,SZ,2026-05-11,4,4,0,0,4
CH-SZ-05-1,ST-SZ-05,SZ,2026-05-11,8,8,0,0,8
CH-SZ-05-2,ST-SZ-05,SZ,2026-05-11,8,8,0,0,8
CH-SZ-05-3,ST-SZ-05,SZ,2026-05-11,3,3,0,0,3
CH-BJ-01-1,ST-BJ-01,BJ,2026-05-12,12,10,2,1,12
CH-BJ-01-2,ST-BJ-01,BJ,2026-05-12,10,10,0,0,10
CH-BJ-01-3,ST-BJ-01,BJ,2026-05-12,6,6,0,0,6
CH-BJ-02-1,ST-BJ-02,BJ,2026-05-12,10,10,0,0,10
CH-BJ-02-2,ST-BJ-02,BJ,2026-05-12,5,5,0,0,5
CH-BJ-02-3,ST-BJ-02,BJ,2026-05-12,5,5,0,0,5
CH-BJ-03-1,ST-BJ-03,BJ,2026-05-12,10,9,1,1,10
CH-BJ-03-2,ST-BJ-03,BJ,2026-05-12,2,2,0,0,2
CH-BJ-03-3,ST-BJ-03,BJ,2026-05-12,3,3,0,0,3
CH-BJ-04-1,ST-BJ-04,BJ,2026-05-12,18,14,4,1,18
CH-BJ-04-2,ST-BJ-04,BJ,2026-05-12,20,20,0,0,20
CH-BJ-04-3,ST-BJ-04,BJ,2026-05-12,5,5,0,0,5
CH-BJ-05-1,ST-BJ-05,BJ,2026-05-12,8,8,0,0,8
CH-BJ-05-2,ST-BJ-05,BJ,2026-05-12,9,9,0,0,9
CH-BJ-05-3,ST-BJ-05,BJ,2026-05-12,5,5,0,0,5
CH-DL-01-1,ST-DL-01,DL,2026-05-12,9,9,0,0,9
CH-DL-01-2,ST-DL-01,DL,2026-05-12,10,10,0,0,10
CH-DL-01-3,ST-DL-01,DL,2026-05-12,4,4,0,0,4
CH-DL-02-1,ST-DL-02,DL,2026-05-12,12,10,2,1,12
CH-DL-02-2,ST-DL-02,DL,2026-05-12,12,12,0,0,12
CH-DL-02-3,ST-DL-02,DL,2026-05-12,3,3,0,0,3
CH-DL-03-1,ST-DL-03,DL,2026-05-12,10,9,1,1,10
CH-DL-03-2,ST-DL-03,DL,2026-05-12,1,1,0,0,1
CH-DL-03-3,ST-DL-03,DL,2026-05-12,2,2,0,0,2
CH-DL-04-1,ST-DL-04,DL,2026-05-12,12,12,0,0,12
CH-DL-04-2,ST-DL-04,DL,2026-05-12,22,22,0,0,22
CH-DL-04-3,ST-DL-04,DL,2026-05-12,7,7,0,0,7
CH-DL-05-1,ST-DL-05,DL,2026-05-12,7,7,0,0,7
CH-DL-05-2,ST-DL-05,DL,2026-05-12,13,13,0,0,13
CH-DL-05-3,ST-DL-05,DL,2026-05-12,5,5,0,0,5
CH-SH-01-1,ST-SH-01,SH,2026-05-12,9,9,0,0,9
CH-SH-01-2,ST-SH-01,SH,2026-05-12,13,13,0,0,13
CH-SH-01-3,ST-SH-01,SH,2026-05-12,2,2,0,0,2
CH-SH-02-1,ST-SH-02,SH,2026-05-12,12,11,1,1,12
CH-SH-02-2,ST-SH-02,SH,2026-05-12,9,9,0,0,9
CH-SH-02-3,ST-SH-02,SH,2026-05-12,3,3,0,0,3
CH-SH-03-1,ST-SH-03,SH,2026-05-12,6,6,0,0,6
CH-SH-03-2,ST-SH-03,SH,2026-05-12,2,2,0,0,2
CH-SH-03-3,ST-SH-03,SH,2026-05-12,3,3,0,0,3
CH-SH-04-1,ST-SH-04,SH,2026-05-12,12,10,2,1,12
CH-SH-04-2,ST-SH-04,SH,2026-05-12,12,11,1,1,10
CH-SH-04-3,ST-SH-04,SH,2026-05-12,3,3,0,0,3
CH-SH-05-1,ST-SH-05,SH,2026-05-12,5,5,0,0,5
CH-SH-05-2,ST-SH-05,SH,2026-05-12,5,5,0,0,5
CH-SH-05-3,ST-SH-05,SH,2026-05-12,4,4,0,0,4
CH-SY-01-1,ST-SY-01,SY,2026-05-12,11,11,0,0,11
CH-SY-01-2,ST-SY-01,SY,2026-05-12,10,8,2,1,10
CH-SY-01-3,ST-SY-01,SY,2026-05-12,3,3,0,0,3
CH-SY-02-1,ST-SY-02,SY,2026-05-12,12,12,0,0,12
CH-SY-02-2,ST-SY-02,SY,2026-05-12,14,13,1,1,14
CH-SY-02-3,ST-SY-02,SY,2026-05-12,6,5,1,1,6
CH-SY-03-1,ST-SY-03,SY,2026-05-12,9,8,1,1,9
CH-SY-03-2,ST-SY-03,SY,2026-05-12,2,2,0,0,2
CH-SY-03-3,ST-SY-03,SY,2026-05-12,3,2,1,1,3
CH-SY-04-1,ST-SY-04,SY,2026-05-12,14,12,2,1,13
CH-SY-04-2,ST-SY-04,SY,2026-05-12,14,14,0,0,14
CH-SY-04-3,ST-SY-04,SY,2026-05-12,2,2,0,0,2
CH-SY-05-1,ST-SY-05,SY,2026-05-12,5,5,0,0,5
CH-SY-05-2,ST-SY-05,SY,2026-05-12,4,4,0,0,4
CH-SY-05-3,ST-SY-05,SY,2026-05-12,4,4,0,0,4
CH-SZ-01-1,ST-SZ-01,SZ,2026-05-12,9,9,0,0,9
CH-SZ-01-2,ST-SZ-01,SZ,2026-05-12,9,9,0,0,9
CH-SZ-01-3,ST-SZ-01,SZ,2026-05-12,5,5,0,0,5
CH-SZ-02-1,ST-SZ-02,SZ,2026-05-12,15,13,2,1,15
CH-SZ-02-2,ST-SZ-02,SZ,2026-05-12,11,11,0,0,11
CH-SZ-02-3,ST-SZ-02,SZ,2026-05-12,3,3,0,0,3
CH-SZ-03-1,ST-SZ-03,SZ,2026-05-12,9,9,0,0,9
CH-SZ-03-2,ST-SZ-03,SZ,2026-05-12,1,1,0,0,1
CH-SZ-03-3,ST-SZ-03,SZ,2026-05-12,1,1,0,0,1
CH-SZ-04-1,ST-SZ-04,SZ,2026-05-12,14,14,0,0,14
CH-SZ-04-2,ST-SZ-04,SZ,2026-05-12,18,18,0,0,18
CH-SZ-04-3,ST-SZ-04,SZ,2026-05-12,3,3,0,0,3
CH-SZ-05-1,ST-SZ-05,SZ,2026-05-12,7,7,0,0,7
CH-SZ-05-2,ST-SZ-05,SZ,2026-05-12,9,9,0,0,9
CH-SZ-05-3,ST-SZ-05,SZ,2026-05-12,4,4,0,0,4
CH-BJ-01-1,ST-BJ-01,BJ,2026-05-13,8,8,0,0,8
CH-BJ-01-2,ST-BJ-01,BJ,2026-05-13,8,8,0,0,8
CH-BJ-01-3,ST-BJ-01,BJ,2026-05-13,4,3,1,1,4
CH-BJ-02-1,ST-BJ-02,BJ,2026-05-13,12,10,2,1,12
CH-BJ-02-2,ST-BJ-02,BJ,2026-05-13,11,11,0,0,11
CH-BJ-02-3,ST-BJ-02,BJ,2026-05-13,2,2,0,0,2
CH-BJ-03-1,ST-BJ-03,BJ,2026-05-13,6,6,0,0,6
CH-BJ-03-2,ST-BJ-03,BJ,2026-05-13,1,1,0,0,1
CH-BJ-03-3,ST-BJ-03,BJ,2026-05-13,2,2,0,0,2
CH-BJ-04-1,ST-BJ-04,BJ,2026-05-13,14,14,0,0,14
CH-BJ-04-2,ST-BJ-04,BJ,2026-05-13,20,20,0,0,20
CH-BJ-04-3,ST-BJ-04,BJ,2026-05-13,4,4,0,0,4
CH-BJ-05-1,ST-BJ-05,BJ,2026-05-13,9,7,2,1,9
CH-BJ-05-2,ST-BJ-05,BJ,2026-05-13,9,9,0,0,9
CH-BJ-05-3,ST-BJ-05,BJ,2026-05-13,5,5,0,0,5
CH-DL-01-1,ST-DL-01,DL,2026-05-13,15,13,2,1,15
CH-DL-01-2,ST-DL-01,DL,2026-05-13,11,11,0,0,11
CH-DL-01-3,ST-DL-01,DL,2026-05-13,5,5,0,0,5
CH-DL-02-1,ST-DL-02,DL,2026-05-13,11,11,0,0,11
CH-DL-02-2,ST-DL-02,DL,2026-05-13,13,13,0,0,13
CH-DL-02-3,ST-DL-02,DL,2026-05-13,4,4,0,0,4
CH-DL-03-1,ST-DL-03,DL,2026-05-13,7,7,0,0,7
CH-DL-03-2,ST-DL-03,DL,2026-05-13,3,2,1,1,3
CH-DL-03-3,ST-DL-03,DL,2026-05-13,2,2,0,0,2
CH-DL-04-1,ST-DL-04,DL,2026-05-13,14,13,1,1,14
CH-DL-04-2,ST-DL-04,DL,2026-05-13,17,17,0,0,17
CH-DL-04-3,ST-DL-04,DL,2026-05-13,5,5,0,0,5
CH-DL-05-1,ST-DL-05,DL,2026-05-13,5,5,0,0,5
CH-DL-05-2,ST-DL-05,DL,2026-05-13,11,11,0,0,11
CH-DL-05-3,ST-DL-05,DL,2026-05-13,4,4,0,0,4
CH-SH-01-1,ST-SH-01,SH,2026-05-13,6,6,0,0,6
CH-SH-01-2,ST-SH-01,SH,2026-05-13,12,12,0,0,12
CH-SH-01-3,ST-SH-01,SH,2026-05-13,2,2,0,0,2
CH-SH-02-1,ST-SH-02,SH,2026-05-13,9,9,0,0,9
CH-SH-02-2,ST-SH-02,SH,2026-05-13,13,13,0,0,13
CH-SH-02-3,ST-SH-02,SH,2026-05-13,6,6,0,0,6
CH-SH-03-1,ST-SH-03,SH,2026-05-13,10,10,0,0,10
CH-SH-03-2,ST-SH-03,SH,2026-05-13,3,3,0,0,3
CH-SH-03-3,ST-SH-03,SH,2026-05-13,3,3,0,0,3
CH-SH-04-1,ST-SH-04,SH,2026-05-13,14,14,0,0,14
CH-SH-04-2,ST-SH-04,SH,2026-05-13,20,20,0,0,20
CH-SH-04-3,ST-SH-04,SH,2026-05-13,5,5,0,0,5
CH-SH-05-1,ST-SH-05,SH,2026-05-13,8,7,1,1,8
CH-SH-05-2,ST-SH-05,SH,2026-05-13,11,11,0,0,11
CH-SH-05-3,ST-SH-05,SH,2026-05-13,4,4,0,0,4
CH-SY-01-1,ST-SY-01,SY,2026-05-13,10,10,0,0,10
CH-SY-01-2,ST-SY-01,SY,2026-05-13,12,11,1,1,12
CH-SY-01-3,ST-SY-01,SY,2026-05-13,4,4,0,0,4
CH-SY-02-1,ST-SY-02,SY,2026-05-13,15,13,2,1,15
CH-SY-02-2,ST-SY-02,SY,2026-05-13,19,19,0,0,19
CH-SY-02-3,ST-SY-02,SY,2026-05-13,7,7,0,0,7
CH-SY-03-1,ST-SY-03,SY,2026-05-13,9,9,0,0,9
CH-SY-03-2,ST-SY-03,SY,2026-05-13,4,4,0,0,4
CH-SY-03-3,ST-SY-03,SY,2026-05-13,3,3,0,0,3
CH-SY-04-1,ST-SY-04,SY,2026-05-13,19,17,2,1,18
CH-SY-04-2,ST-SY-04,SY,2026-05-13,22,21,1,1,21
CH-SY-04-3,ST-SY-04,SY,2026-05-13,5,5,0,0,5
CH-SY-05-1,ST-SY-05,SY,2026-05-13,6,6,0,0,6
CH-SY-05-2,ST-SY-05,SY,2026-05-13,8,8,0,0,8
CH-SY-05-3,ST-SY-05,SY,2026-05-13,2,2,0,0,2
CH-SZ-01-1,ST-SZ-01,SZ,2026-05-13,6,6,0,0,6
CH-SZ-01-2,ST-SZ-01,SZ,2026-05-13,12,12,0,0,12
CH-SZ-01-3,ST-SZ-01,SZ,2026-05-13,3,3,0,0,3
CH-SZ-02-1,ST-SZ-02,SZ,2026-05-13,8,8,0,0,8
CH-SZ-02-2,ST-SZ-02,SZ,2026-05-13,11,10,1,1,11
CH-SZ-02-3,ST-SZ-02,SZ,2026-05-13,4,4,0,0,4
CH-SZ-03-1,ST-SZ-03,SZ,2026-05-13,6,5,1,1,6
CH-SZ-03-2,ST-SZ-03,SZ,2026-05-13,2,2,0,0,2
CH-SZ-03-3,ST-SZ-03,SZ,2026-05-13,4,4,0,0,4
CH-SZ-04-1,ST-SZ-04,SZ,2026-05-13,14,12,2,1,14
CH-SZ-04-2,ST-SZ-04,SZ,2026-05-13,18,18,0,0,18
CH-SZ-04-3,ST-SZ-04,SZ,2026-05-13,3,3,0,0,3
CH-SZ-05-1,ST-SZ-05,SZ,2026-05-13,9,8,1,1,9
CH-SZ-05-2,ST-SZ-05,SZ,2026-05-13,13,13,0,0,13
CH-SZ-05-3,ST-SZ-05,SZ,2026-05-13,3,3,0,0,3
CH-BJ-01-1,ST-BJ-01,BJ,2026-05-14,8,8,0,0,8
CH-BJ-01-2,ST-BJ-01,BJ,2026-05-14,12,12,0,0,12
CH-BJ-01-3,ST-BJ-01,BJ,2026-05-14,4,4,0,0,4
CH-BJ-02-1,ST-BJ-02,BJ,2026-05-14,8,8,0,0,8
CH-BJ-02-2,ST-BJ-02,BJ,2026-05-14,9,8,1,1,9
CH-BJ-02-3,ST-BJ-02,BJ,2026-05-14,3,3,0,0,3
CH-BJ-03-1,ST-BJ-03,BJ,2026-05-14,7,6,1,1,7
CH-BJ-03-2,ST-BJ-03,BJ,2026-05-14,4,3,1,1,4
CH-BJ-03-3,ST-BJ-03,BJ,2026-05-14,3,3,0,0,3
CH-BJ-04-1,ST-BJ-04,BJ,2026-05-14,14,13,1,1,14
CH-BJ-04-2,ST-BJ-04,BJ,2026-05-14,20,20,0,0,20
CH-BJ-04-3,ST-BJ-04,BJ,2026-05-14,4,4,0,0,4
CH-BJ-05-1,ST-BJ-05,BJ,2026-05-14,6,6,0,0,6
CH-BJ-05-2,ST-BJ-05,BJ,2026-05-14,7,7,0,0,7
CH-BJ-05-3,ST-BJ-05,BJ,2026-05-14,2,2,0,0,2
CH-DL-01-1,ST-DL-01,DL,2026-05-14,7,7,0,0,7
CH-DL-01-2,ST-DL-01,DL,2026-05-14,6,6,0,0,6
CH-DL-01-3,ST-DL-01,DL,2026-05-14,2,2,0,0,2
CH-DL-02-1,ST-DL-02,DL,2026-05-14,6,6,0,0,6
CH-DL-02-2,ST-DL-02,DL,2026-05-14,11,11,0,0,11
CH-DL-02-3,ST-DL-02,DL,2026-05-14,4,4,0,0,4
CH-DL-03-1,ST-DL-03,DL,2026-05-14,5,5,0,0,5
CH-DL-03-2,ST-DL-03,DL,2026-05-14,1,1,0,0,1
CH-DL-03-3,ST-DL-03,DL,2026-05-14,1,1,0,0,1
CH-DL-04-1,ST-DL-04,DL,2026-05-14,15,14,1,1,15
CH-DL-04-2,ST-DL-04,DL,2026-05-14,17,16,1,1,17
CH-DL-04-3,ST-DL-04,DL,2026-05-14,4,4,0,0,4
CH-DL-05-1,ST-DL-05,DL,2026-05-14,6,6,0,0,6
CH-DL-05-2,ST-DL-05,DL,2026-05-14,7,7,0,0,7
CH-DL-05-3,ST-DL-05,DL,2026-05-14,3,3,0,0,3
CH-SH-01-1,ST-SH-01,SH,2026-05-14,8,8,0,0,8
CH-SH-01-2,ST-SH-01,SH,2026-05-14,9,9,0,0,9
CH-SH-01-3,ST-SH-01,SH,2026-05-14,4,4,0,0,4
CH-SH-02-1,ST-SH-02,SH,2026-05-14,12,11,1,1,12
CH-SH-02-2,ST-SH-02,SH,2026-05-14,13,12,1,1,13
CH-SH-02-3,ST-SH-02,SH,2026-05-14,3,3,0,0,3
CH-SH-03-1,ST-SH-03,SH,2026-05-14,7,6,1,1,7
CH-SH-03-2,ST-SH-03,SH,2026-05-14,2,2,0,0,2
CH-SH-03-3,ST-SH-03,SH,2026-05-14,3,3,0,0,3
CH-SH-04-1,ST-SH-04,SH,2026-05-14,15,13,2,1,15
CH-SH-04-2,ST-SH-04,SH,2026-05-14,14,14,0,0,14
CH-SH-04-3,ST-SH-04,SH,2026-05-14,7,7,0,0,7
CH-SH-05-1,ST-SH-05,SH,2026-05-14,9,9,0,0,9
CH-SH-05-2,ST-SH-05,SH,2026-05-14,10,10,0,0,10
CH-SH-05-3,ST-SH-05,SH,2026-05-14,3,3,0,0,3
CH-SY-01-1,ST-SY-01,SY,2026-05-14,10,9,1,1,10
CH-SY-01-2,ST-SY-01,SY,2026-05-14,9,9,0,0,9
CH-SY-01-3,ST-SY-01,SY,2026-05-14,3,3,0,0,3
CH-SY-02-1,ST-SY-02,SY,2026-05-14,13,12,1,1,13
CH-SY-02-2,ST-SY-02,SY,2026-05-14,17,17,0,0,17
CH-SY-02-3,ST-SY-02,SY,2026-05-14,4,4,0,0,4
CH-SY-03-1,ST-SY-03,SY,2026-05-14,13,12,1,1,13
CH-SY-03-2,ST-SY-03,SY,2026-05-14,2,2,0,0,2
CH-SY-03-3,ST-SY-03,SY,2026-05-14,2,2,0,0,2
CH-SY-04-1,ST-SY-04,SY,2026-05-14,14,13,1,1,13
CH-SY-04-2,ST-SY-04,SY,2026-05-14,19,18,1,1,18
CH-SY-04-3,ST-SY-04,SY,2026-05-14,8,8,0,0,8
CH-SY-05-1,ST-SY-05,SY,2026-05-14,6,6,0,0,6
CH-SY-05-2,ST-SY-05,SY,2026-05-14,6,6,0,0,6
CH-SY-05-3,ST-SY-05,SY,2026-05-14,2,2,0,0,2
CH-SZ-01-1,ST-SZ-01,SZ,2026-05-14,10,10,0,0,10
CH-SZ-01-2,ST-SZ-01,SZ,2026-05-14,11,11,0,0,11
CH-SZ-01-3,ST-SZ-01,SZ,2026-05-14,3,3,0,0,3
CH-SZ-02-1,ST-SZ-02,SZ,2026-05-14,11,10,1,1,11
CH-SZ-02-2,ST-SZ-02,SZ,2026-05-14,14,14,0,0,14
CH-SZ-02-3,ST-SZ-02,SZ,2026-05-14,3,3,0,0,3
CH-SZ-03-1,ST-SZ-03,SZ,2026-05-14,5,5,0,0,5
CH-SZ-03-2,ST-SZ-03,SZ,2026-05-14,2,2,0,0,2
CH-SZ-03-3,ST-SZ-03,SZ,2026-05-14,3,3,0,0,3
CH-SZ-04-1,ST-SZ-04,SZ,2026-05-14,15,14,1,1,15
CH-SZ-04-2,ST-SZ-04,SZ,2026-05-14,20,20,0,0,19
CH-SZ-04-3,ST-SZ-04,SZ,2026-05-14,4,4,0,0,4
CH-SZ-05-1,ST-SZ-05,SZ,2026-05-14,11,9,2,1,11
CH-SZ-05-2,ST-SZ-05,SZ,2026-05-14,9,9,0,0,9
CH-SZ-05-3,ST-SZ-05,SZ,2026-05-14,4,4,0,0,4
CH-BJ-01-1,ST-BJ-01,BJ,2026-05-15,7,7,0,0,7
CH-BJ-01-2,ST-BJ-01,BJ,2026-05-15,6,6,0,0,6
CH-BJ-01-3,ST-BJ-01,BJ,2026-05-15,5,5,0,0,5
CH-BJ-02-1,ST-BJ-02,BJ,2026-05-15,7,7,0,0,7
CH-BJ-02-2,ST-BJ-02,BJ,2026-05-15,14,14,0,0,14
CH-BJ-02-3,ST-BJ-02,BJ,2026-05-15,4,3,1,1,4
CH-BJ-03-1,ST-BJ-03,BJ,2026-05-15,6,6,0,0,6
CH-BJ-03-2,ST-BJ-03,BJ,2026-05-15,1,1,0,0,1
CH-BJ-03-3,ST-BJ-03,BJ,2026-05-15,1,1,0,0,1
CH-BJ-04-1,ST-BJ-04,BJ,2026-05-15,17,16,1,1,17
CH-BJ-04-2,ST-BJ-04,BJ,2026-05-15,19,19,0,0,18
CH-BJ-04-3,ST-BJ-04,BJ,2026-05-15,4,4,0,0,4
CH-BJ-05-1,ST-BJ-05,BJ,2026-05-15,8,8,0,0,8
CH-BJ-05-2,ST-BJ-05,BJ,2026-05-15,8,8,0,0,8
CH-BJ-05-3,ST-BJ-05,BJ,2026-05-15,4,4,0,0,4
CH-DL-01-1,ST-DL-01,DL,2026-05-15,8,8,0,0,8
CH-DL-01-2,ST-DL-01,DL,2026-05-15,12,12,0,0,12
CH-DL-01-3,ST-DL-01,DL,2026-05-15,3,3,0,0,3
CH-DL-02-1,ST-DL-02,DL,2026-05-15,9,8,1,1,8
CH-DL-02-2,ST-DL-02,DL,2026-05-15,14,14,0,0,14
CH-DL-02-3,ST-DL-02,DL,2026-05-15,3,3,0,0,3
CH-DL-03-1,ST-DL-03,DL,2026-05-15,6,6,0,0,6
CH-DL-03-2,ST-DL-03,DL,2026-05-15,1,1,0,0,1
CH-DL-03-3,ST-DL-03,DL,2026-05-15,1,1,0,0,1
CH-DL-04-1,ST-DL-04,DL,2026-05-15,16,16,0,0,16
CH-DL-04-2,ST-DL-04,DL,2026-05-15,17,17,0,0,16
CH-DL-04-3,ST-DL-04,DL,2026-05-15,3,3,0,0,3
CH-DL-05-1,ST-DL-05,DL,2026-05-15,7,7,0,0,7
CH-DL-05-2,ST-DL-05,DL,2026-05-15,6,6,0,0,6
CH-DL-05-3,ST-DL-05,DL,2026-05-15,3,3,0,0,3
CH-SH-01-1,ST-SH-01,SH,2026-05-15,7,7,0,0,7
CH-SH-01-2,ST-SH-01,SH,2026-05-15,13,13,0,0,13
CH-SH-01-3,ST-SH-01,SH,2026-05-15,2,2,0,0,2
CH-SH-02-1,ST-SH-02,SH,2026-05-15,12,12,0,0,12
CH-SH-02-2,ST-SH-02,SH,2026-05-15,14,14,0,0,14
CH-SH-02-3,ST-SH-02,SH,2026-05-15,5,5,0,0,5
CH-SH-03-1,ST-SH-03,SH,2026-05-15,6,5,1,1,6
CH-SH-03-2,ST-SH-03,SH,2026-05-15,3,3,0,0,3
CH-SH-03-3,ST-SH-03,SH,2026-05-15,3,3,0,0,3
CH-SH-04-1,ST-SH-04,SH,2026-05-15,19,16,3,1,19
CH-SH-04-2,ST-SH-04,SH,2026-05-15,16,16,0,0,15
CH-SH-04-3,ST-SH-04,SH,2026-05-15,5,5,0,0,5
CH-SH-05-1,ST-SH-05,SH,2026-05-15,7,7,0,0,7
CH-SH-05-2,ST-SH-05,SH,2026-05-15,8,8,0,0,8
CH-SH-05-3,ST-SH-05,SH,2026-05-15,4,4,0,0,4
CH-SY-01-1,ST-SY-01,SY,2026-05-15,8,7,1,1,8
CH-SY-01-2,ST-SY-01,SY,2026-05-15,8,8,0,0,8
CH-SY-01-3,ST-SY-01,SY,2026-05-15,4,4,0,0,4
CH-SY-02-1,ST-SY-02,SY,2026-05-15,9,7,2,1,9
CH-SY-02-2,ST-SY-02,SY,2026-05-15,14,14,0,0,14
CH-SY-02-3,ST-SY-02,SY,2026-05-15,4,4,0,0,4
CH-SY-03-1,ST-SY-03,SY,2026-05-15,9,8,1,1,9
CH-SY-03-2,ST-SY-03,SY,2026-05-15,2,2,0,0,2
CH-SY-03-3,ST-SY-03,SY,2026-05-15,3,3,0,0,3
CH-SY-04-1,ST-SY-04,SY,2026-05-15,16,16,0,0,16
CH-SY-04-2,ST-SY-04,SY,2026-05-15,22,22,0,0,21
CH-SY-04-3,ST-SY-04,SY,2026-05-15,5,5,0,0,5
CH-SY-05-1,ST-SY-05,SY,2026-05-15,9,9,0,0,9
CH-SY-05-2,ST-SY-05,SY,2026-05-15,9,9,0,0,9
CH-SY-05-3,ST-SY-05,SY,2026-05-15,4,4,0,0,4
CH-SZ-01-1,ST-SZ-01,SZ,2026-05-15,6,6,0,0,6
CH-SZ-01-2,ST-SZ-01,SZ,2026-05-15,8,8,0,0,8
CH-SZ-01-3,ST-SZ-01,SZ,2026-05-15,3,3,0,0,3
CH-SZ-02-1,ST-SZ-02,SZ,2026-05-15,10,10,0,0,10
CH-SZ-02-2,ST-SZ-02,SZ,2026-05-15,10,10,0,0,10
CH-SZ-02-3,ST-SZ-02,SZ,2026-05-15,3,3,0,0,3
CH-SZ-03-1,ST-SZ-03,SZ,2026-05-15,5,5,0,0,5
CH-SZ-03-2,ST-SZ-03,SZ,2026-05-15,1,1,0,0,1
CH-SZ-03-3,ST-SZ-03,SZ,2026-05-15,2,2,0,0,2
CH-SZ-04-1,ST-SZ-04,SZ,2026-05-15,14,13,1,1,14
CH-SZ-04-2,ST-SZ-04,SZ,2026-05-15,19,18,1,1,19
CH-SZ-04-3,ST-SZ-04,SZ,2026-05-15,4,4,0,0,4
CH-SZ-05-1,ST-SZ-05,SZ,2026-05-15,8,8,0,0,8
CH-SZ-05-2,ST-SZ-05,SZ,2026-05-15,13,13,0,0,13
CH-SZ-05-3,ST-SZ-05,SZ,2026-05-15,4,4,0,0,4
CH-BJ-01-1,ST-BJ-01,BJ,2026-05-16,2,2,0,0,2
CH-BJ-01-2,ST-BJ-01,BJ,2026-05-16,2,2,0,0,2
CH-BJ-01-3,ST-BJ-01,BJ,2026-05-16,2,2,0,0,2
CH-BJ-02-1,ST-BJ-02,BJ,2026-05-16,11,11,0,0,11
CH-BJ-02-2,ST-BJ-02,BJ,2026-05-16,12,12,0,0,12
CH-BJ-02-3,ST-BJ-02,BJ,2026-05-16,4,4,0,0,4
CH-BJ-03-1,ST-BJ-03,BJ,2026-05-16,11,11,0,0,10
CH-BJ-03-2,ST-BJ-03,BJ,2026-05-16,3,3,0,0,3
CH-BJ-03-3,ST-BJ-03,BJ,2026-05-16,3,3,0,0,3
CH-BJ-04-1,ST-BJ-04,BJ,2026-05-16,16,15,1,1,16
CH-BJ-04-2,ST-BJ-04,BJ,2026-05-16,20,19,1,1,20
CH-BJ-04-3,ST-BJ-04,BJ,2026-05-16,3,3,0,0,3
CH-BJ-05-1,ST-BJ-05,BJ,2026-05-16,7,6,1,1,7
CH-BJ-05-2,ST-BJ-05,BJ,2026-05-16,3,3,0,0,3
CH-BJ-05-3,ST-BJ-05,BJ,2026-05-16,2,2,0,0,2
CH-DL-01-1,ST-DL-01,DL,2026-05-16,3,3,0,0,3
CH-DL-01-2,ST-DL-01,DL,2026-05-16,5,5,0,0,5
CH-DL-01-3,ST-DL-01,DL,2026-05-16,2,2,0,0,2
CH-DL-02-1,ST-DL-02,DL,2026-05-16,9,9,0,0,9
CH-DL-02-2,ST-DL-02,DL,2026-05-16,16,16,0,0,16
CH-DL-02-3,ST-DL-02,DL,2026-05-16,5,5,0,0,5
CH-DL-03-1,ST-DL-03,DL,2026-05-16,7,7,0,0,7
CH-DL-03-2,ST-DL-03,DL,2026-05-16,1,1,0,0,1
CH-DL-03-3,ST-DL-03,DL,2026-05-16,2,2,0,0,2
CH-DL-04-1,ST-DL-04,DL,2026-05-16,13,13,0,0,13
CH-DL-04-2,ST-DL-04,DL,2026-05-16,19,19,0,0,19
CH-DL-04-3,ST-DL-04,DL,2026-05-16,4,4,0,0,4
CH-DL-05-1,ST-DL-05,DL,2026-05-16,7,6,1,1,7
CH-DL-05-2,ST-DL-05,DL,2026-05-16,7,7,0,0,7
CH-DL-05-3,ST-DL-05,DL,2026-05-16,4,4,0,0,4
CH-SH-01-1,ST-SH-01,SH,2026-05-16,2,2,0,0,2
CH-SH-01-2,ST-SH-01,SH,2026-05-16,4,4,0,0,4
CH-SH-01-3,ST-SH-01,SH,2026-05-16,2,2,0,0,2
CH-SH-02-1,ST-SH-02,SH,2026-05-16,13,11,2,1,13
CH-SH-02-2,ST-SH-02,SH,2026-05-16,13,13,0,0,13
CH-SH-02-3,ST-SH-02,SH,2026-05-16,5,5,0,0,5
CH-SH-03-1,ST-SH-03,SH,2026-05-16,6,6,0,0,6
CH-SH-03-2,ST-SH-03,SH,2026-05-16,2,2,0,0,2
CH-SH-03-3,ST-SH-03,SH,2026-05-16,2,2,0,0,2
CH-SH-04-1,ST-SH-04,SH,2026-05-16,11,9,2,1,11
CH-SH-04-2,ST-SH-04,SH,2026-05-16,20,20,0,0,19
CH-SH-04-3,ST-SH-04,SH,2026-05-16,5,5,0,0,5
CH-SH-05-1,ST-SH-05,SH,2026-05-16,3,2,1,1,3
CH-SH-05-2,ST-SH-05,SH,2026-05-16,5,5,0,0,5
CH-SH-05-3,ST-SH-05,SH,2026-05-16,2,2,0,0,2
CH-SY-01-1,ST-SY-01,SY,2026-05-16,2,2,0,0,2
CH-SY-01-2,ST-SY-01,SY,2026-05-16,4,4,0,0,4
CH-SY-01-3,ST-SY-01,SY,2026-05-16,5,5,0,0,5
CH-SY-02-1,ST-SY-02,SY,2026-05-16,11,11,0,0,11
CH-SY-02-2,ST-SY-02,SY,2026-05-16,14,14,0,0,14
CH-SY-02-3,ST-SY-02,SY,2026-05-16,4,4,0,0,4
CH-SY-03-1,ST-SY-03,SY,2026-05-16,11,10,1,1,11
CH-SY-03-2,ST-SY-03,SY,2026-05-16,4,4,0,0,4
CH-SY-03-3,ST-SY-03,SY,2026-05-16,2,2,0,0,2
CH-SY-04-1,ST-SY-04,SY,2026-05-16,14,13,1,1,14
CH-SY-04-2,ST-SY-04,SY,2026-05-16,28,28,0,0,26
CH-SY-04-3,ST-SY-04,SY,2026-05-16,7,5,2,1,7
CH-SY-05-1,ST-SY-05,SY,2026-05-16,6,5,1,1,6
CH-SY-05-2,ST-SY-05,SY,2026-05-16,3,3,0,0,3
CH-SY-05-3,ST-SY-05,SY,2026-05-16,3,3,0,0,3
CH-SZ-01-1,ST-SZ-01,SZ,2026-05-16,1,0,1,1,1
CH-SZ-01-2,ST-SZ-01,SZ,2026-05-16,2,2,0,0,2
CH-SZ-01-3,ST-SZ-01,SZ,2026-05-16,2,2,0,0,2
CH-SZ-02-1,ST-SZ-02,SZ,2026-05-16,10,10,0,0,10
CH-SZ-02-2,ST-SZ-02,SZ,2026-05-16,14,14,0,0,14
CH-SZ-02-3,ST-SZ-02,SZ,2026-05-16,6,6,0,0,6
CH-SZ-03-1,ST-SZ-03,SZ,2026-05-16,7,7,0,0,7
CH-SZ-03-2,ST-SZ-03,SZ,2026-05-16,3,3,0,0,3
CH-SZ-03-3,ST-SZ-03,SZ,2026-05-16,4,4,0,0,4
CH-SZ-04-1,ST-SZ-04,SZ,2026-05-16,15,15,0,0,15
CH-SZ-04-2,ST-SZ-04,SZ,2026-05-16,19,19,0,0,19
CH-SZ-04-3,ST-SZ-04,SZ,2026-05-16,3,3,0,0,3
CH-SZ-05-1,ST-SZ-05,SZ,2026-05-16,5,4,1,1,5
CH-SZ-05-2,ST-SZ-05,SZ,2026-05-16,9,9,0,0,9
CH-SZ-05-3,ST-SZ-05,SZ,2026-05-16,4,4,0,0,4
CH-BJ-01-1,ST-BJ-01,BJ,2026-05-17,2,1,1,1,2
CH-BJ-01-2,ST-BJ-01,BJ,2026-05-17,2,2,0,0,2
CH-BJ-01-3,ST-BJ-01,BJ,2026-05-17,4,4,0,0,4
CH-BJ-02-1,ST-BJ-02,BJ,2026-05-17,8,8,0,0,8
CH-BJ-02-2,ST-BJ-02,BJ,2026-05-17,11,11,0,0,11
CH-BJ-02-3,ST-BJ-02,BJ,2026-05-17,4,4,0,0,4
CH-BJ-03-1,ST-BJ-03,BJ,2026-05-17,11,11,0,0,11
CH-BJ-03-2,ST-BJ-03,BJ,2026-05-17,3,3,0,0,3
CH-BJ-03-3,ST-BJ-03,BJ,2026-05-17,4,4,0,0,4
CH-BJ-04-1,ST-BJ-04,BJ,2026-05-17,14,10,4,1,14
CH-BJ-04-2,ST-BJ-04,BJ,2026-05-17,22,22,0,0,22
CH-BJ-04-3,ST-BJ-04,BJ,2026-05-17,4,4,0,0,4
CH-BJ-05-1,ST-BJ-05,BJ,2026-05-17,5,3,2,1,5
CH-BJ-05-2,ST-BJ-05,BJ,2026-05-17,8,8,0,0,8
CH-BJ-05-3,ST-BJ-05,BJ,2026-05-17,3,3,0,0,3
CH-DL-01-1,ST-DL-01,DL,2026-05-17,6,5,1,1,6
CH-DL-01-2,ST-DL-01,DL,2026-05-17,4,4,0,0,4
CH-DL-01-3,ST-DL-01,DL,2026-05-17,2,2,0,0,2
CH-DL-02-1,ST-DL-02,DL,2026-05-17,14,13,1,1,14
CH-DL-02-2,ST-DL-02,DL,2026-05-17,13,13,0,0,13
CH-DL-02-3,ST-DL-02,DL,2026-05-17,5,5,0,0,5
CH-DL-03-1,ST-DL-03,DL,2026-05-17,9,8,1,1,9
CH-DL-03-2,ST-DL-03,DL,2026-05-17,2,2,0,0,2
CH-DL-03-3,ST-DL-03,DL,2026-05-17,2,2,0,0,2
CH-DL-04-1,ST-DL-04,DL,2026-05-17,16,14,2,1,16
CH-DL-04-2,ST-DL-04,DL,2026-05-17,24,21,3,1,23
CH-DL-04-3,ST-DL-04,DL,2026-05-17,6,6,0,0,6
CH-DL-05-1,ST-DL-05,DL,2026-05-17,1,1,0,0,1
CH-DL-05-2,ST-DL-05,DL,2026-05-17,5,5,0,0,5
CH-DL-05-3,ST-DL-05,DL,2026-05-17,4,4,0,0,4
CH-SH-01-1,ST-SH-01,SH,2026-05-17,5,5,0,0,5
CH-SH-01-2,ST-SH-01,SH,2026-05-17,8,8,0,0,8
CH-SH-01-3,ST-SH-01,SH,2026-05-17,4,4,0,0,4
CH-SH-02-1,ST-SH-02,SH,2026-05-17,11,11,0,0,11
CH-SH-02-2,ST-SH-02,SH,2026-05-17,15,15,0,0,15
CH-SH-02-3,ST-SH-02,SH,2026-05-17,5,4,1,1,5
CH-SH-03-1,ST-SH-03,SH,2026-05-17,7,7,0,0,7
CH-SH-03-2,ST-SH-03,SH,2026-05-17,2,2,0,0,2
CH-SH-03-3,ST-SH-03,SH,2026-05-17,3,3,0,0,3
CH-SH-04-1,ST-SH-04,SH,2026-05-17,16,15,1,1,15
CH-SH-04-2,ST-SH-04,SH,2026-05-17,15,14,1,1,15
CH-SH-04-3,ST-SH-04,SH,2026-05-17,7,7,0,0,7
CH-SH-05-1,ST-SH-05,SH,2026-05-17,7,4,3,1,7
CH-SH-05-2,ST-SH-05,SH,2026-05-17,4,4,0,0,4
CH-SH-05-3,ST-SH-05,SH,2026-05-17,5,5,0,0,5
CH-SY-01-1,ST-SY-01,SY,2026-05-17,2,2,0,0,2
CH-SY-01-2,ST-SY-01,SY,2026-05-17,3,3,0,0,3
CH-SY-01-3,ST-SY-01,SY,2026-05-17,4,4,0,0,4
CH-SY-02-1,ST-SY-02,SY,2026-05-17,14,12,2,1,14
CH-SY-02-2,ST-SY-02,SY,2026-05-17,20,18,2,1,20
CH-SY-02-3,ST-SY-02,SY,2026-05-17,4,4,0,0,4
CH-SY-03-1,ST-SY-03,SY,2026-05-17,5,4,1,1,5
CH-SY-03-2,ST-SY-03,SY,2026-05-17,2,2,0,0,2
CH-SY-03-3,ST-SY-03,SY,2026-05-17,2,2,0,0,2
CH-SY-04-1,ST-SY-04,SY,2026-05-17,17,17,0,0,16
CH-SY-04-2,ST-SY-04,SY,2026-05-17,18,16,2,1,18
CH-SY-04-3,ST-SY-04,SY,2026-05-17,5,5,0,0,5
CH-SY-05-1,ST-SY-05,SY,2026-05-17,1,1,0,0,1
CH-SY-05-2,ST-SY-05,SY,2026-05-17,6,6,0,0,6
CH-SY-05-3,ST-SY-05,SY,2026-05-17,3,3,0,0,3
CH-SZ-01-1,ST-SZ-01,SZ,2026-05-17,3,3,0,0,3
CH-SZ-01-2,ST-SZ-01,SZ,2026-05-17,5,5,0,0,5
CH-SZ-01-3,ST-SZ-01,SZ,2026-05-17,4,4,0,0,4
CH-SZ-02-1,ST-SZ-02,SZ,2026-05-17,12,12,0,0,12
CH-SZ-02-2,ST-SZ-02,SZ,2026-05-17,17,17,0,0,17
CH-SZ-02-3,ST-SZ-02,SZ,2026-05-17,5,5,0,0,5
CH-SZ-03-1,ST-SZ-03,SZ,2026-05-17,7,7,0,0,7
CH-SZ-03-2,ST-SZ-03,SZ,2026-05-17,3,3,0,0,3
CH-SZ-03-3,ST-SZ-03,SZ,2026-05-17,3,3,0,0,3
CH-SZ-04-1,ST-SZ-04,SZ,2026-05-17,15,15,0,0,15
CH-SZ-04-2,ST-SZ-04,SZ,2026-05-17,23,23,0,0,23
CH-SZ-04-3,ST-SZ-04,SZ,2026-05-17,5,5,0,0,5
CH-SZ-05-1,ST-SZ-05,SZ,2026-05-17,7,6,1,1,7
CH-SZ-05-2,ST-SZ-05,SZ,2026-05-17,8,8,0,0,8
CH-SZ-05-3,ST-SZ-05,SZ,2026-05-17,1,1,0,0,1
CH-BJ-01-1,ST-BJ-01,BJ,2026-05-18,10,9,1,1,10
CH-BJ-01-2,ST-BJ-01,BJ,2026-05-18,13,13,0,0,13
CH-BJ-01-3,ST-BJ-01,BJ,2026-05-18,4,4,0,0,4
CH-BJ-02-1,ST-BJ-02,BJ,2026-05-18,9,9,0,0,9
CH-BJ-02-2,ST-BJ-02,BJ,2026-05-18,14,13,1,1,14
CH-BJ-02-3,ST-BJ-02,BJ,2026-05-18,3,3,0,0,3
CH-BJ-03-1,ST-BJ-03,BJ,2026-05-18,7,6,1,1,7
CH-BJ-03-2,ST-BJ-03,BJ,2026-05-18,4,4,0,0,4
CH-BJ-03-3,ST-BJ-03,BJ,2026-05-18,2,2,0,0,2
CH-BJ-04-1,ST-BJ-04,BJ,2026-05-18,17,16,1,1,17
CH-BJ-04-2,ST-BJ-04,BJ,2026-05-18,24,22,2,1,24
CH-BJ-04-3,ST-BJ-04,BJ,2026-05-18,6,6,0,0,6
CH-BJ-05-1,ST-BJ-05,BJ,2026-05-18,8,7,1,1,8
CH-BJ-05-2,ST-BJ-05,BJ,2026-05-18,9,9,0,0,9
CH-BJ-05-3,ST-BJ-05,BJ,2026-05-18,4,4,0,0,4
CH-DL-01-1,ST-DL-01,DL,2026-05-18,7,7,0,0,7
CH-DL-01-2,ST-DL-01,DL,2026-05-18,12,12,0,0,12
CH-DL-01-3,ST-DL-01,DL,2026-05-18,5,5,0,0,5
CH-DL-02-1,ST-DL-02,DL,2026-05-18,9,9,0,0,9
CH-DL-02-2,ST-DL-02,DL,2026-05-18,10,10,0,0,10
CH-DL-02-3,ST-DL-02,DL,2026-05-18,4,4,0,0,4
CH-DL-03-1,ST-DL-03,DL,2026-05-18,6,5,1,1,6
CH-DL-03-2,ST-DL-03,DL,2026-05-18,2,2,0,0,2
CH-DL-03-3,ST-DL-03,DL,2026-05-18,1,1,0,0,1
CH-DL-04-1,ST-DL-04,DL,2026-05-18,14,14,0,0,14
CH-DL-04-2,ST-DL-04,DL,2026-05-18,19,19,0,0,18
CH-DL-04-3,ST-DL-04,DL,2026-05-18,6,6,0,0,6
CH-DL-05-1,ST-DL-05,DL,2026-05-18,3,3,0,0,3
CH-DL-05-2,ST-DL-05,DL,2026-05-18,5,5,0,0,5
CH-DL-05-3,ST-DL-05,DL,2026-05-18,4,4,0,0,4
CH-SH-01-1,ST-SH-01,SH,2026-05-18,10,10,0,0,10
CH-SH-01-2,ST-SH-01,SH,2026-05-18,8,8,0,0,8
CH-SH-01-3,ST-SH-01,SH,2026-05-18,4,4,0,0,4
CH-SH-02-1,ST-SH-02,SH,2026-05-18,9,9,0,0,9
CH-SH-02-2,ST-SH-02,SH,2026-05-18,12,10,2,1,12
CH-SH-02-3,ST-SH-02,SH,2026-05-18,3,3,0,0,3
CH-SH-03-1,ST-SH-03,SH,2026-05-18,7,7,0,0,7
CH-SH-03-2,ST-SH-03,SH,2026-05-18,3,3,0,0,3
CH-SH-03-3,ST-SH-03,SH,2026-05-18,3,3,0,0,3
CH-SH-04-1,ST-SH-04,SH,2026-05-18,16,15,1,1,16
CH-SH-04-2,ST-SH-04,SH,2026-05-18,20,20,0,0,20
CH-SH-04-3,ST-SH-04,SH,2026-05-18,4,4,0,0,4
CH-SH-05-1,ST-SH-05,SH,2026-05-18,8,7,1,1,8
CH-SH-05-2,ST-SH-05,SH,2026-05-18,6,5,1,1,6
CH-SH-05-3,ST-SH-05,SH,2026-05-18,5,5,0,0,5
CH-SY-01-1,ST-SY-01,SY,2026-05-18,8,7,1,1,8
CH-SY-01-2,ST-SY-01,SY,2026-05-18,10,10,0,0,10
CH-SY-01-3,ST-SY-01,SY,2026-05-18,4,4,0,0,4
CH-SY-02-1,ST-SY-02,SY,2026-05-18,9,9,0,0,9
CH-SY-02-2,ST-SY-02,SY,2026-05-18,14,14,0,0,14
CH-SY-02-3,ST-SY-02,SY,2026-05-18,5,5,0,0,5
CH-SY-03-1,ST-SY-03,SY,2026-05-18,11,10,1,1,11
CH-SY-03-2,ST-SY-03,SY,2026-05-18,4,4,0,0,4
CH-SY-03-3,ST-SY-03,SY,2026-05-18,2,2,0,0,2
CH-SY-04-1,ST-SY-04,SY,2026-05-18,16,16,0,0,16
CH-SY-04-2,ST-SY-04,SY,2026-05-18,22,21,1,1,21
CH-SY-04-3,ST-SY-04,SY,2026-05-18,4,4,0,0,4
CH-SY-05-1,ST-SY-05,SY,2026-05-18,8,4,4,1,8
CH-SY-05-2,ST-SY-05,SY,2026-05-18,6,6,0,0,6
CH-SY-05-3,ST-SY-05,SY,2026-05-18,1,1,0,0,1
CH-SZ-01-1,ST-SZ-01,SZ,2026-05-18,9,8,1,1,9
CH-SZ-01-2,ST-SZ-01,SZ,2026-05-18,15,14,1,1,15
CH-SZ-01-3,ST-SZ-01,SZ,2026-05-18,4,4,0,0,4
CH-SZ-02-1,ST-SZ-02,SZ,2026-05-18,9,8,1,1,9
CH-SZ-02-2,ST-SZ-02,SZ,2026-05-18,9,9,0,0,9
CH-SZ-02-3,ST-SZ-02,SZ,2026-05-18,3,3,0,0,3
CH-SZ-03-1,ST-SZ-03,SZ,2026-05-18,9,6,3,1,9
CH-SZ-03-2,ST-SZ-03,SZ,2026-05-18,3,3,0,0,3
CH-SZ-03-3,ST-SZ-03,SZ,2026-05-18,4,4,0,0,4
CH-SZ-04-1,ST-SZ-04,SZ,2026-05-18,14,14,0,0,14
CH-SZ-04-2,ST-SZ-04,SZ,2026-05-18,11,11,0,0,11
CH-SZ-04-3,ST-SZ-04,SZ,2026-05-18,3,3,0,0,3
CH-SZ-05-1,ST-SZ-05,SZ,2026-05-18,7,4,3,1,7
CH-SZ-05-2,ST-SZ-05,SZ,2026-05-18,7,7,0,0,7
CH-SZ-05-3,ST-SZ-05,SZ,2026-05-18,2,2,0,0,2
CH-BJ-01-1,ST-BJ-01,BJ,2026-05-19,12,11,1,1,12
CH-BJ-01-2,ST-BJ-01,BJ,2026-05-19,8,7,1,1,7
CH-BJ-01-3,ST-BJ-01,BJ,2026-05-19,5,5,0,0,5
CH-BJ-02-1,ST-BJ-02,BJ,2026-05-19,9,9,0,0,9
CH-BJ-02-2,ST-BJ-02,BJ,2026-05-19,12,12,0,0,12
CH-BJ-02-3,ST-BJ-02,BJ,2026-05-19,3,3,0,0,3
CH-BJ-03-1,ST-BJ-03,BJ,2026-05-19,8,8,0,0,8
CH-BJ-03-2,ST-BJ-03,BJ,2026-05-19,2,2,0,0,2
CH-BJ-03-3,ST-BJ-03,BJ,2026-05-19,3,3,0,0,3
CH-BJ-04-1,ST-BJ-04,BJ,2026-05-19,15,13,2,1,15
CH-BJ-04-2,ST-BJ-04,BJ,2026-05-19,28,27,1,1,26
CH-BJ-04-3,ST-BJ-04,BJ,2026-05-19,6,5,1,1,6
CH-BJ-05-1,ST-BJ-05,BJ,2026-05-19,10,9,1,1,10
CH-BJ-05-2,ST-BJ-05,BJ,2026-05-19,7,7,0,0,7
CH-BJ-05-3,ST-BJ-05,BJ,2026-05-19,2,2,0,0,2
CH-DL-01-1,ST-DL-01,DL,2026-05-19,11,10,1,1,11
CH-DL-01-2,ST-DL-01,DL,2026-05-19,11,9,2,1,11
CH-DL-01-3,ST-DL-01,DL,2026-05-19,5,5,0,0,5
CH-DL-02-1,ST-DL-02,DL,2026-05-19,8,8,0,0,8
CH-DL-02-2,ST-DL-02,DL,2026-05-19,10,10,0,0,10
CH-DL-02-3,ST-DL-02,DL,2026-05-19,3,3,0,0,3
CH-DL-03-1,ST-DL-03,DL,2026-05-19,3,2,1,1,3
CH-DL-03-2,ST-DL-03,DL,2026-05-19,2,2,0,0,2
CH-DL-03-3,ST-DL-03,DL,2026-05-19,1,1,0,0,1
CH-DL-04-1,ST-DL-04,DL,2026-05-19,16,15,1,1,15
CH-DL-04-2,ST-DL-04,DL,2026-05-19,16,16,0,0,16
CH-DL-04-3,ST-DL-04,DL,2026-05-19,5,3,2,1,5
CH-DL-05-1,ST-DL-05,DL,2026-05-19,7,5,2,1,7
CH-DL-05-2,ST-DL-05,DL,2026-05-19,6,6,0,0,6
CH-DL-05-3,ST-DL-05,DL,2026-05-19,2,2,0,0,2
CH-SH-01-1,ST-SH-01,SH,2026-05-19,10,10,0,0,10
CH-SH-01-2,ST-SH-01,SH,2026-05-19,12,11,1,1,12
CH-SH-01-3,ST-SH-01,SH,2026-05-19,3,3,0,0,3
CH-SH-02-1,ST-SH-02,SH,2026-05-19,10,9,1,1,10
CH-SH-02-2,ST-SH-02,SH,2026-05-19,13,12,1,1,13
CH-SH-02-3,ST-SH-02,SH,2026-05-19,3,3,0,0,3
CH-SH-03-1,ST-SH-03,SH,2026-05-19,8,8,0,0,8
CH-SH-03-2,ST-SH-03,SH,2026-05-19,1,1,0,0,1
CH-SH-03-3,ST-SH-03,SH,2026-05-19,2,2,0,0,2
CH-SH-04-1,ST-SH-04,SH,2026-05-19,9,9,0,0,9
CH-SH-04-2,ST-SH-04,SH,2026-05-19,14,13,1,1,14
CH-SH-04-3,ST-SH-04,SH,2026-05-19,5,5,0,0,5
CH-SH-05-1,ST-SH-05,SH,2026-05-19,8,8,0,0,8
CH-SH-05-2,ST-SH-05,SH,2026-05-19,9,9,0,0,9
CH-SH-05-3,ST-SH-05,SH,2026-05-19,3,3,0,0,3
CH-SY-01-1,ST-SY-01,SY,2026-05-19,7,7,0,0,7
CH-SY-01-2,ST-SY-01,SY,2026-05-19,12,12,0,0,12
CH-SY-01-3,ST-SY-01,SY,2026-05-19,3,3,0,0,3
CH-SY-02-1,ST-SY-02,SY,2026-05-19,15,14,1,1,15
CH-SY-02-2,ST-SY-02,SY,2026-05-19,17,16,1,1,17
CH-SY-02-3,ST-SY-02,SY,2026-05-19,5,5,0,0,5
CH-SY-03-1,ST-SY-03,SY,2026-05-19,7,7,0,0,7
CH-SY-03-2,ST-SY-03,SY,2026-05-19,1,1,0,0,1
CH-SY-03-3,ST-SY-03,SY,2026-05-19,1,1,0,0,1
CH-SY-04-1,ST-SY-04,SY,2026-05-19,14,13,1,1,14
CH-SY-04-2,ST-SY-04,SY,2026-05-19,16,15,1,1,16
CH-SY-04-3,ST-SY-04,SY,2026-05-19,3,3,0,0,3
CH-SY-05-1,ST-SY-05,SY,2026-05-19,2,2,0,0,2
CH-SY-05-2,ST-SY-05,SY,2026-05-19,9,9,0,0,9
CH-SY-05-3,ST-SY-05,SY,2026-05-19,5,5,0,0,5
CH-SZ-01-1,ST-SZ-01,SZ,2026-05-19,5,5,0,0,5
CH-SZ-01-2,ST-SZ-01,SZ,2026-05-19,12,12,0,0,12
CH-SZ-01-3,ST-SZ-01,SZ,2026-05-19,3,3,0,0,3
CH-SZ-02-1,ST-SZ-02,SZ,2026-05-19,10,10,0,0,10
CH-SZ-02-2,ST-SZ-02,SZ,2026-05-19,12,12,0,0,12
CH-SZ-02-3,ST-SZ-02,SZ,2026-05-19,4,4,0,0,4
CH-SZ-03-1,ST-SZ-03,SZ,2026-05-19,5,5,0,0,5
CH-SZ-03-2,ST-SZ-03,SZ,2026-05-19,2,2,0,0,2
CH-SZ-03-3,ST-SZ-03,SZ,2026-05-19,3,3,0,0,3
CH-SZ-04-1,ST-SZ-04,SZ,2026-05-19,13,13,0,0,13
CH-SZ-04-2,ST-SZ-04,SZ,2026-05-19,19,19,0,0,18
CH-SZ-04-3,ST-SZ-04,SZ,2026-05-19,3,3,0,0,3
CH-SZ-05-1,ST-SZ-05,SZ,2026-05-19,8,7,1,1,8
CH-SZ-05-2,ST-SZ-05,SZ,2026-05-19,9,9,0,0,9
CH-SZ-05-3,ST-SZ-05,SZ,2026-05-19,2,2,0,0,2
CH-BJ-01-1,ST-BJ-01,BJ,2026-05-20,8,7,1,1,8
CH-BJ-01-2,ST-BJ-01,BJ,2026-05-20,10,10,0,0,10
CH-BJ-01-3,ST-BJ-01,BJ,2026-05-20,4,4,0,0,4
CH-BJ-02-1,ST-BJ-02,BJ,2026-05-20,7,7,0,0,7
CH-BJ-02-2,ST-BJ-02,BJ,2026-05-20,8,8,0,0,8
CH-BJ-02-3,ST-BJ-02,BJ,2026-05-20,5,5,0,0,5
CH-BJ-03-1,ST-BJ-03,BJ,2026-05-20,9,7,2,1,9
CH-BJ-03-2,ST-BJ-03,BJ,2026-05-20,3,3,0,0,3
CH-BJ-03-3,ST-BJ-03,BJ,2026-05-20,2,2,0,0,2
CH-BJ-04-1,ST-BJ-04,BJ,2026-05-20,18,17,1,1,17
CH-BJ-04-2,ST-BJ-04,BJ,2026-05-20,21,21,0,0,21
CH-BJ-04-3,ST-BJ-04,BJ,2026-05-20,6,6,0,0,6
CH-BJ-05-1,ST-BJ-05,BJ,2026-05-20,9,9,0,0,9
CH-BJ-05-2,ST-BJ-05,BJ,2026-05-20,9,9,0,0,9
CH-BJ-05-3,ST-BJ-05,BJ,2026-05-20,6,6,0,0,6
CH-DL-01-1,ST-DL-01,DL,2026-05-20,6,6,0,0,6
CH-DL-01-2,ST-DL-01,DL,2026-05-20,5,5,0,0,5
CH-DL-01-3,ST-DL-01,DL,2026-05-20,2,2,0,0,2
CH-DL-02-1,ST-DL-02,DL,2026-05-20,9,8,1,1,9
CH-DL-02-2,ST-DL-02,DL,2026-05-20,12,11,1,1,12
CH-DL-02-3,ST-DL-02,DL,2026-05-20,3,3,0,0,3
CH-DL-03-1,ST-DL-03,DL,2026-05-20,8,8,0,0,8
CH-DL-03-2,ST-DL-03,DL,2026-05-20,2,2,0,0,2
CH-DL-03-3,ST-DL-03,DL,2026-05-20,2,2,0,0,2
CH-DL-04-1,ST-DL-04,DL,2026-05-20,16,15,1,1,15
CH-DL-04-2,ST-DL-04,DL,2026-05-20,15,15,0,0,14
CH-DL-04-3,ST-DL-04,DL,2026-05-20,4,4,0,0,4
CH-DL-05-1,ST-DL-05,DL,2026-05-20,6,5,1,1,6
CH-DL-05-2,ST-DL-05,DL,2026-05-20,9,7,2,1,9
CH-DL-05-3,ST-DL-05,DL,2026-05-20,4,4,0,0,4
CH-SH-01-1,ST-SH-01,SH,2026-05-20,4,4,0,0,4
CH-SH-01-2,ST-SH-01,SH,2026-05-20,8,8,0,0,8
CH-SH-01-3,ST-SH-01,SH,2026-05-20,5,5,0,0,5
CH-SH-02-1,ST-SH-02,SH,2026-05-20,8,6,2,1,8
CH-SH-02-2,ST-SH-02,SH,2026-05-20,12,12,0,0,12
CH-SH-02-3,ST-SH-02,SH,2026-05-20,3,3,0,0,3
CH-SH-03-1,ST-SH-03,SH,2026-05-20,3,3,0,0,3
CH-SH-03-2,ST-SH-03,SH,2026-05-20,3,3,0,0,3
CH-SH-03-3,ST-SH-03,SH,2026-05-20,3,3,0,0,3
CH-SH-04-1,ST-SH-04,SH,2026-05-20,13,13,0,0,12
CH-SH-04-2,ST-SH-04,SH,2026-05-20,7,7,0,0,6
CH-SH-04-3,ST-SH-04,SH,2026-05-20,2,2,0,0,2
CH-SH-05-1,ST-SH-05,SH,2026-05-20,7,7,0,0,7
CH-SH-05-2,ST-SH-05,SH,2026-05-20,8,8,0,0,8
CH-SH-05-3,ST-SH-05,SH,2026-05-20,2,2,0,0,2
CH-SY-01-1,ST-SY-01,SY,2026-05-20,9,9,0,0,9
CH-SY-01-2,ST-SY-01,SY,2026-05-20,9,9,0,0,9
CH-SY-01-3,ST-SY-01,SY,2026-05-20,6,6,0,0,6
CH-SY-02-1,ST-SY-02,SY,2026-05-20,11,11,0,0,11
CH-SY-02-2,ST-SY-02,SY,2026-05-20,15,15,0,0,15
CH-SY-02-3,ST-SY-02,SY,2026-05-20,6,6,0,0,6
CH-SY-03-1,ST-SY-03,SY,2026-05-20,5,5,0,0,5
CH-SY-03-2,ST-SY-03,SY,2026-05-20,1,1,0,0,1
CH-SY-03-3,ST-SY-03,SY,2026-05-20,3,3,0,0,3
CH-SY-04-1,ST-SY-04,SY,2026-05-20,18,17,1,1,17
CH-SY-04-2,ST-SY-04,SY,2026-05-20,22,21,1,1,21
CH-SY-04-3,ST-SY-04,SY,2026-05-20,6,6,0,0,6
CH-SY-05-1,ST-SY-05,SY,2026-05-20,7,6,1,1,7
CH-SY-05-2,ST-SY-05,SY,2026-05-20,6,6,0,0,6
CH-SY-05-3,ST-SY-05,SY,2026-05-20,4,4,0,0,4
CH-SZ-01-1,ST-SZ-01,SZ,2026-05-20,10,10,0,0,10
CH-SZ-01-2,ST-SZ-01,SZ,2026-05-20,12,12,0,0,12
CH-SZ-01-3,ST-SZ-01,SZ,2026-05-20,3,3,0,0,3
CH-SZ-02-1,ST-SZ-02,SZ,2026-05-20,4,4,0,0,4
CH-SZ-02-2,ST-SZ-02,SZ,2026-05-20,9,9,0,0,9
CH-SZ-02-3,ST-SZ-02,SZ,2026-05-20,2,2,0,0,2
CH-SZ-03-1,ST-SZ-03,SZ,2026-05-20,6,5,1,1,6
CH-SZ-03-2,ST-SZ-03,SZ,2026-05-20,2,2,0,0,2
CH-SZ-03-3,ST-SZ-03,SZ,2026-05-20,3,3,0,0,3
CH-SZ-04-1,ST-SZ-04,SZ,2026-05-20,13,13,0,0,13
CH-SZ-04-2,ST-SZ-04,SZ,2026-05-20,18,18,0,0,18
CH-SZ-04-3,ST-SZ-04,SZ,2026-05-20,6,6,0,0,6
CH-SZ-05-1,ST-SZ-05,SZ,2026-05-20,9,9,0,0,9
CH-SZ-05-2,ST-SZ-05,SZ,2026-05-20,11,10,1,1,11
CH-SZ-05-3,ST-SZ-05,SZ,2026-05-20,3,3,0,0,3
CH-BJ-01-1,ST-BJ-01,BJ,2026-05-21,7,5,2,1,7
CH-BJ-01-2,ST-BJ-01,BJ,2026-05-21,10,9,1,1,10
CH-BJ-01-3,ST-BJ-01,BJ,2026-05-21,3,3,0,0,3
CH-BJ-02-1,ST-BJ-02,BJ,2026-05-21,7,6,1,1,7
CH-BJ-02-2,ST-BJ-02,BJ,2026-05-21,9,9,0,0,9
CH-BJ-02-3,ST-BJ-02,BJ,2026-05-21,4,4,0,0,4
CH-BJ-03-1,ST-BJ-03,BJ,2026-05-21,11,11,0,0,11
CH-BJ-03-2,ST-BJ-03,BJ,2026-05-21,2,2,0,0,2
CH-BJ-03-3,ST-BJ-03,BJ,2026-05-21,2,2,0,0,2
CH-BJ-04-1,ST-BJ-04,BJ,2026-05-21,14,14,0,0,14
CH-BJ-04-2,ST-BJ-04,BJ,2026-05-21,19,19,0,0,18
CH-BJ-04-3,ST-BJ-04,BJ,2026-05-21,5,5,0,0,5
CH-BJ-05-1,ST-BJ-05,BJ,2026-05-21,6,5,1,1,6
CH-BJ-05-2,ST-BJ-05,BJ,2026-05-21,9,9,0,0,9
CH-BJ-05-3,ST-BJ-05,BJ,2026-05-21,5,5,0,0,5
CH-DL-01-1,ST-DL-01,DL,2026-05-21,6,5,1,1,6
CH-DL-01-2,ST-DL-01,DL,2026-05-21,13,10,3,1,13
CH-DL-01-3,ST-DL-01,DL,2026-05-21,3,3,0,0,3
CH-DL-02-1,ST-DL-02,DL,2026-05-21,13,11,2,1,13
CH-DL-02-2,ST-DL-02,DL,2026-05-21,14,13,1,1,14
CH-DL-02-3,ST-DL-02,DL,2026-05-21,4,4,0,0,4
CH-DL-03-1,ST-DL-03,DL,2026-05-21,4,4,0,0,4
CH-DL-03-2,ST-DL-03,DL,2026-05-21,2,2,0,0,2
CH-DL-03-3,ST-DL-03,DL,2026-05-21,1,1,0,0,1
CH-DL-04-1,ST-DL-04,DL,2026-05-21,18,18,0,0,16
CH-DL-04-2,ST-DL-04,DL,2026-05-21,17,16,1,1,16
CH-DL-04-3,ST-DL-04,DL,2026-05-21,6,6,0,0,6
CH-DL-05-1,ST-DL-05,DL,2026-05-21,5,5,0,0,5
CH-DL-05-2,ST-DL-05,DL,2026-05-21,7,7,0,0,7
CH-DL-05-3,ST-DL-05,DL,2026-05-21,4,4,0,0,4
CH-SH-01-1,ST-SH-01,SH,2026-05-21,12,11,1,1,12
CH-SH-01-2,ST-SH-01,SH,2026-05-21,11,11,0,0,11
CH-SH-01-3,ST-SH-01,SH,2026-05-21,4,4,0,0,4
CH-SH-02-1,ST-SH-02,SH,2026-05-21,11,11,0,0,11
CH-SH-02-2,ST-SH-02,SH,2026-05-21,15,14,1,1,15
CH-SH-02-3,ST-SH-02,SH,2026-05-21,4,3,1,1,4
CH-SH-03-1,ST-SH-03,SH,2026-05-21,8,7,1,1,8
CH-SH-03-2,ST-SH-03,SH,2026-05-21,3,3,0,0,3
CH-SH-03-3,ST-SH-03,SH,2026-05-21,1,1,0,0,1
CH-SH-04-1,ST-SH-04,SH,2026-05-21,10,10,0,0,9
CH-SH-04-2,ST-SH-04,SH,2026-05-21,13,11,2,1,13
CH-SH-04-3,ST-SH-04,SH,2026-05-21,3,3,0,0,3
CH-SH-05-1,ST-SH-05,SH,2026-05-21,6,6,0,0,6
CH-SH-05-2,ST-SH-05,SH,2026-05-21,5,5,0,0,5
CH-SH-05-3,ST-SH-05,SH,2026-05-21,6,6,0,0,6
CH-SY-01-1,ST-SY-01,SY,2026-05-21,8,7,1,1,8
CH-SY-01-2,ST-SY-01,SY,2026-05-21,10,10,0,0,10
CH-SY-01-3,ST-SY-01,SY,2026-05-21,7,7,0,0,7
CH-SY-02-1,ST-SY-02,SY,2026-05-21,21,19,2,1,21
CH-SY-02-2,ST-SY-02,SY,2026-05-21,12,11,1,1,12
CH-SY-02-3,ST-SY-02,SY,2026-05-21,4,3,1,1,4
CH-SY-03-1,ST-SY-03,SY,2026-05-21,7,6,1,1,7
CH-SY-03-2,ST-SY-03,SY,2026-05-21,1,1,0,0,1
CH-SY-03-3,ST-SY-03,SY,2026-05-21,4,4,0,0,4
CH-SY-04-1,ST-SY-04,SY,2026-05-21,17,15,2,1,15
CH-SY-04-2,ST-SY-04,SY,2026-05-21,16,15,1,1,15
CH-SY-04-3,ST-SY-04,SY,2026-05-21,6,5,1,1,6
CH-SY-05-1,ST-SY-05,SY,2026-05-21,6,6,0,0,6
CH-SY-05-2,ST-SY-05,SY,2026-05-21,6,6,0,0,6
CH-SY-05-3,ST-SY-05,SY,2026-05-21,4,4,0,0,4
CH-SZ-01-1,ST-SZ-01,SZ,2026-05-21,8,8,0,0,8
CH-SZ-01-2,ST-SZ-01,SZ,2026-05-21,13,13,0,0,13
CH-SZ-01-3,ST-SZ-01,SZ,2026-05-21,4,4,0,0,4
CH-SZ-02-1,ST-SZ-02,SZ,2026-05-21,11,10,1,1,11
CH-SZ-02-2,ST-SZ-02,SZ,2026-05-21,11,11,0,0,11
CH-SZ-02-3,ST-SZ-02,SZ,2026-05-21,4,4,0,0,4
CH-SZ-03-1,ST-SZ-03,SZ,2026-05-21,5,5,0,0,5
CH-SZ-03-2,ST-SZ-03,SZ,2026-05-21,2,2,0,0,2
CH-SZ-03-3,ST-SZ-03,SZ,2026-05-21,2,2,0,0,2
CH-SZ-04-1,ST-SZ-04,SZ,2026-05-21,13,12,1,1,13
CH-SZ-04-2,ST-SZ-04,SZ,2026-05-21,17,17,0,0,16
CH-SZ-04-3,ST-SZ-04,SZ,2026-05-21,5,5,0,0,5
CH-SZ-05-1,ST-SZ-05,SZ,2026-05-21,9,8,1,1,9
CH-SZ-05-2,ST-SZ-05,SZ,2026-05-21,9,9,0,0,9
CH-SZ-05-3,ST-SZ-05,SZ,2026-05-21,7,7,0,0,7
CH-BJ-01-1,ST-BJ-01,BJ,2026-05-22,7,7,0,0,7
CH-BJ-01-2,ST-BJ-01,BJ,2026-05-22,11,11,0,0,11
CH-BJ-01-3,ST-BJ-01,BJ,2026-05-22,2,2,0,0,2
CH-BJ-02-1,ST-BJ-02,BJ,2026-05-22,10,10,0,0,10
CH-BJ-02-2,ST-BJ-02,BJ,2026-05-22,10,10,0,0,10
CH-BJ-02-3,ST-BJ-02,BJ,2026-05-22,1,1,0,0,1
CH-BJ-03-1,ST-BJ-03,BJ,2026-05-22,7,7,0,0,7
CH-BJ-03-2,ST-BJ-03,BJ,2026-05-22,2,2,0,0,2
CH-BJ-03-3,ST-BJ-03,BJ,2026-05-22,2,2,0,0,2
CH-BJ-04-1,ST-BJ-04,BJ,2026-05-22,16,16,0,0,16
CH-BJ-04-2,ST-BJ-04,BJ,2026-05-22,17,14,3,1,17
CH-BJ-04-3,ST-BJ-04,BJ,2026-05-22,3,3,0,0,3
CH-BJ-05-1,ST-BJ-05,BJ,2026-05-22,7,7,0,0,7
CH-BJ-05-2,ST-BJ-05,BJ,2026-05-22,5,5,0,0,5
CH-BJ-05-3,ST-BJ-05,BJ,2026-05-22,3,3,0,0,3
CH-DL-01-1,ST-DL-01,DL,2026-05-22,8,7,1,1,8
CH-DL-01-2,ST-DL-01,DL,2026-05-22,10,10,0,0,10
CH-DL-01-3,ST-DL-01,DL,2026-05-22,4,4,0,0,4
CH-DL-02-1,ST-DL-02,DL,2026-05-22,11,9,2,1,11
CH-DL-02-2,ST-DL-02,DL,2026-05-22,15,15,0,0,15
CH-DL-02-3,ST-DL-02,DL,2026-05-22,5,5,0,0,5
CH-DL-03-1,ST-DL-03,DL,2026-05-22,11,11,0,0,11
CH-DL-03-2,ST-DL-03,DL,2026-05-22,2,2,0,0,2
CH-DL-03-3,ST-DL-03,DL,2026-05-22,3,3,0,0,3
CH-DL-04-1,ST-DL-04,DL,2026-05-22,24,22,2,1,22
CH-DL-04-2,ST-DL-04,DL,2026-05-22,20,20,0,0,20
CH-DL-04-3,ST-DL-04,DL,2026-05-22,4,3,1,1,4
CH-DL-05-1,ST-DL-05,DL,2026-05-22,9,8,1,1,9
CH-DL-05-2,ST-DL-05,DL,2026-05-22,8,8,0,0,8
CH-DL-05-3,ST-DL-05,DL,2026-05-22,4,4,0,0,4
CH-SH-01-1,ST-SH-01,SH,2026-05-22,12,10,2,1,12
CH-SH-01-2,ST-SH-01,SH,2026-05-22,16,16,0,0,16
CH-SH-01-3,ST-SH-01,SH,2026-05-22,3,3,0,0,3
CH-SH-02-1,ST-SH-02,SH,2026-05-22,10,8,2,1,10
CH-SH-02-2,ST-SH-02,SH,2026-05-22,8,8,0,0,8
CH-SH-02-3,ST-SH-02,SH,2026-05-22,4,4,0,0,4
CH-SH-03-1,ST-SH-03,SH,2026-05-22,10,9,1,1,10
CH-SH-03-2,ST-SH-03,SH,2026-05-22,1,1,0,0,1
CH-SH-03-3,ST-SH-03,SH,2026-05-22,1,1,0,0,1
CH-SH-04-1,ST-SH-04,SH,2026-05-22,13,13,0,0,13
CH-SH-04-2,ST-SH-04,SH,2026-05-22,18,17,1,1,17
CH-SH-04-3,ST-SH-04,SH,2026-05-22,4,4,0,0,4
CH-SH-05-1,ST-SH-05,SH,2026-05-22,5,5,0,0,5
CH-SH-05-2,ST-SH-05,SH,2026-05-22,8,8,0,0,8
CH-SH-05-3,ST-SH-05,SH,2026-05-22,4,4,0,0,4
CH-SY-01-1,ST-SY-01,SY,2026-05-22,9,9,0,0,9
CH-SY-01-2,ST-SY-01,SY,2026-05-22,11,11,0,0,11
CH-SY-01-3,ST-SY-01,SY,2026-05-22,4,4,0,0,4
CH-SY-02-1,ST-SY-02,SY,2026-05-22,14,14,0,0,14
CH-SY-02-2,ST-SY-02,SY,2026-05-22,15,15,0,0,15
CH-SY-02-3,ST-SY-02,SY,2026-05-22,5,5,0,0,5
CH-SY-03-1,ST-SY-03,SY,2026-05-22,6,6,0,0,6
CH-SY-03-2,ST-SY-03,SY,2026-05-22,3,3,0,0,3
CH-SY-03-3,ST-SY-03,SY,2026-05-22,2,2,0,0,2
CH-SY-04-1,ST-SY-04,SY,2026-05-22,17,17,0,0,17
CH-SY-04-2,ST-SY-04,SY,2026-05-22,19,19,0,0,19
CH-SY-04-3,ST-SY-04,SY,2026-05-22,6,6,0,0,6
CH-SY-05-1,ST-SY-05,SY,2026-05-22,9,9,0,0,9
CH-SY-05-2,ST-SY-05,SY,2026-05-22,13,13,0,0,13
CH-SY-05-3,ST-SY-05,SY,2026-05-22,4,4,0,0,4
CH-SZ-01-1,ST-SZ-01,SZ,2026-05-22,9,9,0,0,9
CH-SZ-01-2,ST-SZ-01,SZ,2026-05-22,14,14,0,0,14
CH-SZ-01-3,ST-SZ-01,SZ,2026-05-22,3,3,0,0,3
CH-SZ-02-1,ST-SZ-02,SZ,2026-05-22,15,14,1,1,15
CH-SZ-02-2,ST-SZ-02,SZ,2026-05-22,12,12,0,0,12
CH-SZ-02-3,ST-SZ-02,SZ,2026-05-22,6,5,1,1,6
CH-SZ-03-1,ST-SZ-03,SZ,2026-05-22,10,9,1,1,10
CH-SZ-03-2,ST-SZ-03,SZ,2026-05-22,2,2,0,0,2
CH-SZ-03-3,ST-SZ-03,SZ,2026-05-22,3,3,0,0,3
CH-SZ-04-1,ST-SZ-04,SZ,2026-05-22,19,16,3,1,19
CH-SZ-04-2,ST-SZ-04,SZ,2026-05-22,18,17,1,1,18
CH-SZ-04-3,ST-SZ-04,SZ,2026-05-22,3,3,0,0,3
CH-SZ-05-1,ST-SZ-05,SZ,2026-05-22,7,7,0,0,7
CH-SZ-05-2,ST-SZ-05,SZ,2026-05-22,11,10,1,1,11
CH-SZ-05-3,ST-SZ-05,SZ,2026-05-22,3,3,0,0,3
CH-BJ-01-1,ST-BJ-01,BJ,2026-05-23,5,4,1,1,5
CH-BJ-01-2,ST-BJ-01,BJ,2026-05-23,4,4,0,0,4
CH-BJ-01-3,ST-BJ-01,BJ,2026-05-23,3,3,0,0,3
CH-BJ-02-1,ST-BJ-02,BJ,2026-05-23,12,12,0,0,12
CH-BJ-02-2,ST-BJ-02,BJ,2026-05-23,13,11,2,1,12
CH-BJ-02-3,ST-BJ-02,BJ,2026-05-23,5,5,0,0,5
CH-BJ-03-1,ST-BJ-03,BJ,2026-05-23,8,8,0,0,8
CH-BJ-03-2,ST-BJ-03,BJ,2026-05-23,3,3,0,0,3
CH-BJ-03-3,ST-BJ-03,BJ,2026-05-23,2,2,0,0,2
CH-BJ-04-1,ST-BJ-04,BJ,2026-05-23,17,15,2,1,16
CH-BJ-04-2,ST-BJ-04,BJ,2026-05-23,22,20,2,1,22
CH-BJ-04-3,ST-BJ-04,BJ,2026-05-23,6,6,0,0,6
CH-BJ-05-1,ST-BJ-05,BJ,2026-05-23,5,5,0,0,5
CH-BJ-05-2,ST-BJ-05,BJ,2026-05-23,7,7,0,0,7
CH-BJ-05-3,ST-BJ-05,BJ,2026-05-23,4,4,0,0,4
CH-DL-01-1,ST-DL-01,DL,2026-05-23,5,3,2,1,5
CH-DL-01-2,ST-DL-01,DL,2026-05-23,5,5,0,0,5
CH-DL-01-3,ST-DL-01,DL,2026-05-23,2,2,0,0,2
CH-DL-02-1,ST-DL-02,DL,2026-05-23,12,11,1,1,12
CH-DL-02-2,ST-DL-02,DL,2026-05-23,16,15,1,1,16
CH-DL-02-3,ST-DL-02,DL,2026-05-23,3,3,0,0,3
CH-DL-03-1,ST-DL-03,DL,2026-05-23,7,7,0,0,7
CH-DL-03-2,ST-DL-03,DL,2026-05-23,3,3,0,0,3
CH-DL-03-3,ST-DL-03,DL,2026-05-23,2,2,0,0,2
CH-DL-04-1,ST-DL-04,DL,2026-05-23,18,16,2,1,18
CH-DL-04-2,ST-DL-04,DL,2026-05-23,21,21,0,0,20
CH-DL-04-3,ST-DL-04,DL,2026-05-23,6,6,0,0,6
CH-DL-05-1,ST-DL-05,DL,2026-05-23,1,1,0,0,1
CH-DL-05-2,ST-DL-05,DL,2026-05-23,4,4,0,0,4
CH-DL-05-3,ST-DL-05,DL,2026-05-23,3,3,0,0,3
CH-SH-01-1,ST-SH-01,SH,2026-05-23,2,2,0,0,2
CH-SH-01-2,ST-SH-01,SH,2026-05-23,4,4,0,0,4
CH-SH-01-3,ST-SH-01,SH,2026-05-23,4,4,0,0,4
CH-SH-02-1,ST-SH-02,SH,2026-05-23,10,10,0,0,10
CH-SH-02-2,ST-SH-02,SH,2026-05-23,16,16,0,0,16
CH-SH-02-3,ST-SH-02,SH,2026-05-23,6,6,0,0,6
CH-SH-03-1,ST-SH-03,SH,2026-05-23,8,7,1,1,8
CH-SH-03-2,ST-SH-03,SH,2026-05-23,2,2,0,0,2
CH-SH-03-3,ST-SH-03,SH,2026-05-23,2,2,0,0,2
CH-SH-04-1,ST-SH-04,SH,2026-05-23,13,12,1,1,13
CH-SH-04-2,ST-SH-04,SH,2026-05-23,19,18,1,1,18
CH-SH-04-3,ST-SH-04,SH,2026-05-23,4,4,0,0,4
CH-SH-05-1,ST-SH-05,SH,2026-05-23,6,6,0,0,6
CH-SH-05-2,ST-SH-05,SH,2026-05-23,4,3,1,1,4
CH-SH-05-3,ST-SH-05,SH,2026-05-23,2,2,0,0,2
CH-SY-01-1,ST-SY-01,SY,2026-05-23,3,3,0,0,3
CH-SY-01-2,ST-SY-01,SY,2026-05-23,4,4,0,0,4
CH-SY-01-3,ST-SY-01,SY,2026-05-23,2,2,0,0,2
CH-SY-02-1,ST-SY-02,SY,2026-05-23,8,7,1,1,8
CH-SY-02-2,ST-SY-02,SY,2026-05-23,10,10,0,0,10
CH-SY-02-3,ST-SY-02,SY,2026-05-23,6,5,1,1,6
CH-SY-03-1,ST-SY-03,SY,2026-05-23,5,3,2,1,5
CH-SY-03-2,ST-SY-03,SY,2026-05-23,4,4,0,0,4
CH-SY-03-3,ST-SY-03,SY,2026-05-23,3,3,0,0,3
CH-SY-04-1,ST-SY-04,SY,2026-05-23,16,16,0,0,15
CH-SY-04-2,ST-SY-04,SY,2026-05-23,19,16,3,1,19
CH-SY-04-3,ST-SY-04,SY,2026-05-23,2,2,0,0,2
CH-SY-05-1,ST-SY-05,SY,2026-05-23,4,3,1,1,4
CH-SY-05-2,ST-SY-05,SY,2026-05-23,6,6,0,0,6
CH-SY-05-3,ST-SY-05,SY,2026-05-23,5,5,0,0,5
CH-SZ-01-1,ST-SZ-01,SZ,2026-05-23,7,6,1,1,7
CH-SZ-01-2,ST-SZ-01,SZ,2026-05-23,6,6,0,0,6
CH-SZ-01-3,ST-SZ-01,SZ,2026-05-23,3,3,0,0,3
CH-SZ-02-1,ST-SZ-02,SZ,2026-05-23,12,12,0,0,12
CH-SZ-02-2,ST-SZ-02,SZ,2026-05-23,17,17,0,0,17
CH-SZ-02-3,ST-SZ-02,SZ,2026-05-23,4,4,0,0,4
CH-SZ-03-1,ST-SZ-03,SZ,2026-05-23,10,9,1,1,10
CH-SZ-03-2,ST-SZ-03,SZ,2026-05-23,4,4,0,0,4
CH-SZ-03-3,ST-SZ-03,SZ,2026-05-23,1,1,0,0,1
CH-SZ-04-1,ST-SZ-04,SZ,2026-05-23,22,21,1,1,21
CH-SZ-04-2,ST-SZ-04,SZ,2026-05-23,21,20,1,1,19
CH-SZ-04-3,ST-SZ-04,SZ,2026-05-23,7,7,0,0,7
CH-SZ-05-1,ST-SZ-05,SZ,2026-05-23,6,6,0,0,6
CH-SZ-05-2,ST-SZ-05,SZ,2026-05-23,5,5,0,0,5
CH-SZ-05-3,ST-SZ-05,SZ,2026-05-23,4,4,0,0,4
CH-BJ-01-1,ST-BJ-01,BJ,2026-05-24,2,2,0,0,2
CH-BJ-01-2,ST-BJ-01,BJ,2026-05-24,3,3,0,0,3
CH-BJ-01-3,ST-BJ-01,BJ,2026-05-24,1,1,0,0,1
CH-BJ-02-1,ST-BJ-02,BJ,2026-05-24,9,9,0,0,9
CH-BJ-02-2,ST-BJ-02,BJ,2026-05-24,18,16,2,1,18
CH-BJ-02-3,ST-BJ-02,BJ,2026-05-24,4,4,0,0,4
CH-BJ-03-1,ST-BJ-03,BJ,2026-05-24,6,6,0,0,6
CH-BJ-03-2,ST-BJ-03,BJ,2026-05-24,3,3,0,0,3
CH-BJ-03-3,ST-BJ-03,BJ,2026-05-24,2,2,0,0,2
CH-BJ-04-1,ST-BJ-04,BJ,2026-05-24,16,16,0,0,16
CH-BJ-04-2,ST-BJ-04,BJ,2026-05-24,18,18,0,0,18
CH-BJ-04-3,ST-BJ-04,BJ,2026-05-24,4,4,0,0,4
CH-BJ-05-1,ST-BJ-05,BJ,2026-05-24,5,5,0,0,5
CH-BJ-05-2,ST-BJ-05,BJ,2026-05-24,9,9,0,0,9
CH-BJ-05-3,ST-BJ-05,BJ,2026-05-24,4,4,0,0,4
CH-DL-01-1,ST-DL-01,DL,2026-05-24,8,7,1,1,8
CH-DL-01-2,ST-DL-01,DL,2026-05-24,6,6,0,0,6
CH-DL-01-3,ST-DL-01,DL,2026-05-24,4,4,0,0,4
CH-DL-02-1,ST-DL-02,DL,2026-05-24,17,16,1,1,17
CH-DL-02-2,ST-DL-02,DL,2026-05-24,13,13,0,0,13
CH-DL-02-3,ST-DL-02,DL,2026-05-24,4,4,0,0,4
CH-DL-03-1,ST-DL-03,DL,2026-05-24,10,9,1,1,10
CH-DL-03-2,ST-DL-03,DL,2026-05-24,2,2,0,0,2
CH-DL-03-3,ST-DL-03,DL,2026-05-24,1,1,0,0,1
CH-DL-04-1,ST-DL-04,DL,2026-05-24,18,17,1,1,18
CH-DL-04-2,ST-DL-04,DL,2026-05-24,25,23,2,1,25
CH-DL-04-3,ST-DL-04,DL,2026-05-24,6,6,0,0,6
CH-DL-05-1,ST-DL-05,DL,2026-05-24,3,3,0,0,3
CH-DL-05-2,ST-DL-05,DL,2026-05-24,2,2,0,0,2
CH-DL-05-3,ST-DL-05,DL,2026-05-24,3,3,0,0,3
CH-SH-01-1,ST-SH-01,SH,2026-05-24,3,3,0,0,3
CH-SH-01-2,ST-SH-01,SH,2026-05-24,2,2,0,0,2
CH-SH-01-3,ST-SH-01,SH,2026-05-24,4,4,0,0,4
CH-SH-02-1,ST-SH-02,SH,2026-05-24,10,10,0,0,10
CH-SH-02-2,ST-SH-02,SH,2026-05-24,14,14,0,0,14
CH-SH-02-3,ST-SH-02,SH,2026-05-24,7,7,0,0,7
CH-SH-03-1,ST-SH-03,SH,2026-05-24,8,7,1,1,8
CH-SH-03-2,ST-SH-03,SH,2026-05-24,2,2,0,0,2
CH-SH-03-3,ST-SH-03,SH,2026-05-24,1,1,0,0,1
CH-SH-04-1,ST-SH-04,SH,2026-05-24,12,12,0,0,12
CH-SH-04-2,ST-SH-04,SH,2026-05-24,22,21,1,1,21
CH-SH-04-3,ST-SH-04,SH,2026-05-24,3,3,0,0,3
CH-SH-05-1,ST-SH-05,SH,2026-05-24,4,4,0,0,4
CH-SH-05-2,ST-SH-05,SH,2026-05-24,2,2,0,0,2
CH-SH-05-3,ST-SH-05,SH,2026-05-24,2,2,0,0,2
CH-SY-01-1,ST-SY-01,SY,2026-05-24,6,6,0,0,6
CH-SY-01-2,ST-SY-01,SY,2026-05-24,7,7,0,0,7
CH-SY-01-3,ST-SY-01,SY,2026-05-24,4,4,0,0,4
CH-SY-02-1,ST-SY-02,SY,2026-05-24,13,13,0,0,13
CH-SY-02-2,ST-SY-02,SY,2026-05-24,16,15,1,1,16
CH-SY-02-3,ST-SY-02,SY,2026-05-24,5,5,0,0,5
CH-SY-03-1,ST-SY-03,SY,2026-05-24,6,5,1,1,6
CH-SY-03-2,ST-SY-03,SY,2026-05-24,4,4,0,0,4
CH-SY-03-3,ST-SY-03,SY,2026-05-24,1,1,0,0,1
CH-SY-04-1,ST-SY-04,SY,2026-05-24,18,18,0,0,16
CH-SY-04-2,ST-SY-04,SY,2026-05-24,17,17,0,0,17
CH-SY-04-3,ST-SY-04,SY,2026-05-24,5,5,0,0,5
CH-SY-05-1,ST-SY-05,SY,2026-05-24,3,3,0,0,3
CH-SY-05-2,ST-SY-05,SY,2026-05-24,6,6,0,0,6
CH-SY-05-3,ST-SY-05,SY,2026-05-24,3,3,0,0,3
CH-SZ-01-1,ST-SZ-01,SZ,2026-05-24,2,2,0,0,2
CH-SZ-01-2,ST-SZ-01,SZ,2026-05-24,5,5,0,0,5
CH-SZ-01-3,ST-SZ-01,SZ,2026-05-24,4,4,0,0,4
CH-SZ-02-1,ST-SZ-02,SZ,2026-05-24,14,14,0,0,14
CH-SZ-02-2,ST-SZ-02,SZ,2026-05-24,11,10,1,1,11
CH-SZ-02-3,ST-SZ-02,SZ,2026-05-24,3,3,0,0,3
CH-SZ-03-1,ST-SZ-03,SZ,2026-05-24,8,7,1,1,8
CH-SZ-03-2,ST-SZ-03,SZ,2026-05-24,2,2,0,0,2
CH-SZ-03-3,ST-SZ-03,SZ,2026-05-24,2,2,0,0,2
CH-SZ-04-1,ST-SZ-04,SZ,2026-05-24,15,15,0,0,15
CH-SZ-04-2,ST-SZ-04,SZ,2026-05-24,17,16,1,1,16
CH-SZ-04-3,ST-SZ-04,SZ,2026-05-24,4,4,0,0,4
CH-SZ-05-1,ST-SZ-05,SZ,2026-05-24,12,12,0,0,12
CH-SZ-05-2,ST-SZ-05,SZ,2026-05-24,7,7,0,0,7
CH-SZ-05-3,ST-SZ-05,SZ,2026-05-24,4,4,0,0,4
CH-BJ-01-1,ST-BJ-01,BJ,2026-05-25,10,9,1,1,10
CH-BJ-01-2,ST-BJ-01,BJ,2026-05-25,10,10,0,0,10
CH-BJ-01-3,ST-BJ-01,BJ,2026-05-25,3,3,0,0,3
CH-BJ-02-1,ST-BJ-02,BJ,2026-05-25,13,12,1,1,13
CH-BJ-02-2,ST-BJ-02,BJ,2026-05-25,15,15,0,0,15
CH-BJ-02-3,ST-BJ-02,BJ,2026-05-25,5,5,0,0,5
CH-BJ-03-1,ST-BJ-03,BJ,2026-05-25,7,7,0,0,7
CH-BJ-03-2,ST-BJ-03,BJ,2026-05-25,1,1,0,0,1
CH-BJ-03-3,ST-BJ-03,BJ,2026-05-25,3,3,0,0,3
CH-BJ-04-1,ST-BJ-04,BJ,2026-05-25,11,11,0,0,11
CH-BJ-04-2,ST-BJ-04,BJ,2026-05-25,15,14,1,1,15
CH-BJ-04-3,ST-BJ-04,BJ,2026-05-25,4,4,0,0,4
CH-BJ-05-1,ST-BJ-05,BJ,2026-05-25,7,6,1,1,7
CH-BJ-05-2,ST-BJ-05,BJ,2026-05-25,13,13,0,0,13
CH-BJ-05-3,ST-BJ-05,BJ,2026-05-25,3,3,0,0,3
CH-DL-01-1,ST-DL-01,DL,2026-05-25,9,8,1,1,9
CH-DL-01-2,ST-DL-01,DL,2026-05-25,10,10,0,0,10
CH-DL-01-3,ST-DL-01,DL,2026-05-25,3,3,0,0,3
CH-DL-02-1,ST-DL-02,DL,2026-05-25,12,11,1,1,12
CH-DL-02-2,ST-DL-02,DL,2026-05-25,10,10,0,0,10
CH-DL-02-3,ST-DL-02,DL,2026-05-25,4,4,0,0,4
CH-DL-03-1,ST-DL-03,DL,2026-05-25,9,8,1,1,9
CH-DL-03-2,ST-DL-03,DL,2026-05-25,2,2,0,0,2
CH-DL-03-3,ST-DL-03,DL,2026-05-25,2,2,0,0,2
CH-DL-04-1,ST-DL-04,DL,2026-05-25,11,11,0,0,11
CH-DL-04-2,ST-DL-04,DL,2026-05-25,24,22,2,1,24
CH-DL-04-3,ST-DL-04,DL,2026-05-25,4,4,0,0,4
CH-DL-05-1,ST-DL-05,DL,2026-05-25,12,11,1,1,12
CH-DL-05-2,ST-DL-05,DL,2026-05-25,11,10,1,1,11
CH-DL-05-3,ST-DL-05,DL,2026-05-25,5,5,0,0,5
CH-SH-01-1,ST-SH-01,SH,2026-05-25,9,8,1,1,9
CH-SH-01-2,ST-SH-01,SH,2026-05-25,10,9,1,1,10
CH-SH-01-3,ST-SH-01,SH,2026-05-25,3,3,0,0,3
CH-SH-02-1,ST-SH-02,SH,2026-05-25,14,13,1,1,14
CH-SH-02-2,ST-SH-02,SH,2026-05-25,11,11,0,0,11
CH-SH-02-3,ST-SH-02,SH,2026-05-25,6,6,0,0,6
CH-SH-03-1,ST-SH-03,SH,2026-05-25,7,6,1,1,7
CH-SH-03-2,ST-SH-03,SH,2026-05-25,2,2,0,0,2
CH-SH-03-3,ST-SH-03,SH,2026-05-25,2,2,0,0,2
CH-SH-04-1,ST-SH-04,SH,2026-05-25,16,16,0,0,16
CH-SH-04-2,ST-SH-04,SH,2026-05-25,18,18,0,0,18
CH-SH-04-3,ST-SH-04,SH,2026-05-25,6,6,0,0,6
CH-SH-05-1,ST-SH-05,SH,2026-05-25,7,7,0,0,7
CH-SH-05-2,ST-SH-05,SH,2026-05-25,8,8,0,0,8
CH-SH-05-3,ST-SH-05,SH,2026-05-25,3,3,0,0,3
CH-SY-01-1,ST-SY-01,SY,2026-05-25,7,6,1,1,7
CH-SY-01-2,ST-SY-01,SY,2026-05-25,10,10,0,0,10
CH-SY-01-3,ST-SY-01,SY,2026-05-25,6,6,0,0,6
CH-SY-02-1,ST-SY-02,SY,2026-05-25,12,12,0,0,12
CH-SY-02-2,ST-SY-02,SY,2026-05-25,17,16,1,1,17
CH-SY-02-3,ST-SY-02,SY,2026-05-25,6,5,1,1,6
CH-SY-03-1,ST-SY-03,SY,2026-05-25,2,2,0,0,2
CH-SY-03-2,ST-SY-03,SY,2026-05-25,4,4,0,0,4
CH-SY-03-3,ST-SY-03,SY,2026-05-25,2,2,0,0,2
CH-SY-04-1,ST-SY-04,SY,2026-05-25,11,11,0,0,11
CH-SY-04-2,ST-SY-04,SY,2026-05-25,14,14,0,0,14
CH-SY-04-3,ST-SY-04,SY,2026-05-25,4,4,0,0,4
CH-SY-05-1,ST-SY-05,SY,2026-05-25,6,6,0,0,6
CH-SY-05-2,ST-SY-05,SY,2026-05-25,8,8,0,0,8
CH-SY-05-3,ST-SY-05,SY,2026-05-25,3,3,0,0,3
CH-SZ-01-1,ST-SZ-01,SZ,2026-05-25,8,8,0,0,8
CH-SZ-01-2,ST-SZ-01,SZ,2026-05-25,16,15,1,1,16
CH-SZ-01-3,ST-SZ-01,SZ,2026-05-25,4,4,0,0,4
CH-SZ-02-1,ST-SZ-02,SZ,2026-05-25,8,8,0,0,8
CH-SZ-02-2,ST-SZ-02,SZ,2026-05-25,10,10,0,0,10
CH-SZ-02-3,ST-SZ-02,SZ,2026-05-25,3,3,0,0,3
CH-SZ-03-1,ST-SZ-03,SZ,2026-05-25,6,5,1,1,6
CH-SZ-03-2,ST-SZ-03,SZ,2026-05-25,3,3,0,0,3
CH-SZ-03-3,ST-SZ-03,SZ,2026-05-25,3,3,0,0,3
CH-SZ-04-1,ST-SZ-04,SZ,2026-05-25,15,14,1,1,15
CH-SZ-04-2,ST-SZ-04,SZ,2026-05-25,19,19,0,0,18
CH-SZ-04-3,ST-SZ-04,SZ,2026-05-25,4,4,0,0,4
CH-SZ-05-1,ST-SZ-05,SZ,2026-05-25,11,10,1,1,11
CH-SZ-05-2,ST-SZ-05,SZ,2026-05-25,12,12,0,0,12
CH-SZ-05-3,ST-SZ-05,SZ,2026-05-25,4,4,0,0,4
CH-BJ-01-1,ST-BJ-01,BJ,2026-05-26,6,6,0,0,6
CH-BJ-01-2,ST-BJ-01,BJ,2026-05-26,10,10,0,0,10
CH-BJ-01-3,ST-BJ-01,BJ,2026-05-26,3,3,0,0,3
CH-BJ-02-1,ST-BJ-02,BJ,2026-05-26,12,12,0,0,12
CH-BJ-02-2,ST-BJ-02,BJ,2026-05-26,10,10,0,0,10
CH-BJ-02-3,ST-BJ-02,BJ,2026-05-26,3,3,0,0,3
CH-BJ-03-1,ST-BJ-03,BJ,2026-05-26,5,5,0,0,5
CH-BJ-03-2,ST-BJ-03,BJ,2026-05-26,2,2,0,0,2
CH-BJ-03-3,ST-BJ-03,BJ,2026-05-26,3,3,0,0,3
CH-BJ-04-1,ST-BJ-04,BJ,2026-05-26,14,12,2,1,14
CH-BJ-04-2,ST-BJ-04,BJ,2026-05-26,21,21,0,0,20
CH-BJ-04-3,ST-BJ-04,BJ,2026-05-26,4,4,0,0,4
CH-BJ-05-1,ST-BJ-05,BJ,2026-05-26,9,9,0,0,9
CH-BJ-05-2,ST-BJ-05,BJ,2026-05-26,10,9,1,1,10
CH-BJ-05-3,ST-BJ-05,BJ,2026-05-26,6,6,0,0,6
CH-DL-01-1,ST-DL-01,DL,2026-05-26,9,9,0,0,9
CH-DL-01-2,ST-DL-01,DL,2026-05-26,13,13,0,0,13
CH-DL-01-3,ST-DL-01,DL,2026-05-26,4,4,0,0,4
CH-DL-02-1,ST-DL-02,DL,2026-05-26,10,9,1,1,10
CH-DL-02-2,ST-DL-02,DL,2026-05-26,15,15,0,0,15
CH-DL-02-3,ST-DL-02,DL,2026-05-26,5,4,1,1,5
CH-DL-03-1,ST-DL-03,DL,2026-05-26,6,6,0,0,6
CH-DL-03-2,ST-DL-03,DL,2026-05-26,3,3,0,0,3
CH-DL-03-3,ST-DL-03,DL,2026-05-26,3,3,0,0,3
CH-DL-04-1,ST-DL-04,DL,2026-05-26,20,18,2,1,20
CH-DL-04-2,ST-DL-04,DL,2026-05-26,20,20,0,0,20
CH-DL-04-3,ST-DL-04,DL,2026-05-26,10,9,1,1,10
CH-DL-05-1,ST-DL-05,DL,2026-05-26,6,6,0,0,6
CH-DL-05-2,ST-DL-05,DL,2026-05-26,7,7,0,0,7
CH-DL-05-3,ST-DL-05,DL,2026-05-26,3,3,0,0,3
CH-SH-01-1,ST-SH-01,SH,2026-05-26,9,8,1,1,9
CH-SH-01-2,ST-SH-01,SH,2026-05-26,11,11,0,0,11
CH-SH-01-3,ST-SH-01,SH,2026-05-26,3,3,0,0,3
CH-SH-02-1,ST-SH-02,SH,2026-05-26,9,9,0,0,9
CH-SH-02-2,ST-SH-02,SH,2026-05-26,14,14,0,0,14
CH-SH-02-3,ST-SH-02,SH,2026-05-26,2,2,0,0,2
CH-SH-03-1,ST-SH-03,SH,2026-05-26,10,8,2,1,10
CH-SH-03-2,ST-SH-03,SH,2026-05-26,4,4,0,0,4
CH-SH-03-3,ST-SH-03,SH,2026-05-26,2,2,0,0,2
CH-SH-04-1,ST-SH-04,SH,2026-05-26,11,11,0,0,11
CH-SH-04-2,ST-SH-04,SH,2026-05-26,14,14,0,0,13
CH-SH-04-3,ST-SH-04,SH,2026-05-26,4,4,0,0,4
CH-SH-05-1,ST-SH-05,SH,2026-05-26,6,5,1,1,6
CH-SH-05-2,ST-SH-05,SH,2026-05-26,4,4,0,0,4
CH-SH-05-3,ST-SH-05,SH,2026-05-26,4,4,0,0,4
CH-SY-01-1,ST-SY-01,SY,2026-05-26,9,9,0,0,9
CH-SY-01-2,ST-SY-01,SY,2026-05-26,10,9,1,1,10
CH-SY-01-3,ST-SY-01,SY,2026-05-26,3,3,0,0,3
CH-SY-02-1,ST-SY-02,SY,2026-05-26,13,10,3,1,13
CH-SY-02-2,ST-SY-02,SY,2026-05-26,14,13,1,1,14
CH-SY-02-3,ST-SY-02,SY,2026-05-26,2,2,0,0,2
CH-SY-03-1,ST-SY-03,SY,2026-05-26,9,8,1,1,9
CH-SY-03-2,ST-SY-03,SY,2026-05-26,2,2,0,0,2
CH-SY-03-3,ST-SY-03,SY,2026-05-26,2,2,0,0,2
CH-SY-04-1,ST-SY-04,SY,2026-05-26,13,13,0,0,13
CH-SY-04-2,ST-SY-04,SY,2026-05-26,22,22,0,0,21
CH-SY-04-3,ST-SY-04,SY,2026-05-26,5,5,0,0,4
CH-SY-05-1,ST-SY-05,SY,2026-05-26,6,6,0,0,6
CH-SY-05-2,ST-SY-05,SY,2026-05-26,6,6,0,0,6
CH-SY-05-3,ST-SY-05,SY,2026-05-26,3,3,0,0,3
CH-SZ-01-1,ST-SZ-01,SZ,2026-05-26,10,7,3,1,10
CH-SZ-01-2,ST-SZ-01,SZ,2026-05-26,14,14,0,0,14
CH-SZ-01-3,ST-SZ-01,SZ,2026-05-26,3,3,0,0,3
CH-SZ-02-1,ST-SZ-02,SZ,2026-05-26,6,6,0,0,6
CH-SZ-02-2,ST-SZ-02,SZ,2026-05-26,11,11,0,0,11
CH-SZ-02-3,ST-SZ-02,SZ,2026-05-26,5,5,0,0,5
CH-SZ-03-1,ST-SZ-03,SZ,2026-05-26,8,7,1,1,8
CH-SZ-03-2,ST-SZ-03,SZ,2026-05-26,1,1,0,0,1
CH-SZ-03-3,ST-SZ-03,SZ,2026-05-26,3,3,0,0,3
CH-SZ-04-1,ST-SZ-04,SZ,2026-05-26,15,15,0,0,15
CH-SZ-04-2,ST-SZ-04,SZ,2026-05-26,18,17,1,1,18
CH-SZ-04-3,ST-SZ-04,SZ,2026-05-26,6,6,0,0,6
CH-SZ-05-1,ST-SZ-05,SZ,2026-05-26,3,3,0,0,3
CH-SZ-05-2,ST-SZ-05,SZ,2026-05-26,9,9,0,0,9
CH-SZ-05-3,ST-SZ-05,SZ,2026-05-26,3,3,0,0,3
CH-BJ-01-1,ST-BJ-01,BJ,2026-05-27,6,6,0,0,6
CH-BJ-01-2,ST-BJ-01,BJ,2026-05-27,9,9,0,0,9
CH-BJ-01-3,ST-BJ-01,BJ,2026-05-27,3,3,0,0,3
CH-BJ-02-1,ST-BJ-02,BJ,2026-05-27,11,9,2,1,11
CH-BJ-02-2,ST-BJ-02,BJ,2026-05-27,13,12,1,1,13
CH-BJ-02-3,ST-BJ-02,BJ,2026-05-27,4,4,0,0,4
CH-BJ-03-1,ST-BJ-03,BJ,2026-05-27,6,6,0,0,6
CH-BJ-03-2,ST-BJ-03,BJ,2026-05-27,2,2,0,0,2
CH-BJ-03-3,ST-BJ-03,BJ,2026-05-27,3,3,0,0,3
CH-BJ-04-1,ST-BJ-04,BJ,2026-05-27,13,13,0,0,13
CH-BJ-04-2,ST-BJ-04,BJ,2026-05-27,20,19,1,1,19
CH-BJ-04-3,ST-BJ-04,BJ,2026-05-27,3,3,0,0,3
CH-BJ-05-1,ST-BJ-05,BJ,2026-05-27,8,7,1,1,8
CH-BJ-05-2,ST-BJ-05,BJ,2026-05-27,10,10,0,0,10
CH-BJ-05-3,ST-BJ-05,BJ,2026-05-27,5,5,0,0,5
CH-DL-01-1,ST-DL-01,DL,2026-05-27,10,8,2,1,10
CH-DL-01-2,ST-DL-01,DL,2026-05-27,13,13,0,0,13
CH-DL-01-3,ST-DL-01,DL,2026-05-27,3,3,0,0,3
CH-DL-02-1,ST-DL-02,DL,2026-05-27,12,11,1,1,12
CH-DL-02-2,ST-DL-02,DL,2026-05-27,13,12,1,1,13
CH-DL-02-3,ST-DL-02,DL,2026-05-27,4,4,0,0,4
CH-DL-03-1,ST-DL-03,DL,2026-05-27,8,8,0,0,8
CH-DL-03-2,ST-DL-03,DL,2026-05-27,2,2,0,0,2
CH-DL-03-3,ST-DL-03,DL,2026-05-27,2,2,0,0,2
CH-DL-04-1,ST-DL-04,DL,2026-05-27,14,14,0,0,14
CH-DL-04-2,ST-DL-04,DL,2026-05-27,22,22,0,0,22
CH-DL-04-3,ST-DL-04,DL,2026-05-27,4,4,0,0,4
CH-DL-05-1,ST-DL-05,DL,2026-05-27,6,6,0,0,6
CH-DL-05-2,ST-DL-05,DL,2026-05-27,5,5,0,0,5
CH-DL-05-3,ST-DL-05,DL,2026-05-27,3,3,0,0,3
CH-SH-01-1,ST-SH-01,SH,2026-05-27,3,3,0,0,3
CH-SH-01-2,ST-SH-01,SH,2026-05-27,9,9,0,0,9
CH-SH-01-3,ST-SH-01,SH,2026-05-27,3,3,0,0,3
CH-SH-02-1,ST-SH-02,SH,2026-05-27,14,13,1,1,14
CH-SH-02-2,ST-SH-02,SH,2026-05-27,11,11,0,0,11
CH-SH-02-3,ST-SH-02,SH,2026-05-27,5,4,1,1,5
CH-SH-03-1,ST-SH-03,SH,2026-05-27,6,4,2,1,6
CH-SH-03-2,ST-SH-03,SH,2026-05-27,3,3,0,0,3
CH-SH-03-3,ST-SH-03,SH,2026-05-27,2,2,0,0,2
CH-SH-04-1,ST-SH-04,SH,2026-05-27,14,14,0,0,13
CH-SH-04-2,ST-SH-04,SH,2026-05-27,22,21,1,1,21
CH-SH-04-3,ST-SH-04,SH,2026-05-27,6,5,1,1,6
CH-SH-05-1,ST-SH-05,SH,2026-05-27,5,5,0,0,5
CH-SH-05-2,ST-SH-05,SH,2026-05-27,10,10,0,0,10
CH-SH-05-3,ST-SH-05,SH,2026-05-27,4,4,0,0,4
CH-SY-01-1,ST-SY-01,SY,2026-05-27,7,7,0,0,7
CH-SY-01-2,ST-SY-01,SY,2026-05-27,11,11,0,0,11
CH-SY-01-3,ST-SY-01,SY,2026-05-27,4,4,0,0,4
CH-SY-02-1,ST-SY-02,SY,2026-05-27,10,9,1,1,10
CH-SY-02-2,ST-SY-02,SY,2026-05-27,16,16,0,0,16
CH-SY-02-3,ST-SY-02,SY,2026-05-27,4,4,0,0,4
CH-SY-03-1,ST-SY-03,SY,2026-05-27,7,6,1,1,7
CH-SY-03-2,ST-SY-03,SY,2026-05-27,3,3,0,0,3
CH-SY-03-3,ST-SY-03,SY,2026-05-27,2,2,0,0,2
CH-SY-04-1,ST-SY-04,SY,2026-05-27,10,10,0,0,10
CH-SY-04-2,ST-SY-04,SY,2026-05-27,20,20,0,0,20
CH-SY-04-3,ST-SY-04,SY,2026-05-27,5,5,0,0,5
CH-SY-05-1,ST-SY-05,SY,2026-05-27,8,8,0,0,8
CH-SY-05-2,ST-SY-05,SY,2026-05-27,7,7,0,0,7
CH-SY-05-3,ST-SY-05,SY,2026-05-27,3,3,0,0,3
CH-SZ-01-1,ST-SZ-01,SZ,2026-05-27,10,10,0,0,10
CH-SZ-01-2,ST-SZ-01,SZ,2026-05-27,10,10,0,0,10
CH-SZ-01-3,ST-SZ-01,SZ,2026-05-27,4,4,0,0,4
CH-SZ-02-1,ST-SZ-02,SZ,2026-05-27,10,8,2,1,10
CH-SZ-02-2,ST-SZ-02,SZ,2026-05-27,16,16,0,0,16
CH-SZ-02-3,ST-SZ-02,SZ,2026-05-27,4,4,0,0,4
CH-SZ-03-1,ST-SZ-03,SZ,2026-05-27,6,6,0,0,6
CH-SZ-03-2,ST-SZ-03,SZ,2026-05-27,2,2,0,0,2
CH-SZ-03-3,ST-SZ-03,SZ,2026-05-27,2,2,0,0,2
CH-SZ-04-1,ST-SZ-04,SZ,2026-05-27,14,13,1,1,14
CH-SZ-04-2,ST-SZ-04,SZ,2026-05-27,12,12,0,0,12
CH-SZ-04-3,ST-SZ-04,SZ,2026-05-27,4,4,0,0,4
CH-SZ-05-1,ST-SZ-05,SZ,2026-05-27,5,5,0,0,5
CH-SZ-05-2,ST-SZ-05,SZ,2026-05-27,9,9,0,0,9
CH-SZ-05-3,ST-SZ-05,SZ,2026-05-27,4,4,0,0,4
CH-BJ-01-1,ST-BJ-01,BJ,2026-05-28,12,10,2,1,12
CH-BJ-01-2,ST-BJ-01,BJ,2026-05-28,7,7,0,0,7
CH-BJ-01-3,ST-BJ-01,BJ,2026-05-28,4,4,0,0,4
CH-BJ-02-1,ST-BJ-02,BJ,2026-05-28,11,9,2,1,11
CH-BJ-02-2,ST-BJ-02,BJ,2026-05-28,10,9,1,1,10
CH-BJ-02-3,ST-BJ-02,BJ,2026-05-28,4,4,0,0,4
CH-BJ-03-1,ST-BJ-03,BJ,2026-05-28,8,8,0,0,8
CH-BJ-03-2,ST-BJ-03,BJ,2026-05-28,3,3,0,0,3
CH-BJ-03-3,ST-BJ-03,BJ,2026-05-28,3,3,0,0,3
CH-BJ-04-1,ST-BJ-04,BJ,2026-05-28,19,19,0,0,19
CH-BJ-04-2,ST-BJ-04,BJ,2026-05-28,22,21,1,1,22
CH-BJ-04-3,ST-BJ-04,BJ,2026-05-28,5,5,0,0,5
CH-BJ-05-1,ST-BJ-05,BJ,2026-05-28,8,8,0,0,8
CH-BJ-05-2,ST-BJ-05,BJ,2026-05-28,10,10,0,0,10
CH-BJ-05-3,ST-BJ-05,BJ,2026-05-28,3,3,0,0,3
CH-DL-01-1,ST-DL-01,DL,2026-05-28,11,11,0,0,11
CH-DL-01-2,ST-DL-01,DL,2026-05-28,10,10,0,0,10
CH-DL-01-3,ST-DL-01,DL,2026-05-28,2,2,0,0,2
CH-DL-02-1,ST-DL-02,DL,2026-05-28,13,11,2,1,13
CH-DL-02-2,ST-DL-02,DL,2026-05-28,13,13,0,0,13
CH-DL-02-3,ST-DL-02,DL,2026-05-28,3,3,0,0,3
CH-DL-03-1,ST-DL-03,DL,2026-05-28,5,5,0,0,5
CH-DL-03-2,ST-DL-03,DL,2026-05-28,1,1,0,0,1
CH-DL-03-3,ST-DL-03,DL,2026-05-28,2,2,0,0,2
CH-DL-04-1,ST-DL-04,DL,2026-05-28,15,14,1,1,15
CH-DL-04-2,ST-DL-04,DL,2026-05-28,18,18,0,0,17
CH-DL-04-3,ST-DL-04,DL,2026-05-28,5,5,0,0,5
CH-DL-05-1,ST-DL-05,DL,2026-05-28,8,7,1,1,8
CH-DL-05-2,ST-DL-05,DL,2026-05-28,9,9,0,0,9
CH-DL-05-3,ST-DL-05,DL,2026-05-28,3,3,0,0,3
CH-SH-01-1,ST-SH-01,SH,2026-05-28,6,5,1,1,6
CH-SH-01-2,ST-SH-01,SH,2026-05-28,9,9,0,0,9
CH-SH-01-3,ST-SH-01,SH,2026-05-28,7,7,0,0,7
CH-SH-02-1,ST-SH-02,SH,2026-05-28,8,7,1,1,8
CH-SH-02-2,ST-SH-02,SH,2026-05-28,13,13,0,0,13
CH-SH-02-3,ST-SH-02,SH,2026-05-28,5,5,0,0,5
CH-SH-03-1,ST-SH-03,SH,2026-05-28,6,6,0,0,6
CH-SH-03-2,ST-SH-03,SH,2026-05-28,3,3,0,0,3
CH-SH-03-3,ST-SH-03,SH,2026-05-28,2,2,0,0,2
CH-SH-04-1,ST-SH-04,SH,2026-05-28,16,15,1,1,15
CH-SH-04-2,ST-SH-04,SH,2026-05-28,16,16,0,0,16
CH-SH-04-3,ST-SH-04,SH,2026-05-28,6,5,1,1,6
CH-SH-05-1,ST-SH-05,SH,2026-05-28,9,9,0,0,9
CH-SH-05-2,ST-SH-05,SH,2026-05-28,12,12,0,0,12
CH-SH-05-3,ST-SH-05,SH,2026-05-28,4,4,0,0,4
CH-SY-01-1,ST-SY-01,SY,2026-05-28,8,7,1,1,8
CH-SY-01-2,ST-SY-01,SY,2026-05-28,14,14,0,0,14
CH-SY-01-3,ST-SY-01,SY,2026-05-28,3,3,0,0,3
CH-SY-02-1,ST-SY-02,SY,2026-05-28,7,7,0,0,7
CH-SY-02-2,ST-SY-02,SY,2026-05-28,9,9,0,0,9
CH-SY-02-3,ST-SY-02,SY,2026-05-28,3,3,0,0,3
CH-SY-03-1,ST-SY-03,SY,2026-05-28,11,10,1,1,11
CH-SY-03-2,ST-SY-03,SY,2026-05-28,1,1,0,0,1
CH-SY-03-3,ST-SY-03,SY,2026-05-28,2,2,0,0,2
CH-SY-04-1,ST-SY-04,SY,2026-05-28,17,15,2,1,17
CH-SY-04-2,ST-SY-04,SY,2026-05-28,19,19,0,0,19
CH-SY-04-3,ST-SY-04,SY,2026-05-28,6,6,0,0,6
CH-SY-05-1,ST-SY-05,SY,2026-05-28,5,5,0,0,5
CH-SY-05-2,ST-SY-05,SY,2026-05-28,7,7,0,0,7
CH-SY-05-3,ST-SY-05,SY,2026-05-28,4,4,0,0,4
CH-SZ-01-1,ST-SZ-01,SZ,2026-05-28,9,9,0,0,9
CH-SZ-01-2,ST-SZ-01,SZ,2026-05-28,12,12,0,0,12
CH-SZ-01-3,ST-SZ-01,SZ,2026-05-28,4,4,0,0,4
CH-SZ-02-1,ST-SZ-02,SZ,2026-05-28,11,10,1,1,11
CH-SZ-02-2,ST-SZ-02,SZ,2026-05-28,11,11,0,0,11
CH-SZ-02-3,ST-SZ-02,SZ,2026-05-28,5,5,0,0,5
CH-SZ-03-1,ST-SZ-03,SZ,2026-05-28,4,4,0,0,4
CH-SZ-03-2,ST-SZ-03,SZ,2026-05-28,4,4,0,0,4
CH-SZ-03-3,ST-SZ-03,SZ,2026-05-28,4,4,0,0,4
CH-SZ-04-1,ST-SZ-04,SZ,2026-05-28,14,14,0,0,14
CH-SZ-04-2,ST-SZ-04,SZ,2026-05-28,22,21,1,1,22
CH-SZ-04-3,ST-SZ-04,SZ,2026-05-28,3,3,0,0,3
CH-SZ-05-1,ST-SZ-05,SZ,2026-05-28,7,7,0,0,7
CH-SZ-05-2,ST-SZ-05,SZ,2026-05-28,9,8,1,1,9
CH-SZ-05-3,ST-SZ-05,SZ,2026-05-28,4,4,0,0,4
CH-BJ-01-1,ST-BJ-01,BJ,2026-05-29,11,11,0,0,11
CH-BJ-01-2,ST-BJ-01,BJ,2026-05-29,12,12,0,0,12
CH-BJ-01-3,ST-BJ-01,BJ,2026-05-29,3,3,0,0,3
CH-BJ-02-1,ST-BJ-02,BJ,2026-05-29,10,10,0,0,10
CH-BJ-02-2,ST-BJ-02,BJ,2026-05-29,16,16,0,0,16
CH-BJ-02-3,ST-BJ-02,BJ,2026-05-29,6,6,0,0,6
CH-BJ-03-1,ST-BJ-03,BJ,2026-05-29,4,4,0,0,4
CH-BJ-03-2,ST-BJ-03,BJ,2026-05-29,2,2,0,0,2
CH-BJ-03-3,ST-BJ-03,BJ,2026-05-29,3,3,0,0,3
CH-BJ-04-1,ST-BJ-04,BJ,2026-05-29,14,14,0,0,14
CH-BJ-04-2,ST-BJ-04,BJ,2026-05-29,18,18,0,0,18
CH-BJ-04-3,ST-BJ-04,BJ,2026-05-29,4,4,0,0,4
CH-BJ-05-1,ST-BJ-05,BJ,2026-05-29,8,7,1,1,8
CH-BJ-05-2,ST-BJ-05,BJ,2026-05-29,12,12,0,0,12
CH-BJ-05-3,ST-BJ-05,BJ,2026-05-29,5,5,0,0,5
CH-DL-01-1,ST-DL-01,DL,2026-05-29,11,11,0,0,11
CH-DL-01-2,ST-DL-01,DL,2026-05-29,12,12,0,0,12
CH-DL-01-3,ST-DL-01,DL,2026-05-29,2,2,0,0,2
CH-DL-02-1,ST-DL-02,DL,2026-05-29,9,9,0,0,9
CH-DL-02-2,ST-DL-02,DL,2026-05-29,15,15,0,0,15
CH-DL-02-3,ST-DL-02,DL,2026-05-29,3,3,0,0,3
CH-DL-03-1,ST-DL-03,DL,2026-05-29,4,3,1,1,4
CH-DL-03-2,ST-DL-03,DL,2026-05-29,1,1,0,0,1
CH-DL-03-3,ST-DL-03,DL,2026-05-29,3,3,0,0,3
CH-DL-04-1,ST-DL-04,DL,2026-05-29,16,15,1,1,15
CH-DL-04-2,ST-DL-04,DL,2026-05-29,21,21,0,0,21
CH-DL-04-3,ST-DL-04,DL,2026-05-29,5,5,0,0,5
CH-DL-05-1,ST-DL-05,DL,2026-05-29,12,11,1,1,12
CH-DL-05-2,ST-DL-05,DL,2026-05-29,7,7,0,0,7
CH-DL-05-3,ST-DL-05,DL,2026-05-29,3,3,0,0,3
CH-SH-01-1,ST-SH-01,SH,2026-05-29,6,6,0,0,6
CH-SH-01-2,ST-SH-01,SH,2026-05-29,14,13,1,1,14
CH-SH-01-3,ST-SH-01,SH,2026-05-29,5,5,0,0,5
CH-SH-02-1,ST-SH-02,SH,2026-05-29,6,6,0,0,6
CH-SH-02-2,ST-SH-02,SH,2026-05-29,16,16,0,0,16
CH-SH-02-3,ST-SH-02,SH,2026-05-29,4,3,1,1,4
CH-SH-03-1,ST-SH-03,SH,2026-05-29,7,6,1,1,7
CH-SH-03-2,ST-SH-03,SH,2026-05-29,2,2,0,0,2
CH-SH-03-3,ST-SH-03,SH,2026-05-29,4,4,0,0,4
CH-SH-04-1,ST-SH-04,SH,2026-05-29,11,10,1,1,10
CH-SH-04-2,ST-SH-04,SH,2026-05-29,12,11,1,1,12
CH-SH-04-3,ST-SH-04,SH,2026-05-29,4,4,0,0,4
CH-SH-05-1,ST-SH-05,SH,2026-05-29,6,5,1,1,6
CH-SH-05-2,ST-SH-05,SH,2026-05-29,14,13,1,1,14
CH-SH-05-3,ST-SH-05,SH,2026-05-29,3,3,0,0,3
CH-SY-01-1,ST-SY-01,SY,2026-05-29,10,10,0,0,10
CH-SY-01-2,ST-SY-01,SY,2026-05-29,9,9,0,0,9
CH-SY-01-3,ST-SY-01,SY,2026-05-29,4,4,0,0,4
CH-SY-02-1,ST-SY-02,SY,2026-05-29,16,16,0,0,16
CH-SY-02-2,ST-SY-02,SY,2026-05-29,22,20,2,1,22
CH-SY-02-3,ST-SY-02,SY,2026-05-29,5,5,0,0,5
CH-SY-03-1,ST-SY-03,SY,2026-05-29,6,6,0,0,6
CH-SY-03-2,ST-SY-03,SY,2026-05-29,4,4,0,0,4
CH-SY-03-3,ST-SY-03,SY,2026-05-29,3,3,0,0,3
CH-SY-04-1,ST-SY-04,SY,2026-05-29,10,9,1,1,10
CH-SY-04-2,ST-SY-04,SY,2026-05-29,17,17,0,0,16
CH-SY-04-3,ST-SY-04,SY,2026-05-29,3,3,0,0,3
CH-SY-05-1,ST-SY-05,SY,2026-05-29,8,7,1,1,8
CH-SY-05-2,ST-SY-05,SY,2026-05-29,8,7,1,1,8
CH-SY-05-3,ST-SY-05,SY,2026-05-29,4,4,0,0,4
CH-SZ-01-1,ST-SZ-01,SZ,2026-05-29,7,7,0,0,7
CH-SZ-01-2,ST-SZ-01,SZ,2026-05-29,13,13,0,0,13
CH-SZ-01-3,ST-SZ-01,SZ,2026-05-29,4,4,0,0,4
CH-SZ-02-1,ST-SZ-02,SZ,2026-05-29,12,12,0,0,12
CH-SZ-02-2,ST-SZ-02,SZ,2026-05-29,12,12,0,0,12
CH-SZ-02-3,ST-SZ-02,SZ,2026-05-29,4,4,0,0,4
CH-SZ-03-1,ST-SZ-03,SZ,2026-05-29,7,7,0,0,7
CH-SZ-03-2,ST-SZ-03,SZ,2026-05-29,3,3,0,0,3
CH-SZ-03-3,ST-SZ-03,SZ,2026-05-29,2,2,0,0,2
CH-SZ-04-1,ST-SZ-04,SZ,2026-05-29,14,14,0,0,14
CH-SZ-04-2,ST-SZ-04,SZ,2026-05-29,19,19,0,0,19
CH-SZ-04-3,ST-SZ-04,SZ,2026-05-29,5,5,0,0,5
CH-SZ-05-1,ST-SZ-05,SZ,2026-05-29,6,6,0,0,6
CH-SZ-05-2,ST-SZ-05,SZ,2026-05-29,8,8,0,0,8
CH-SZ-05-3,ST-SZ-05,SZ,2026-05-29,3,3,0,0,3
